month,Program,Category,from_step,from_channel,to_step,to_channel,claim_count,paid_amount,overpayment_identified
202606,Medicare,Clinical DRG,Audit,Field Audit,Finding,No Finding,13,99229,0
202601,Commercial,Clinical DRG,Approval,Approved,Audit,Desk Audit,11,37301,0
202602,Commercial,Clinical DRG,Approval,Approved,Audit,Field Audit,47,285008,0
202604,Medicare,Data Mining,Approval,Approved,Audit,Automated Review,6,46896,0
202602,Commercial,Data Mining,Initial Selection,Query,Final Selection,Clinical Review,66,287562,0
202601,Medicare,Data Mining,Inflow,Hotline,Inscope,Out of Scope,192,723072,0
202601,Commercial,Data Mining,Approval,Approved,Audit,Automated Review,23,51635,0
202605,Medicaid,Coordination of Benefits,Approval,Approved,Audit,Field Audit,6,42102,0
202602,Medicaid,Clinical DRG,Inscope,In Scope,Initial Selection,Manual,112,762384,0
202603,Medicare,Coordination of Benefits,Initial Selection,Manual,Final Selection,Coding Review,68,630564,0
202606,Commercial,Clinical DRG,Approval,Approved,Audit,Field Audit,20,58760,0
202604,Medicaid,Coordination of Benefits,Audit,Automated Review,Finding,No Finding,30,127680,0
202601,Medicare,Clinical DRG,Initial Selection,Query,Final Selection,Clinical Review,34,308720,0
202605,Commercial,Coordination of Benefits,Inscope,In Scope,Initial Selection,Manual,110,589380,0
202602,Medicaid,Technical/Coding,Inscope,In Scope,Initial Selection,Query,97,868538,0
202605,Medicaid,Coordination of Benefits,Inscope,In Scope,Initial Selection,Query,29,225939,0
202601,Medicare,Technical/Coding,Audit,Desk Audit,Finding,No Finding,28,181580,0
202601,Medicaid,Data Mining,Approval,Approved,Audit,Field Audit,33,285483,0
202601,Commercial,Clinical DRG,Audit,Automated Review,Finding,No Finding,42,287700,0
202603,Medicare,Coordination of Benefits,Final Selection,Clinical Review,Approval,Approved,55,482570,0
202606,Medicaid,Technical/Coding,Approval,Approved,Audit,Automated Review,22,186868,0
202606,Commercial,Technical/Coding,Inscope,In Scope,Initial Selection,Query,113,1063443,0
202605,Medicare,Coordination of Benefits,Final Selection,Clinical Review,Approval,Approved,31,272738,0
202603,Medicare,Clinical DRG,Inscope,In Scope,Initial Selection,Manual,138,1143192,0
202601,Commercial,Technical/Coding,Inscope,In Scope,Initial Selection,Experimental,46,173466,0
202605,Commercial,Data Mining,Inscope,In Scope,Initial Selection,Query,80,568160,0
202606,Medicaid,Data Mining,Approval,Approved,Audit,Desk Audit,16,33984,0
202603,Medicare,Technical/Coding,Approval,Approved,Audit,Desk Audit,53,358757,0
202601,Medicare,Clinical DRG,Inflow,Hotline,Inscope,In Scope,109,423029,0
202606,Medicaid,Technical/Coding,Approval,Approved,Audit,Automated Review,37,233840,0
202604,Medicare,Data Mining,Final Selection,Clinical Review,Approval,Approved,56,287336,0
202603,Medicaid,Data Mining,Final Selection,Clinical Review,Approval,Approved,47,113082,0
202601,Medicaid,Coordination of Benefits,Inflow,Data Mining,Inscope,In Scope,136,717400,0
202602,Medicaid,Technical/Coding,Initial Selection,Query,Final Selection,Clinical Review,15,78450,0
202605,Medicare,Clinical DRG,Audit,Automated Review,Finding,No Finding,11,101068,0
202602,Medicare,Data Mining,Final Selection,Coding Review,Approval,Approved,36,323712,0
202601,Medicare,Data Mining,Inflow,Random Sample,Inscope,In Scope,241,1935471,0
202604,Medicaid,Data Mining,Audit,Automated Review,Finding,Documentation Error,27,189594,0
202606,Medicaid,Technical/Coding,Inscope,In Scope,Initial Selection,Manual,28,177632,0
202606,Commercial,Clinical DRG,Audit,Field Audit,Finding,Overpayment,33,181665,32803
202605,Medicare,Clinical DRG,Approval,Approved,Audit,Automated Review,11,71214,0
202601,Commercial,Technical/Coding,Final Selection,Clinical Review,Approval,Pending,44,159104,0
202605,Commercial,Clinical DRG,Approval,Approved,Audit,Desk Audit,40,249200,0
202605,Medicaid,Coordination of Benefits,Inscope,In Scope,Initial Selection,Manual,76,203072,0
202606,Commercial,Coordination of Benefits,Final Selection,Coding Review,Approval,Pending,9,15084,0
202604,Commercial,Clinical DRG,Inflow,Data Mining,Inscope,In Scope,61,563945,0
202603,Medicare,Technical/Coding,Initial Selection,Query,Final Selection,Clinical Review,95,574750,0
202606,Medicaid,Clinical DRG,Audit,Automated Review,Finding,No Finding,38,93024,0
202602,Medicaid,Clinical DRG,Inflow,Data Mining,Inscope,In Scope,197,655025,0
202606,Medicaid,Technical/Coding,Audit,Automated Review,Finding,Documentation Error,27,151254,0
202603,Medicare,Clinical DRG,Audit,Field Audit,Finding,No Finding,8,13032,0
202603,Medicare,Coordination of Benefits,Inscope,In Scope,Initial Selection,Query,95,588430,0
202601,Medicare,Clinical DRG,Audit,Desk Audit,Finding,No Finding,55,254320,0
202605,Commercial,Technical/Coding,Final Selection,Clinical Review,Approval,Approved,30,268920,0
202601,Medicaid,Technical/Coding,Audit,Desk Audit,Finding,No Finding,20,159800,0
202605,Medicaid,Technical/Coding,Inscope,In Scope,Initial Selection,Experimental,168,512400,0
202604,Medicare,Technical/Coding,Audit,Field Audit,Finding,No Finding,27,220617,0
202606,Commercial,Technical/Coding,Initial Selection,Manual,Final Selection,Coding Review,17,80461,0
202601,Medicaid,Technical/Coding,Inscope,In Scope,Initial Selection,Manual,170,1379550,0
202602,Medicare,Clinical DRG,Audit,Desk Audit,Finding,No Finding,22,190960,0
202601,Medicaid,Coordination of Benefits,Audit,Automated Review,Finding,No Finding,36,215712,0
202603,Medicare,Clinical DRG,Initial Selection,Manual,Final Selection,Clinical Review,40,76520,0
202601,Commercial,Data Mining,Initial Selection,Experimental,Final Selection,Coding Review,40,262640,0
202605,Medicare,Data Mining,Approval,Approved,Audit,Desk Audit,48,248256,0
202601,Commercial,Technical/Coding,Initial Selection,Query,Final Selection,Clinical Review,64,585088,0
202603,Commercial,Coordination of Benefits,Audit,Desk Audit,Finding,No Finding,14,80556,0
202603,Commercial,Data Mining,Initial Selection,Query,Final Selection,Coding Review,49,129458,0
202602,Medicaid,Data Mining,Audit,Automated Review,Finding,Documentation Error,30,187860,0
202603,Medicaid,Clinical DRG,Initial Selection,Query,Final Selection,Clinical Review,84,533484,0
202605,Commercial,Coordination of Benefits,Final Selection,Coding Review,Approval,Approved,17,98379,0
202604,Commercial,Technical/Coding,Audit,Desk Audit,Finding,No Finding,33,223905,0
202605,Medicaid,Clinical DRG,Inscope,In Scope,Initial Selection,Manual,59,165613,0
202601,Medicare,Technical/Coding,Final Selection,Clinical Review,Approval,Approved,59,372585,0
202602,Commercial,Data Mining,Final Selection,Coding Review,Approval,Approved,45,325485,0
202601,Medicare,Data Mining,Inscope,In Scope,Initial Selection,Experimental,157,917351,0
202604,Medicare,Technical/Coding,Inflow,Random Sample,Inscope,In Scope,168,1187424,0
202605,Commercial,Coordination of Benefits,Final Selection,Coding Review,Approval,Rejected,36,189072,0
202602,Commercial,Data Mining,Final Selection,Coding Review,Approval,Approved,57,388911,0
202603,Commercial,Data Mining,Audit,Desk Audit,Finding,No Finding,6,44670,0
202603,Medicare,Coordination of Benefits,Initial Selection,Query,Final Selection,Coding Review,15,40995,0
202602,Medicare,Data Mining,Audit,Desk Audit,Finding,No Finding,7,34986,0
202604,Medicaid,Data Mining,Final Selection,Clinical Review,Approval,Approved,32,153280,0
202605,Commercial,Clinical DRG,Approval,Approved,Audit,Desk Audit,26,105196,0
202604,Medicaid,Technical/Coding,Final Selection,Clinical Review,Approval,Approved,40,73480,0
202604,Medicaid,Data Mining,Audit,Desk Audit,Finding,No Finding,9,60273,0
202605,Medicare,Data Mining,Approval,Approved,Audit,Desk Audit,31,84041,0
202604,Medicare,Clinical DRG,Initial Selection,Query,Final Selection,Clinical Review,61,260897,0
202603,Medicaid,Coordination of Benefits,Final Selection,Coding Review,Approval,Rejected,33,58014,0
202606,Commercial,Clinical DRG,Initial Selection,Manual,Final Selection,Coding Review,80,755360,0
202606,Medicare,Clinical DRG,Inscope,In Scope,Initial Selection,Experimental,170,484160,0
202602,Medicare,Data Mining,Audit,Desk Audit,Finding,No Finding,15,81135,0
202606,Medicaid,Coordination of Benefits,Inscope,In Scope,Initial Selection,Query,40,165920,0
202601,Commercial,Clinical DRG,Initial Selection,Experimental,Final Selection,Coding Review,43,208507,0
202606,Medicare,Clinical DRG,Approval,Approved,Audit,Desk Audit,62,252340,0
202606,Commercial,Clinical DRG,Approval,Approved,Audit,Desk Audit,31,217589,0
202603,Medicare,Coordination of Benefits,Inflow,Random Sample,Inscope,Out of Scope,51,262701,0
202603,Commercial,Data Mining,Audit,Desk Audit,Finding,No Finding,33,193842,0
202606,Medicaid,Data Mining,Final Selection,Coding Review,Approval,Rejected,43,163314,0
202603,Medicare,Clinical DRG,Initial Selection,Query,Final Selection,Clinical Review,62,388616,0
202605,Commercial,Data Mining,Initial Selection,Manual,Final Selection,Clinical Review,32,98848,0
202604,Medicare,Coordination of Benefits,Initial Selection,Query,Final Selection,Clinical Review,59,433296,0
202603,Commercial,Clinical DRG,Approval,Approved,Audit,Desk Audit,48,236592,0
202604,Commercial,Technical/Coding,Audit,Field Audit,Finding,No Finding,26,137046,0
202601,Medicare,Coordination of Benefits,Inscope,In Scope,Initial Selection,Query,73,513847,0
202605,Medicaid,Data Mining,Approval,Approved,Audit,Desk Audit,43,262644,0
202603,Medicaid,Data Mining,Initial Selection,Query,Final Selection,Clinical Review,17,127636,0
202602,Medicaid,Clinical DRG,Audit,Automated Review,Finding,Documentation Error,39,121524,0
202602,Medicare,Data Mining,Initial Selection,Experimental,Final Selection,Coding Review,80,471760,0
202605,Medicaid,Clinical DRG,Inscope,In Scope,Initial Selection,Manual,55,224180,0
202601,Commercial,Technical/Coding,Initial Selection,Manual,Final Selection,Coding Review,54,215622,0
202606,Medicare,Data Mining,Inflow,Provider Referral,Inscope,In Scope,155,855755,0
202604,Medicaid,Technical/Coding,Inflow,Hotline,Inscope,Out of Scope,148,375032,0
202601,Medicaid,Data Mining,Inflow,Provider Referral,Inscope,In Scope,213,1322730,0
202603,Medicare,Technical/Coding,Inflow,Random Sample,Inscope,In Scope,266,1773156,0
202602,Commercial,Data Mining,Final Selection,Coding Review,Approval,Approved,41,209592,0
202603,Commercial,Clinical DRG,Approval,Approved,Audit,Automated Review,18,121032,0
202602,Medicaid,Clinical DRG,Inscope,In Scope,Initial Selection,Manual,34,97988,0
202601,Medicaid,Data Mining,Audit,Automated Review,Finding,No Finding,5,17480,0
202603,Commercial,Coordination of Benefits,Audit,Field Audit,Finding,Overpayment,12,110016,14622
202606,Commercial,Technical/Coding,Final Selection,Clinical Review,Approval,Approved,49,138180,0
202603,Medicare,Clinical DRG,Inflow,Data Mining,Inscope,In Scope,227,1755845,0
202605,Medicaid,Data Mining,Inflow,Random Sample,Inscope,In Scope,188,920636,0
202603,Commercial,Data Mining,Final Selection,Clinical Review,Approval,Approved,32,243744,0
202603,Commercial,Coordination of Benefits,Inflow,Provider Referral,Inscope,In Scope,159,1343232,0
202605,Commercial,Clinical DRG,Audit,Field Audit,Finding,No Finding,41,319595,0
202602,Medicaid,Data Mining,Initial Selection,Manual,Final Selection,Coding Review,42,285600,0
202604,Medicare,Data Mining,Initial Selection,Query,Final Selection,Clinical Review,71,174376,0
202602,Medicaid,Data Mining,Audit,Field Audit,Finding,No Finding,21,173544,0
202605,Medicare,Data Mining,Inflow,Hotline,Inscope,In Scope,58,459824,0
202604,Commercial,Clinical DRG,Audit,Automated Review,Finding,No Finding,7,21952,0
202605,Medicaid,Data Mining,Audit,Field Audit,Finding,No Finding,12,45444,0
202605,Medicare,Coordination of Benefits,Final Selection,Coding Review,Approval,Approved,49,322763,0
202602,Commercial,Technical/Coding,Initial Selection,Experimental,Final Selection,Clinical Review,42,99246,0
202602,Medicare,Data Mining,Inflow,Data Mining,Inscope,In Scope,223,889770,0
202605,Commercial,Coordination of Benefits,Final Selection,Coding Review,Approval,Pending,19,101479,0
202605,Medicare,Data Mining,Inscope,In Scope,Initial Selection,Experimental,73,578817,0
202604,Medicaid,Coordination of Benefits,Inflow,Hotline,Inscope,In Scope,201,1288008,0
202605,Commercial,Data Mining,Inscope,In Scope,Initial Selection,Query,71,306933,0
202605,Commercial,Data Mining,Final Selection,Coding Review,Approval,Rejected,48,170688,0
202605,Medicaid,Technical/Coding,Final Selection,Clinical Review,Approval,Approved,39,287703,0
202604,Medicaid,Technical/Coding,Final Selection,Clinical Review,Approval,Approved,47,202993,0
202601,Medicaid,Clinical DRG,Approval,Approved,Audit,Desk Audit,14,69412,0
202606,Medicare,Clinical DRG,Final Selection,Coding Review,Approval,Approved,70,339920,0
202606,Medicare,Coordination of Benefits,Audit,Automated Review,Finding,No Finding,18,121212,0
202606,Medicaid,Clinical DRG,Approval,Approved,Audit,Desk Audit,48,438912,0
202603,Medicare,Clinical DRG,Final Selection,Clinical Review,Approval,Approved,71,621108,0
202601,Medicaid,Technical/Coding,Audit,Field Audit,Finding,Documentation Error,6,25542,0
202601,Medicaid,Coordination of Benefits,Initial Selection,Query,Final Selection,Clinical Review,45,223875,0
202605,Commercial,Technical/Coding,Inscope,In Scope,Initial Selection,Manual,84,560784,0
202606,Medicare,Data Mining,Approval,Approved,Audit,Desk Audit,44,161920,0
202604,Medicaid,Clinical DRG,Final Selection,Coding Review,Approval,Approved,19,41895,0
202604,Medicaid,Coordination of Benefits,Audit,Field Audit,Finding,No Finding,21,179004,0
202603,Medicare,Data Mining,Final Selection,Clinical Review,Approval,Approved,49,222460,0
202605,Medicaid,Coordination of Benefits,Inflow,Random Sample,Inscope,In Scope,142,1233412,0
202606,Commercial,Clinical DRG,Approval,Approved,Audit,Automated Review,22,174988,0
202602,Commercial,Coordination of Benefits,Inscope,In Scope,Initial Selection,Query,115,895735,0
202606,Commercial,Technical/Coding,Audit,Desk Audit,Finding,Documentation Error,33,63426,0
202603,Medicaid,Clinical DRG,Approval,Approved,Audit,Automated Review,11,99561,0
202603,Medicaid,Data Mining,Inscope,In Scope,Initial Selection,Manual,108,948132,0
202603,Commercial,Coordination of Benefits,Inscope,In Scope,Initial Selection,Experimental,86,705716,0
202603,Commercial,Coordination of Benefits,Inflow,Random Sample,Inscope,Out of Scope,49,381122,0
202602,Commercial,Data Mining,Approval,Approved,Audit,Desk Audit,24,41136,0
202603,Commercial,Clinical DRG,Final Selection,Coding Review,Approval,Approved,56,209832,0
202605,Medicaid,Coordination of Benefits,Inflow,Data Mining,Inscope,In Scope,154,1361822,0
202605,Medicaid,Technical/Coding,Audit,Desk Audit,Finding,No Finding,25,226225,0
202606,Medicaid,Data Mining,Inflow,Data Mining,Inscope,In Scope,31,126883,0
202604,Medicare,Clinical DRG,Inscope,In Scope,Initial Selection,Manual,110,780120,0
202606,Commercial,Data Mining,Approval,Approved,Audit,Automated Review,37,89207,0
202604,Commercial,Data Mining,Initial Selection,Manual,Final Selection,Coding Review,24,125568,0
202604,Medicare,Coordination of Benefits,Inflow,Hotline,Inscope,In Scope,187,848606,0
202601,Medicaid,Coordination of Benefits,Inscope,In Scope,Initial Selection,Experimental,142,756150,0
202601,Commercial,Technical/Coding,Audit,Automated Review,Finding,No Finding,5,10070,0
202603,Medicare,Technical/Coding,Approval,Approved,Audit,Desk Audit,56,343840,0
202602,Commercial,Technical/Coding,Inscope,In Scope,Initial Selection,Query,157,1409389,0
202605,Medicare,Coordination of Benefits,Inscope,In Scope,Initial Selection,Query,162,490698,0
202601,Commercial,Clinical DRG,Inscope,In Scope,Initial Selection,Manual,172,610428,0
202605,Medicaid,Clinical DRG,Inscope,In Scope,Initial Selection,Manual,170,858160,0
202605,Medicare,Clinical DRG,Final Selection,Coding Review,Approval,Approved,54,349002,0
202601,Medicaid,Technical/Coding,Approval,Approved,Audit,Automated Review,42,246582,0
202603,Medicaid,Clinical DRG,Inflow,Random Sample,Inscope,Out of Scope,147,1061340,0
202601,Medicaid,Data Mining,Inflow,Provider Referral,Inscope,In Scope,57,121866,0
202602,Medicaid,Coordination of Benefits,Final Selection,Coding Review,Approval,Approved,40,204960,0
202601,Commercial,Clinical DRG,Audit,Automated Review,Finding,Documentation Error,31,232655,0
202602,Medicaid,Data Mining,Inscope,In Scope,Initial Selection,Manual,93,452538,0
202604,Commercial,Clinical DRG,Initial Selection,Query,Final Selection,Clinical Review,32,149312,0
202602,Commercial,Data Mining,Inflow,Provider Referral,Inscope,Out of Scope,42,215754,0
202601,Commercial,Coordination of Benefits,Inscope,In Scope,Initial Selection,Query,97,601497,0
202603,Commercial,Clinical DRG,Final Selection,Coding Review,Approval,Rejected,61,308904,0
202606,Medicare,Coordination of Benefits,Approval,Approved,Audit,Desk Audit,37,212972,0
202602,Medicare,Data Mining,Inscope,In Scope,Initial Selection,Manual,129,594819,0
202601,Medicaid,Technical/Coding,Final Selection,Clinical Review,Approval,Approved,52,436488,0
202606,Medicaid,Clinical DRG,Inscope,In Scope,Initial Selection,Query,82,750218,0
202603,Medicaid,Clinical DRG,Inscope,In Scope,Initial Selection,Query,100,217000,0
202602,Commercial,Clinical DRG,Inflow,Data Mining,Inscope,In Scope,149,654408,0
202602,Medicaid,Coordination of Benefits,Audit,Field Audit,Finding,No Finding,25,162100,0
202601,Medicare,Technical/Coding,Inscope,In Scope,Initial Selection,Query,79,413091,0
202606,Medicaid,Data Mining,Approval,Approved,Audit,Desk Audit,16,124544,0
202605,Medicare,Coordination of Benefits,Final Selection,Clinical Review,Approval,Approved,52,335816,0
202604,Commercial,Coordination of Benefits,Inflow,Data Mining,Inscope,In Scope,144,294912,0
202601,Medicare,Coordination of Benefits,Inscope,In Scope,Initial Selection,Query,70,300090,0
202601,Medicare,Data Mining,Audit,Field Audit,Finding,Overpayment,23,137126,30268
202605,Commercial,Coordination of Benefits,Inflow,Random Sample,Inscope,Out of Scope,28,144844,0
202601,Medicaid,Clinical DRG,Initial Selection,Experimental,Final Selection,Clinical Review,48,355776,0
202606,Medicaid,Coordination of Benefits,Inflow,Random Sample,Inscope,In Scope,91,273637,0
202605,Medicaid,Coordination of Benefits,Inflow,Random Sample,Inscope,Out of Scope,73,377337,0
202605,Medicaid,Clinical DRG,Final Selection,Coding Review,Approval,Approved,24,103872,0
202602,Medicare,Clinical DRG,Approval,Approved,Audit,Automated Review,32,143232,0
202606,Commercial,Technical/Coding,Inscope,In Scope,Initial Selection,Manual,52,157092,0
202605,Medicare,Clinical DRG,Inscope,In Scope,Initial Selection,Query,156,1220544,0
202605,Medicaid,Coordination of Benefits,Audit,Field Audit,Finding,Overpayment,6,32646,5498
202603,Medicaid,Clinical DRG,Initial Selection,Experimental,Final Selection,Clinical Review,53,281006,0
202601,Medicare,Coordination of Benefits,Initial Selection,Manual,Final Selection,Coding Review,16,106208,0
202605,Commercial,Data Mining,Final Selection,Clinical Review,Approval,Approved,55,345565,0
202606,Medicare,Coordination of Benefits,Approval,Approved,Audit,Field Audit,8,42320,0
202601,Medicaid,Clinical DRG,Approval,Approved,Audit,Desk Audit,50,259300,0
202604,Commercial,Technical/Coding,Initial Selection,Query,Final Selection,Coding Review,40,197920,0
202603,Commercial,Clinical DRG,Audit,Automated Review,Finding,No Finding,20,47480,0
202605,Commercial,Data Mining,Initial Selection,Query,Final Selection,Coding Review,57,541500,0
202605,Medicare,Coordination of Benefits,Inflow,Data Mining,Inscope,Out of Scope,102,711348,0
202606,Commercial,Data Mining,Inscope,In Scope,Initial Selection,Manual,76,522196,0
202603,Medicare,Clinical DRG,Audit,Automated Review,Finding,No Finding,27,47223,0
202603,Medicaid,Technical/Coding,Inscope,In Scope,Initial Selection,Experimental,108,342576,0
202602,Medicare,Technical/Coding,Inflow,Hotline,Inscope,Out of Scope,58,333964,0
202605,Commercial,Clinical DRG,Audit,Field Audit,Finding,Documentation Error,34,90882,0
202605,Medicaid,Technical/Coding,Inscope,In Scope,Initial Selection,Experimental,161,1081437,0
202602,Commercial,Data Mining,Inflow,Random Sample,Inscope,In Scope,184,652280,0
202604,Commercial,Coordination of Benefits,Audit,Field Audit,Finding,Overpayment,12,49620,13552
202604,Medicare,Coordination of Benefits,Audit,Automated Review,Finding,Documentation Error,25,197575,0
202603,Medicaid,Data Mining,Inscope,In Scope,Initial Selection,Experimental,39,341289,0
202603,Medicare,Data Mining,Initial Selection,Experimental,Final Selection,Coding Review,75,639675,0
202605,Medicare,Coordination of Benefits,Inflow,Data Mining,Inscope,In Scope,153,429471,0
202604,Medicare,Technical/Coding,Final Selection,Coding Review,Approval,Pending,41,83476,0
202604,Commercial,Coordination of Benefits,Inscope,In Scope,Initial Selection,Experimental,69,237291,0
202601,Medicaid,Clinical DRG,Audit,Automated Review,Finding,No Finding,12,32724,0
202601,Medicaid,Data Mining,Audit,Desk Audit,Finding,No Finding,24,126576,0
202605,Medicare,Clinical DRG,Inflow,Hotline,Inscope,In Scope,81,493695,0
202606,Commercial,Data Mining,Inflow,Hotline,Inscope,In Scope,49,97559,0
202602,Medicaid,Data Mining,Inflow,Provider Referral,Inscope,Out of Scope,140,908320,0
202605,Medicare,Technical/Coding,Audit,Desk Audit,Finding,No Finding,5,33180,0
202603,Medicare,Data Mining,Inscope,In Scope,Initial Selection,Query,90,193860,0
202605,Commercial,Clinical DRG,Final Selection,Coding Review,Approval,Approved,35,163030,0
202603,Commercial,Clinical DRG,Initial Selection,Manual,Final Selection,Clinical Review,76,530632,0
202606,Medicare,Coordination of Benefits,Inscope,In Scope,Initial Selection,Manual,78,644592,0
202606,Medicare,Data Mining,Audit,Field Audit,Finding,No Finding,44,118976,0
202601,Commercial,Data Mining,Inflow,Hotline,Inscope,In Scope,200,646800,0
202601,Medicaid,Coordination of Benefits,Approval,Approved,Audit,Automated Review,30,164340,0
202603,Medicare,Technical/Coding,Initial Selection,Query,Final Selection,Coding Review,14,121688,0
202606,Medicaid,Coordination of Benefits,Inflow,Hotline,Inscope,In Scope,107,822723,0
202604,Medicaid,Coordination of Benefits,Inscope,In Scope,Initial Selection,Query,72,660312,0
202605,Medicaid,Clinical DRG,Audit,Field Audit,Finding,Overpayment,35,291760,33870
202603,Medicaid,Clinical DRG,Inflow,Hotline,Inscope,In Scope,113,593476,0
202605,Commercial,Data Mining,Inscope,In Scope,Initial Selection,Manual,22,166188,0
202603,Commercial,Data Mining,Initial Selection,Experimental,Final Selection,Coding Review,11,24354,0
202606,Commercial,Data Mining,Initial Selection,Experimental,Final Selection,Coding Review,59,171690,0
202601,Medicare,Data Mining,Inflow,Data Mining,Inscope,In Scope,240,1652400,0
202603,Medicaid,Data Mining,Approval,Approved,Audit,Field Audit,40,211400,0
202603,Medicaid,Data Mining,Inflow,Data Mining,Inscope,In Scope,116,484300,0
202606,Medicaid,Technical/Coding,Inflow,Provider Referral,Inscope,In Scope,153,893673,0
202604,Commercial,Clinical DRG,Initial Selection,Query,Final Selection,Coding Review,28,185136,0
202603,Commercial,Data Mining,Inscope,In Scope,Initial Selection,Manual,27,143181,0
202602,Commercial,Data Mining,Inflow,Hotline,Inscope,In Scope,181,385711,0
202605,Commercial,Coordination of Benefits,Initial Selection,Manual,Final Selection,Coding Review,56,382144,0
202602,Medicaid,Technical/Coding,Inflow,Data Mining,Inscope,In Scope,85,686290,0
202604,Medicare,Coordination of Benefits,Approval,Approved,Audit,Desk Audit,35,93205,0
202605,Medicare,Clinical DRG,Initial Selection,Query,Final Selection,Coding Review,91,502411,0
202605,Medicaid,Data Mining,Approval,Approved,Audit,Desk Audit,21,144102,0
202601,Medicaid,Data Mining,Audit,Automated Review,Finding,No Finding,39,311649,0
202605,Commercial,Technical/Coding,Inscope,In Scope,Initial Selection,Query,27,227070,0
202601,Commercial,Technical/Coding,Initial Selection,Manual,Final Selection,Clinical Review,67,230949,0
202603,Commercial,Coordination of Benefits,Inflow,Hotline,Inscope,In Scope,134,515632,0
202602,Commercial,Coordination of Benefits,Approval,Approved,Audit,Field Audit,12,77376,0
202605,Medicare,Technical/Coding,Audit,Automated Review,Finding,No Finding,37,161505,0
202605,Medicare,Clinical DRG,Inflow,Provider Referral,Inscope,Out of Scope,285,1802340,0
202603,Commercial,Technical/Coding,Approval,Approved,Audit,Field Audit,6,34074,0
202606,Commercial,Coordination of Benefits,Audit,Field Audit,Finding,No Finding,33,271029,0
202606,Medicaid,Coordination of Benefits,Final Selection,Clinical Review,Approval,Approved,14,72814,0
202604,Medicaid,Data Mining,Inscope,In Scope,Initial Selection,Query,69,597333,0
202606,Medicaid,Coordination of Benefits,Final Selection,Clinical Review,Approval,Approved,35,217035,0
202601,Medicaid,Technical/Coding,Final Selection,Clinical Review,Approval,Approved,23,63342,0
202601,Medicare,Coordination of Benefits,Final Selection,Coding Review,Approval,Approved,17,140488,0
202603,Commercial,Coordination of Benefits,Inscope,In Scope,Initial Selection,Query,90,488160,0
202604,Medicaid,Data Mining,Inflow,Provider Referral,Inscope,Out of Scope,141,753645,0
202602,Medicare,Coordination of Benefits,Inflow,Provider Referral,Inscope,In Scope,174,1536072,0
202606,Commercial,Data Mining,Initial Selection,Experimental,Final Selection,Clinical Review,15,76950,0
202602,Medicaid,Coordination of Benefits,Final Selection,Coding Review,Approval,Approved,8,50168,0
202605,Medicare,Coordination of Benefits,Approval,Approved,Audit,Desk Audit,33,174537,0
202605,Medicaid,Clinical DRG,Inscope,In Scope,Initial Selection,Manual,181,792237,0
202605,Medicaid,Technical/Coding,Inscope,In Scope,Initial Selection,Query,26,49868,0
202602,Commercial,Coordination of Benefits,Final Selection,Coding Review,Approval,Approved,34,93330,0
202603,Commercial,Coordination of Benefits,Inscope,In Scope,Initial Selection,Experimental,124,1054248,0
202603,Commercial,Coordination of Benefits,Approval,Approved,Audit,Field Audit,17,93330,0
202601,Medicaid,Coordination of Benefits,Audit,Desk Audit,Finding,Documentation Error,26,107120,0
202606,Commercial,Clinical DRG,Approval,Approved,Audit,Desk Audit,44,352572,0
202605,Commercial,Technical/Coding,Audit,Desk Audit,Finding,No Finding,11,64834,0
202606,Commercial,Data Mining,Inscope,In Scope,Initial Selection,Manual,129,322500,0
202602,Medicare,Data Mining,Initial Selection,Query,Final Selection,Clinical Review,73,238710,0
202604,Commercial,Data Mining,Audit,Automated Review,Finding,Overpayment,9,52641,6394
202603,Commercial,Data Mining,Approval,Approved,Audit,Desk Audit,13,69745,0
202605,Medicaid,Coordination of Benefits,Audit,Automated Review,Finding,No Finding,34,247486,0
202603,Commercial,Data Mining,Inscope,In Scope,Initial Selection,Manual,64,220288,0
202603,Medicaid,Technical/Coding,Audit,Automated Review,Finding,No Finding,26,115882,0
202605,Commercial,Coordination of Benefits,Initial Selection,Manual,Final Selection,Clinical Review,45,211950,0
202604,Medicaid,Technical/Coding,Initial Selection,Manual,Final Selection,Clinical Review,70,157290,0
202603,Medicaid,Coordination of Benefits,Audit,Field Audit,Finding,Overpayment,35,210420,28243
202605,Commercial,Coordination of Benefits,Inscope,In Scope,Initial Selection,Query,102,363120,0
202602,Medicare,Technical/Coding,Audit,Desk Audit,Finding,Overpayment,27,116235,25975
202601,Commercial,Technical/Coding,Inflow,Data Mining,Inscope,In Scope,141,777051,0
202606,Medicare,Coordination of Benefits,Initial Selection,Query,Final Selection,Coding Review,74,172568,0
202606,Commercial,Technical/Coding,Approval,Approved,Audit,Automated Review,14,70322,0
202602,Medicare,Data Mining,Final Selection,Clinical Review,Approval,Pending,28,245896,0
202601,Medicare,Coordination of Benefits,Approval,Approved,Audit,Automated Review,23,90413,0
202604,Commercial,Data Mining,Inscope,In Scope,Initial Selection,Manual,147,370734,0
202603,Medicare,Data Mining,Audit,Field Audit,Finding,No Finding,5,38170,0
202603,Medicaid,Technical/Coding,Inscope,In Scope,Initial Selection,Experimental,113,484318,0
202601,Medicaid,Clinical DRG,Inscope,In Scope,Initial Selection,Query,69,114195,0
202603,Medicaid,Technical/Coding,Final Selection,Coding Review,Approval,Pending,27,172017,0
202606,Commercial,Clinical DRG,Initial Selection,Experimental,Final Selection,Clinical Review,30,63240,0
202606,Medicare,Data Mining,Initial Selection,Manual,Final Selection,Clinical Review,55,503910,0
202606,Medicaid,Clinical DRG,Audit,Field Audit,Finding,No Finding,16,54320,0
202602,Medicaid,Technical/Coding,Final Selection,Coding Review,Approval,Approved,44,399388,0
202604,Commercial,Technical/Coding,Inscope,In Scope,Initial Selection,Query,111,817515,0
202603,Medicare,Clinical DRG,Inflow,Data Mining,Inscope,In Scope,81,238707,0
202603,Commercial,Data Mining,Inflow,Data Mining,Inscope,In Scope,132,309408,0
202605,Medicaid,Clinical DRG,Final Selection,Clinical Review,Approval,Approved,42,261198,0
202601,Commercial,Data Mining,Audit,Field Audit,Finding,No Finding,20,73680,0
202601,Commercial,Technical/Coding,Approval,Approved,Audit,Desk Audit,24,176088,0
202601,Commercial,Clinical DRG,Inflow,Random Sample,Inscope,In Scope,136,418064,0
202602,Commercial,Data Mining,Initial Selection,Query,Final Selection,Coding Review,36,168372,0
202601,Commercial,Technical/Coding,Audit,Field Audit,Finding,Overpayment,28,134932,25066
202606,Medicare,Clinical DRG,Inflow,Hotline,Inscope,In Scope,269,1630140,0
202604,Commercial,Data Mining,Inscope,In Scope,Initial Selection,Query,40,154320,0
202602,Commercial,Clinical DRG,Inflow,Random Sample,Inscope,In Scope,30,107130,0
202602,Medicare,Clinical DRG,Approval,Approved,Audit,Desk Audit,55,404855,0
202601,Medicare,Clinical DRG,Final Selection,Coding Review,Approval,Approved,27,210033,0
202601,Medicare,Coordination of Benefits,Inscope,In Scope,Initial Selection,Query,157,1116113,0
202603,Medicare,Coordination of Benefits,Inscope,In Scope,Initial Selection,Manual,67,140633,0
202605,Commercial,Technical/Coding,Audit,Automated Review,Finding,No Finding,26,51584,0
202603,Commercial,Data Mining,Approval,Approved,Audit,Field Audit,25,70550,0
202603,Medicaid,Technical/Coding,Approval,Approved,Audit,Desk Audit,18,73134,0
202606,Medicare,Data Mining,Inflow,Random Sample,Inscope,Out of Scope,179,1063439,0
202602,Medicaid,Technical/Coding,Initial Selection,Manual,Final Selection,Clinical Review,15,137310,0
202604,Medicaid,Clinical DRG,Approval,Approved,Audit,Desk Audit,29,206422,0
202605,Commercial,Clinical DRG,Inflow,Data Mining,Inscope,In Scope,185,1393605,0
202606,Commercial,Technical/Coding,Final Selection,Clinical Review,Approval,Rejected,28,114324,0
202601,Medicare,Technical/Coding,Audit,Desk Audit,Finding,No Finding,46,254058,0
202602,Commercial,Technical/Coding,Final Selection,Clinical Review,Approval,Approved,58,227244,0
202604,Medicaid,Coordination of Benefits,Initial Selection,Query,Final Selection,Clinical Review,43,232931,0
202601,Commercial,Data Mining,Initial Selection,Manual,Final Selection,Clinical Review,39,76986,0
202605,Medicare,Technical/Coding,Inflow,Hotline,Inscope,In Scope,204,1294176,0
202606,Medicaid,Coordination of Benefits,Inscope,In Scope,Initial Selection,Manual,74,463758,0
202602,Medicaid,Coordination of Benefits,Initial Selection,Query,Final Selection,Coding Review,54,413532,0
202604,Medicaid,Technical/Coding,Audit,Field Audit,Finding,Overpayment,37,224849,39947
202605,Commercial,Clinical DRG,Approval,Approved,Audit,Automated Review,10,93420,0
202606,Medicare,Clinical DRG,Final Selection,Clinical Review,Approval,Rejected,29,62524,0
202606,Medicare,Clinical DRG,Inscope,In Scope,Initial Selection,Manual,169,1153256,0
202606,Commercial,Data Mining,Audit,Field Audit,Finding,Overpayment,25,152975,24822
202601,Commercial,Coordination of Benefits,Approval,Approved,Audit,Desk Audit,41,299956,0
202606,Medicaid,Technical/Coding,Inflow,Provider Referral,Inscope,In Scope,86,272792,0
202605,Commercial,Coordination of Benefits,Initial Selection,Query,Final Selection,Coding Review,12,55872,0
202604,Medicaid,Technical/Coding,Audit,Desk Audit,Finding,No Finding,42,358890,0
202601,Commercial,Clinical DRG,Inflow,Random Sample,Inscope,In Scope,175,962325,0
202601,Commercial,Clinical DRG,Audit,Desk Audit,Finding,Overpayment,25,172075,40760
202605,Medicare,Clinical DRG,Inscope,In Scope,Initial Selection,Experimental,187,1658690,0
202605,Medicaid,Coordination of Benefits,Inflow,Provider Referral,Inscope,In Scope,81,726327,0
202605,Commercial,Clinical DRG,Inscope,In Scope,Initial Selection,Manual,59,378072,0
202602,Commercial,Data Mining,Inflow,Hotline,Inscope,In Scope,75,468150,0
202604,Commercial,Coordination of Benefits,Final Selection,Clinical Review,Approval,Rejected,43,323876,0
202601,Commercial,Coordination of Benefits,Inflow,Provider Referral,Inscope,In Scope,193,428846,0
202603,Commercial,Data Mining,Initial Selection,Manual,Final Selection,Coding Review,67,354430,0
202604,Medicare,Coordination of Benefits,Approval,Approved,Audit,Desk Audit,43,275157,0
202606,Medicaid,Clinical DRG,Approval,Approved,Audit,Automated Review,50,110100,0
202601,Medicaid,Technical/Coding,Final Selection,Clinical Review,Approval,Approved,28,127512,0
202601,Medicare,Clinical DRG,Initial Selection,Query,Final Selection,Clinical Review,41,99917,0
202602,Medicare,Technical/Coding,Final Selection,Coding Review,Approval,Approved,49,242158,0
202601,Medicare,Clinical DRG,Initial Selection,Experimental,Final Selection,Clinical Review,77,618002,0
202603,Medicaid,Clinical DRG,Initial Selection,Query,Final Selection,Clinical Review,17,128129,0
202605,Medicare,Technical/Coding,Audit,Field Audit,Finding,Overpayment,19,77254,10327
202602,Medicare,Technical/Coding,Final Selection,Coding Review,Approval,Approved,46,368506,0
202601,Medicaid,Coordination of Benefits,Inscope,In Scope,Initial Selection,Query,45,240750,0
202601,Medicare,Coordination of Benefits,Inflow,Random Sample,Inscope,In Scope,180,848160,0
202603,Medicaid,Coordination of Benefits,Final Selection,Clinical Review,Approval,Approved,40,374400,0
202606,Medicare,Data Mining,Initial Selection,Manual,Final Selection,Coding Review,38,151506,0
202606,Commercial,Data Mining,Approval,Approved,Audit,Desk Audit,18,149184,0
202604,Medicaid,Clinical DRG,Approval,Approved,Audit,Field Audit,39,119847,0
202606,Commercial,Clinical DRG,Audit,Field Audit,Finding,Documentation Error,14,72674,0
202603,Commercial,Clinical DRG,Final Selection,Coding Review,Approval,Approved,29,103878,0
202603,Commercial,Technical/Coding,Audit,Field Audit,Finding,No Finding,7,36946,0
202605,Medicaid,Data Mining,Approval,Approved,Audit,Field Audit,46,209070,0
202606,Commercial,Clinical DRG,Inflow,Data Mining,Inscope,In Scope,121,358402,0
202606,Commercial,Clinical DRG,Approval,Approved,Audit,Automated Review,25,203050,0
202604,Medicare,Clinical DRG,Inflow,Hotline,Inscope,In Scope,278,1626022,0
202605,Commercial,Technical/Coding,Final Selection,Coding Review,Approval,Approved,57,408462,0
202605,Commercial,Technical/Coding,Initial Selection,Manual,Final Selection,Clinical Review,32,160224,0
202601,Medicare,Technical/Coding,Initial Selection,Query,Final Selection,Clinical Review,89,293166,0
202605,Medicaid,Coordination of Benefits,Final Selection,Clinical Review,Approval,Approved,46,244076,0
202603,Medicare,Coordination of Benefits,Inflow,Provider Referral,Inscope,In Scope,110,759880,0
202601,Commercial,Technical/Coding,Audit,Desk Audit,Finding,No Finding,28,81508,0
202603,Commercial,Data Mining,Final Selection,Clinical Review,Approval,Rejected,44,136884,0
202602,Commercial,Data Mining,Final Selection,Clinical Review,Approval,Approved,17,89794,0
202605,Medicaid,Data Mining,Inflow,Data Mining,Inscope,In Scope,199,1465635,0
202601,Commercial,Clinical DRG,Approval,Approved,Audit,Desk Audit,17,90916,0
202601,Medicaid,Data Mining,Approval,Approved,Audit,Field Audit,36,173340,0
202605,Medicare,Coordination of Benefits,Initial Selection,Query,Final Selection,Coding Review,78,555204,0
202606,Medicaid,Clinical DRG,Audit,Desk Audit,Finding,No Finding,17,69717,0
202601,Medicare,Coordination of Benefits,Audit,Desk Audit,Finding,No Finding,23,149155,0
202602,Commercial,Data Mining,Final Selection,Clinical Review,Approval,Approved,38,276640,0
202606,Medicare,Technical/Coding,Final Selection,Coding Review,Approval,Approved,33,280401,0
202604,Commercial,Clinical DRG,Initial Selection,Manual,Final Selection,Clinical Review,26,215228,0
202604,Commercial,Data Mining,Final Selection,Coding Review,Approval,Approved,57,298452,0
202604,Medicare,Clinical DRG,Approval,Approved,Audit,Automated Review,22,87824,0
202601,Medicaid,Technical/Coding,Approval,Approved,Audit,Desk Audit,31,193223,0
202606,Medicaid,Clinical DRG,Approval,Approved,Audit,Desk Audit,39,325416,0
202603,Commercial,Clinical DRG,Audit,Field Audit,Finding,No Finding,25,60950,0
202606,Commercial,Technical/Coding,Initial Selection,Manual,Final Selection,Clinical Review,37,320531,0
202601,Medicaid,Clinical DRG,Inscope,In Scope,Initial Selection,Experimental,139,1007055,0
202603,Commercial,Data Mining,Inscope,In Scope,Initial Selection,Query,148,487660,0
202601,Commercial,Coordination of Benefits,Approval,Approved,Audit,Field Audit,12,51012,0
202606,Medicaid,Coordination of Benefits,Approval,Approved,Audit,Automated Review,28,251272,0
202606,Medicare,Technical/Coding,Final Selection,Clinical Review,Approval,Pending,60,158340,0
202606,Medicare,Technical/Coding,Inscope,In Scope,Initial Selection,Experimental,185,1574350,0
202606,Medicaid,Data Mining,Inscope,In Scope,Initial Selection,Query,80,424160,0
202601,Commercial,Clinical DRG,Final Selection,Coding Review,Approval,Approved,33,175692,0
202604,Medicaid,Clinical DRG,Audit,Desk Audit,Finding,No Finding,28,190400,0
202606,Commercial,Coordination of Benefits,Inflow,Random Sample,Inscope,In Scope,108,902556,0
202602,Medicaid,Coordination of Benefits,Initial Selection,Query,Final Selection,Clinical Review,49,130781,0
202605,Medicaid,Coordination of Benefits,Audit,Desk Audit,Finding,Overpayment,28,224588,55549
202601,Medicare,Technical/Coding,Final Selection,Coding Review,Approval,Approved,42,136794,0
202606,Medicare,Coordination of Benefits,Inscope,In Scope,Initial Selection,Manual,83,303033,0
202601,Medicaid,Technical/Coding,Inflow,Random Sample,Inscope,In Scope,211,1546419,0
202602,Medicaid,Clinical DRG,Audit,Desk Audit,Finding,Overpayment,29,64902,6914
202602,Commercial,Data Mining,Inflow,Provider Referral,Inscope,In Scope,206,532922,0
202604,Commercial,Technical/Coding,Final Selection,Clinical Review,Approval,Approved,12,91032,0
202601,Medicare,Coordination of Benefits,Initial Selection,Query,Final Selection,Clinical Review,74,611462,0
202602,Commercial,Technical/Coding,Inflow,Provider Referral,Inscope,In Scope,64,333120,0
202603,Commercial,Technical/Coding,Audit,Automated Review,Finding,Overpayment,22,146212,31773
202602,Medicare,Clinical DRG,Inscope,In Scope,Initial Selection,Query,114,510606,0
202604,Medicaid,Technical/Coding,Inscope,In Scope,Initial Selection,Query,63,386379,0
202605,Commercial,Coordination of Benefits,Audit,Desk Audit,Finding,No Finding,28,245672,0
202603,Medicare,Technical/Coding,Audit,Field Audit,Finding,No Finding,8,64160,0
202602,Medicaid,Data Mining,Inflow,Data Mining,Inscope,In Scope,163,355503,0
202605,Medicare,Coordination of Benefits,Initial Selection,Manual,Final Selection,Clinical Review,80,500480,0
202604,Medicaid,Technical/Coding,Final Selection,Clinical Review,Approval,Approved,11,18832,0
202603,Medicare,Clinical DRG,Inflow,Random Sample,Inscope,In Scope,238,1770006,0
202605,Medicaid,Data Mining,Audit,Field Audit,Finding,Overpayment,26,156104,31721
202603,Medicare,Coordination of Benefits,Inflow,Data Mining,Inscope,Out of Scope,63,377622,0
202603,Medicaid,Clinical DRG,Initial Selection,Experimental,Final Selection,Clinical Review,32,66368,0
202602,Medicare,Data Mining,Inflow,Random Sample,Inscope,In Scope,41,169453,0
202606,Commercial,Technical/Coding,Inflow,Provider Referral,Inscope,In Scope,197,333324,0
202602,Medicaid,Coordination of Benefits,Approval,Approved,Audit,Desk Audit,10,77420,0
202603,Commercial,Clinical DRG,Inflow,Hotline,Inscope,In Scope,99,583209,0
202601,Medicaid,Clinical DRG,Final Selection,Coding Review,Approval,Approved,11,62612,0
202605,Medicare,Coordination of Benefits,Inscope,In Scope,Initial Selection,Query,121,861762,0
202606,Medicare,Technical/Coding,Audit,Automated Review,Finding,Overpayment,5,18015,1606
202603,Medicaid,Technical/Coding,Inscope,In Scope,Initial Selection,Query,150,1150050,0
202606,Medicaid,Technical/Coding,Initial Selection,Manual,Final Selection,Clinical Review,71,299620,0
202603,Medicare,Coordination of Benefits,Inflow,Provider Referral,Inscope,In Scope,226,1316450,0
202601,Medicaid,Clinical DRG,Final Selection,Coding Review,Approval,Approved,31,132711,0
202601,Commercial,Data Mining,Inflow,Hotline,Inscope,In Scope,149,1195874,0
202603,Commercial,Technical/Coding,Final Selection,Coding Review,Approval,Approved,39,309231,0
202602,Commercial,Technical/Coding,Inscope,In Scope,Initial Selection,Experimental,21,73668,0
202605,Medicaid,Clinical DRG,Initial Selection,Manual,Final Selection,Coding Review,45,384975,0
202606,Commercial,Coordination of Benefits,Inflow,Data Mining,Inscope,In Scope,68,342652,0
202604,Medicare,Technical/Coding,Audit,Field Audit,Finding,Overpayment,17,152150,37900
202604,Commercial,Coordination of Benefits,Final Selection,Clinical Review,Approval,Approved,33,88869,0
202606,Medicaid,Clinical DRG,Approval,Approved,Audit,Desk Audit,14,49546,0
202603,Medicaid,Coordination of Benefits,Final Selection,Coding Review,Approval,Approved,21,73773,0
202601,Medicare,Technical/Coding,Approval,Approved,Audit,Desk Audit,17,89794,0
202604,Medicaid,Data Mining,Inflow,Hotline,Inscope,Out of Scope,71,376442,0
202603,Medicaid,Coordination of Benefits,Inflow,Provider Referral,Inscope,In Scope,168,687456,0
202606,Commercial,Clinical DRG,Inscope,In Scope,Initial Selection,Manual,157,570381,0
202603,Medicaid,Clinical DRG,Audit,Field Audit,Finding,No Finding,13,24102,0
202604,Medicaid,Technical/Coding,Inflow,Random Sample,Inscope,In Scope,229,628605,0
202601,Medicare,Clinical DRG,Inscope,In Scope,Initial Selection,Manual,117,543933,0
202606,Commercial,Clinical DRG,Approval,Approved,Audit,Automated Review,10,17780,0
202601,Medicare,Data Mining,Inscope,In Scope,Initial Selection,Experimental,183,1505358,0
202603,Medicare,Clinical DRG,Final Selection,Clinical Review,Approval,Approved,59,303732,0
202606,Medicaid,Data Mining,Inflow,Random Sample,Inscope,In Scope,63,283437,0
202602,Medicare,Coordination of Benefits,Initial Selection,Query,Final Selection,Coding Review,11,72930,0
202605,Commercial,Technical/Coding,Audit,Field Audit,Finding,No Finding,28,154672,0
202601,Medicare,Coordination of Benefits,Final Selection,Clinical Review,Approval,Approved,50,442350,0
202605,Medicare,Clinical DRG,Final Selection,Coding Review,Approval,Approved,78,434460,0
202603,Commercial,Coordination of Benefits,Final Selection,Coding Review,Approval,Approved,23,149293,0
202602,Medicare,Coordination of Benefits,Inflow,Random Sample,Inscope,In Scope,217,1385328,0
202602,Medicare,Clinical DRG,Inscope,In Scope,Initial Selection,Manual,216,1745496,0
202606,Medicare,Technical/Coding,Approval,Approved,Audit,Desk Audit,61,519964,0
202602,Medicare,Technical/Coding,Approval,Approved,Audit,Automated Review,52,236028,0
202605,Medicare,Coordination of Benefits,Approval,Approved,Audit,Field Audit,15,126810,0
202604,Commercial,Coordination of Benefits,Inscope,In Scope,Initial Selection,Manual,22,77110,0
202605,Medicare,Clinical DRG,Approval,Approved,Audit,Desk Audit,51,165750,0
202602,Medicaid,Technical/Coding,Initial Selection,Manual,Final Selection,Clinical Review,59,434948,0
202602,Medicare,Coordination of Benefits,Inflow,Hotline,Inscope,In Scope,191,924440,0
202605,Medicare,Coordination of Benefits,Initial Selection,Query,Final Selection,Clinical Review,21,159579,0
202604,Commercial,Data Mining,Audit,Field Audit,Finding,Overpayment,26,189306,48825
202605,Medicaid,Technical/Coding,Audit,Automated Review,Finding,No Finding,21,86373,0
202606,Commercial,Coordination of Benefits,Inscope,In Scope,Initial Selection,Query,118,1105778,0
202605,Medicaid,Clinical DRG,Inscope,In Scope,Initial Selection,Experimental,143,487487,0
202606,Commercial,Clinical DRG,Final Selection,Clinical Review,Approval,Approved,12,42588,0
202603,Medicaid,Technical/Coding,Audit,Desk Audit,Finding,No Finding,35,239225,0
202606,Medicaid,Data Mining,Inflow,Hotline,Inscope,In Scope,186,400830,0
202603,Medicaid,Clinical DRG,Audit,Desk Audit,Finding,Overpayment,27,205227,33642
202602,Medicaid,Data Mining,Final Selection,Coding Review,Approval,Approved,12,100668,0
202604,Commercial,Technical/Coding,Inscope,In Scope,Initial Selection,Manual,22,88330,0
202601,Medicaid,Coordination of Benefits,Inflow,Provider Referral,Inscope,In Scope,102,297636,0
202606,Medicare,Clinical DRG,Initial Selection,Experimental,Final Selection,Coding Review,64,471744,0
202601,Medicaid,Technical/Coding,Approval,Approved,Audit,Desk Audit,11,47432,0
202602,Medicare,Data Mining,Audit,Automated Review,Finding,No Finding,40,240960,0
202603,Commercial,Coordination of Benefits,Initial Selection,Manual,Final Selection,Clinical Review,34,213622,0
202605,Medicaid,Technical/Coding,Inflow,Hotline,Inscope,In Scope,47,188564,0
202606,Commercial,Data Mining,Inscope,In Scope,Initial Selection,Manual,43,293604,0
202603,Medicare,Data Mining,Inflow,Hotline,Inscope,In Scope,155,868930,0
202606,Medicaid,Clinical DRG,Audit,Automated Review,Finding,No Finding,23,203619,0
202604,Medicaid,Technical/Coding,Final Selection,Clinical Review,Approval,Approved,39,146523,0
202602,Medicaid,Clinical DRG,Inscope,In Scope,Initial Selection,Manual,89,731580,0
202605,Medicaid,Technical/Coding,Approval,Approved,Audit,Automated Review,51,299880,0
202604,Commercial,Data Mining,Approval,Approved,Audit,Desk Audit,8,38672,0
202606,Medicare,Technical/Coding,Inflow,Random Sample,Inscope,In Scope,78,260130,0
202602,Medicare,Clinical DRG,Final Selection,Clinical Review,Approval,Pending,47,152938,0
202606,Medicare,Coordination of Benefits,Initial Selection,Experimental,Final Selection,Coding Review,14,32368,0
202604,Commercial,Data Mining,Approval,Approved,Audit,Automated Review,30,160590,0
202601,Commercial,Data Mining,Inflow,Random Sample,Inscope,In Scope,150,962400,0
202605,Medicare,Clinical DRG,Approval,Approved,Audit,Automated Review,45,396450,0
202603,Medicaid,Coordination of Benefits,Final Selection,Coding Review,Approval,Approved,33,62898,0
202602,Medicaid,Data Mining,Inscope,In Scope,Initial Selection,Manual,72,522432,0
202602,Medicare,Data Mining,Initial Selection,Query,Final Selection,Clinical Review,85,688585,0
202603,Medicaid,Coordination of Benefits,Final Selection,Clinical Review,Approval,Pending,18,48600,0
202603,Commercial,Data Mining,Initial Selection,Query,Final Selection,Coding Review,53,365064,0
202601,Medicare,Data Mining,Inscope,In Scope,Initial Selection,Query,169,985439,0
202603,Medicare,Technical/Coding,Inflow,Hotline,Inscope,In Scope,150,406650,0
202605,Commercial,Clinical DRG,Inscope,In Scope,Initial Selection,Experimental,57,481992,0
202601,Medicare,Clinical DRG,Final Selection,Clinical Review,Approval,Rejected,71,229401,0
202603,Medicaid,Data Mining,Approval,Approved,Audit,Field Audit,11,78980,0
202601,Medicare,Coordination of Benefits,Final Selection,Coding Review,Approval,Approved,38,243466,0
202605,Medicaid,Coordination of Benefits,Inscope,In Scope,Initial Selection,Query,122,285480,0
202603,Medicare,Data Mining,Inflow,Data Mining,Inscope,Out of Scope,240,805200,0
202602,Commercial,Technical/Coding,Audit,Desk Audit,Finding,No Finding,22,127688,0
202601,Commercial,Clinical DRG,Final Selection,Clinical Review,Approval,Approved,50,408000,0
202601,Medicare,Coordination of Benefits,Approval,Approved,Audit,Field Audit,44,302060,0
202603,Medicaid,Data Mining,Initial Selection,Query,Final Selection,Clinical Review,45,183375,0
202606,Commercial,Data Mining,Approval,Approved,Audit,Desk Audit,37,314796,0
202603,Commercial,Coordination of Benefits,Initial Selection,Experimental,Final Selection,Clinical Review,11,47894,0
202603,Commercial,Coordination of Benefits,Initial Selection,Query,Final Selection,Coding Review,52,210444,0
202602,Medicare,Technical/Coding,Inflow,Random Sample,Inscope,In Scope,234,642564,0
202606,Medicare,Data Mining,Initial Selection,Query,Final Selection,Coding Review,46,219880,0
202606,Medicare,Technical/Coding,Initial Selection,Experimental,Final Selection,Coding Review,79,472341,0
202606,Medicaid,Coordination of Benefits,Approval,Approved,Audit,Automated Review,44,307428,0
202605,Medicare,Coordination of Benefits,Inflow,Random Sample,Inscope,In Scope,89,671060,0
202605,Medicare,Coordination of Benefits,Audit,Desk Audit,Finding,Overpayment,14,107744,27397
202604,Medicaid,Coordination of Benefits,Initial Selection,Experimental,Final Selection,Clinical Review,15,81810,0
202601,Commercial,Clinical DRG,Final Selection,Clinical Review,Approval,Approved,56,264656,0
202605,Medicaid,Data Mining,Inflow,Data Mining,Inscope,In Scope,70,308490,0
202604,Commercial,Data Mining,Inscope,In Scope,Initial Selection,Experimental,45,359145,0
202601,Medicaid,Coordination of Benefits,Audit,Desk Audit,Finding,No Finding,5,8190,0
202604,Medicaid,Technical/Coding,Inscope,In Scope,Initial Selection,Query,159,1269933,0
202601,Medicare,Data Mining,Audit,Field Audit,Finding,No Finding,28,132720,0
202601,Medicare,Technical/Coding,Audit,Field Audit,Finding,Documentation Error,22,171600,0
202605,Medicare,Clinical DRG,Audit,Desk Audit,Finding,No Finding,20,69060,0
202606,Medicaid,Coordination of Benefits,Inscope,In Scope,Initial Selection,Manual,106,435342,0
202602,Medicare,Clinical DRG,Initial Selection,Query,Final Selection,Coding Review,69,447465,0
202605,Medicaid,Data Mining,Audit,Desk Audit,Finding,No Finding,24,109008,0
202602,Medicare,Data Mining,Inflow,Data Mining,Inscope,In Scope,62,206460,0
202606,Medicare,Technical/Coding,Inflow,Hotline,Inscope,In Scope,266,506996,0
202604,Commercial,Coordination of Benefits,Approval,Approved,Audit,Field Audit,6,42132,0
202601,Commercial,Clinical DRG,Inflow,Provider Referral,Inscope,In Scope,129,336948,0
202605,Medicaid,Data Mining,Audit,Desk Audit,Finding,Overpayment,33,223179,18269
202604,Commercial,Clinical DRG,Audit,Automated Review,Finding,No Finding,34,249560,0
202602,Medicaid,Clinical DRG,Approval,Approved,Audit,Desk Audit,54,133380,0
202604,Medicare,Technical/Coding,Initial Selection,Experimental,Final Selection,Coding Review,46,338652,0
202604,Medicaid,Technical/Coding,Inflow,Random Sample,Inscope,Out of Scope,202,1867288,0
202604,Medicaid,Technical/Coding,Inflow,Provider Referral,Inscope,In Scope,53,447426,0
202605,Commercial,Data Mining,Inscope,In Scope,Initial Selection,Query,27,203229,0
202606,Medicare,Coordination of Benefits,Audit,Desk Audit,Finding,No Finding,17,63971,0
202604,Medicare,Clinical DRG,Inscope,In Scope,Initial Selection,Experimental,108,881928,0
202606,Medicaid,Data Mining,Audit,Desk Audit,Finding,Overpayment,36,320148,28550
202602,Commercial,Technical/Coding,Initial Selection,Query,Final Selection,Coding Review,60,227820,0
202606,Medicare,Coordination of Benefits,Initial Selection,Manual,Final Selection,Clinical Review,42,398286,0
202604,Medicaid,Data Mining,Audit,Field Audit,Finding,No Finding,31,274629,0
202602,Medicare,Technical/Coding,Audit,Automated Review,Finding,Overpayment,13,31837,5195
202605,Medicaid,Data Mining,Inscope,In Scope,Initial Selection,Query,120,220320,0
202606,Commercial,Technical/Coding,Final Selection,Coding Review,Approval,Approved,33,171930,0
202601,Medicare,Coordination of Benefits,Audit,Field Audit,Finding,Overpayment,35,206465,48210
202605,Commercial,Technical/Coding,Audit,Field Audit,Finding,No Finding,34,249526,0
202605,Medicare,Data Mining,Audit,Automated Review,Finding,No Finding,21,147777,0
202606,Commercial,Data Mining,Inscope,In Scope,Initial Selection,Manual,41,235381,0
202604,Medicaid,Technical/Coding,Inflow,Random Sample,Inscope,In Scope,109,422702,0
202601,Commercial,Technical/Coding,Approval,Approved,Audit,Desk Audit,18,40410,0
202604,Medicaid,Data Mining,Inflow,Random Sample,Inscope,In Scope,50,283700,0
202606,Commercial,Clinical DRG,Inflow,Random Sample,Inscope,In Scope,176,1073248,0
202601,Medicare,Coordination of Benefits,Approval,Approved,Audit,Field Audit,30,281550,0
202603,Medicaid,Clinical DRG,Inscope,In Scope,Initial Selection,Manual,175,1168475,0
202605,Medicaid,Coordination of Benefits,Audit,Field Audit,Finding,Overpayment,33,230901,28712
202603,Medicaid,Coordination of Benefits,Approval,Approved,Audit,Field Audit,6,53682,0
202602,Medicaid,Technical/Coding,Audit,Automated Review,Finding,No Finding,9,33147,0
202605,Medicare,Technical/Coding,Inflow,Random Sample,Inscope,In Scope,277,2216277,0
202602,Commercial,Coordination of Benefits,Inflow,Random Sample,Inscope,In Scope,151,1277460,0
202606,Commercial,Clinical DRG,Final Selection,Coding Review,Approval,Approved,43,116186,0
202604,Medicare,Clinical DRG,Approval,Approved,Audit,Automated Review,41,376052,0
202605,Medicare,Technical/Coding,Audit,Desk Audit,Finding,Overpayment,40,260760,52473
202603,Commercial,Data Mining,Final Selection,Clinical Review,Approval,Approved,26,104234,0
202604,Medicare,Technical/Coding,Final Selection,Coding Review,Approval,Rejected,52,449800,0
202603,Commercial,Technical/Coding,Inscope,In Scope,Initial Selection,Query,68,491232,0
202603,Commercial,Technical/Coding,Audit,Automated Review,Finding,Documentation Error,12,68724,0
202605,Commercial,Coordination of Benefits,Audit,Desk Audit,Finding,No Finding,24,132840,0
202605,Commercial,Data Mining,Audit,Automated Review,Finding,Documentation Error,25,98550,0
202604,Medicare,Clinical DRG,Inflow,Random Sample,Inscope,In Scope,252,519876,0
202602,Medicaid,Technical/Coding,Initial Selection,Experimental,Final Selection,Clinical Review,81,170748,0
202606,Medicaid,Technical/Coding,Approval,Approved,Audit,Desk Audit,31,75609,0
202605,Commercial,Technical/Coding,Audit,Automated Review,Finding,No Finding,14,80990,0
202606,Medicaid,Clinical DRG,Final Selection,Coding Review,Approval,Approved,67,483204,0
202603,Commercial,Clinical DRG,Inflow,Hotline,Inscope,In Scope,236,2040928,0
202604,Medicare,Coordination of Benefits,Approval,Approved,Audit,Automated Review,16,64144,0
202604,Medicare,Clinical DRG,Inscope,In Scope,Initial Selection,Query,51,239190,0
202601,Medicaid,Coordination of Benefits,Approval,Approved,Audit,Desk Audit,32,272960,0
202603,Medicare,Coordination of Benefits,Final Selection,Clinical Review,Approval,Approved,28,181692,0
202601,Commercial,Coordination of Benefits,Final Selection,Coding Review,Approval,Approved,45,189135,0
202605,Medicare,Technical/Coding,Approval,Approved,Audit,Automated Review,16,80112,0
202605,Commercial,Data Mining,Inflow,Hotline,Inscope,In Scope,69,485346,0
202603,Medicaid,Coordination of Benefits,Initial Selection,Manual,Final Selection,Coding Review,52,309140,0
202604,Commercial,Clinical DRG,Inflow,Hotline,Inscope,In Scope,199,1318773,0
202605,Medicare,Clinical DRG,Audit,Field Audit,Finding,No Finding,52,485732,0
202601,Medicaid,Coordination of Benefits,Approval,Approved,Audit,Desk Audit,29,241686,0
202603,Commercial,Data Mining,Final Selection,Clinical Review,Approval,Approved,45,142965,0
202603,Commercial,Clinical DRG,Inflow,Data Mining,Inscope,Out of Scope,234,1405638,0
202605,Medicare,Clinical DRG,Inscope,In Scope,Initial Selection,Experimental,123,1038735,0
202601,Medicare,Data Mining,Audit,Desk Audit,Finding,No Finding,12,21528,0
202604,Commercial,Coordination of Benefits,Inflow,Provider Referral,Inscope,In Scope,56,453936,0
202603,Commercial,Clinical DRG,Approval,Approved,Audit,Automated Review,30,143340,0
202604,Commercial,Data Mining,Final Selection,Coding Review,Approval,Approved,46,118174,0
202605,Medicare,Clinical DRG,Audit,Automated Review,Finding,Overpayment,9,40770,10828
202601,Medicaid,Coordination of Benefits,Approval,Approved,Audit,Desk Audit,25,118100,0
202604,Commercial,Clinical DRG,Final Selection,Clinical Review,Approval,Approved,16,123472,0
202604,Commercial,Coordination of Benefits,Audit,Desk Audit,Finding,No Finding,33,287199,0
202606,Commercial,Coordination of Benefits,Inflow,Data Mining,Inscope,In Scope,21,132111,0
202605,Medicaid,Clinical DRG,Initial Selection,Manual,Final Selection,Coding Review,78,344448,0
202602,Medicaid,Technical/Coding,Inscope,In Scope,Initial Selection,Manual,172,631240,0
202602,Medicare,Technical/Coding,Audit,Automated Review,Finding,Documentation Error,45,415665,0
202605,Medicaid,Clinical DRG,Initial Selection,Experimental,Final Selection,Clinical Review,18,57906,0
202606,Commercial,Data Mining,Initial Selection,Query,Final Selection,Clinical Review,57,200697,0
202601,Medicaid,Clinical DRG,Inscope,In Scope,Initial Selection,Query,86,571814,0
202606,Medicaid,Technical/Coding,Approval,Approved,Audit,Automated Review,29,86449,0
202601,Medicaid,Technical/Coding,Inscope,In Scope,Initial Selection,Manual,84,226800,0
202606,Commercial,Coordination of Benefits,Final Selection,Coding Review,Approval,Approved,48,196896,0
202604,Commercial,Clinical DRG,Inscope,In Scope,Initial Selection,Experimental,179,491534,0
202605,Medicare,Coordination of Benefits,Audit,Automated Review,Finding,Overpayment,7,62356,5220
202605,Commercial,Clinical DRG,Approval,Approved,Audit,Automated Review,18,162432,0
202601,Commercial,Coordination of Benefits,Approval,Approved,Audit,Field Audit,11,50556,0
202604,Medicare,Coordination of Benefits,Inscope,In Scope,Initial Selection,Query,34,164900,0
202603,Commercial,Clinical DRG,Audit,Desk Audit,Finding,No Finding,43,285090,0
202606,Medicare,Technical/Coding,Final Selection,Clinical Review,Approval,Approved,53,371053,0
202602,Commercial,Data Mining,Initial Selection,Manual,Final Selection,Clinical Review,44,153912,0
202601,Medicaid,Coordination of Benefits,Inscope,In Scope,Initial Selection,Query,95,858420,0
202603,Medicaid,Data Mining,Final Selection,Clinical Review,Approval,Approved,47,199938,0
202601,Commercial,Coordination of Benefits,Audit,Field Audit,Finding,No Finding,24,72576,0
202604,Commercial,Data Mining,Initial Selection,Experimental,Final Selection,Coding Review,71,158827,0
202605,Medicaid,Data Mining,Inscope,In Scope,Initial Selection,Manual,74,413512,0
202604,Commercial,Clinical DRG,Approval,Approved,Audit,Desk Audit,19,42389,0
202605,Commercial,Coordination of Benefits,Inscope,In Scope,Initial Selection,Manual,68,444108,0
202606,Medicare,Technical/Coding,Final Selection,Coding Review,Approval,Approved,46,328026,0
202604,Medicaid,Technical/Coding,Approval,Approved,Audit,Field Audit,28,49924,0
202602,Medicare,Technical/Coding,Approval,Approved,Audit,Desk Audit,40,76840,0
202605,Medicare,Clinical DRG,Inscope,In Scope,Initial Selection,Experimental,145,1370105,0
202604,Commercial,Clinical DRG,Audit,Automated Review,Finding,No Finding,18,168462,0
202601,Medicare,Data Mining,Approval,Approved,Audit,Automated Review,16,54352,0
202604,Commercial,Technical/Coding,Approval,Approved,Audit,Field Audit,32,120512,0
202602,Commercial,Coordination of Benefits,Final Selection,Clinical Review,Approval,Approved,26,69758,0
202601,Medicare,Technical/Coding,Approval,Approved,Audit,Automated Review,46,109848,0
202602,Medicaid,Clinical DRG,Approval,Approved,Audit,Desk Audit,46,122682,0
202605,Commercial,Clinical DRG,Audit,Automated Review,Finding,No Finding,25,115850,0
202601,Commercial,Data Mining,Inscope,In Scope,Initial Selection,Query,77,344267,0
202605,Commercial,Clinical DRG,Final Selection,Clinical Review,Approval,Approved,63,220752,0
202601,Medicaid,Data Mining,Initial Selection,Manual,Final Selection,Clinical Review,67,540422,0
202601,Commercial,Clinical DRG,Approval,Approved,Audit,Desk Audit,17,122978,0
202603,Medicaid,Coordination of Benefits,Inflow,Data Mining,Inscope,In Scope,146,536842,0
202603,Commercial,Data Mining,Approval,Approved,Audit,Field Audit,38,184490,0
202602,Medicaid,Data Mining,Inscope,In Scope,Initial Selection,Query,98,360444,0
202603,Commercial,Coordination of Benefits,Audit,Field Audit,Finding,No Finding,28,72100,0
202606,Medicare,Data Mining,Audit,Desk Audit,Finding,Overpayment,29,141549,33577
202605,Commercial,Clinical DRG,Inscope,In Scope,Initial Selection,Experimental,19,155591,0
202601,Medicare,Data Mining,Approval,Approved,Audit,Desk Audit,21,71736,0
202603,Medicare,Clinical DRG,Audit,Field Audit,Finding,Documentation Error,29,192241,0
202606,Commercial,Coordination of Benefits,Audit,Automated Review,Finding,Overpayment,32,266208,30628
202604,Medicaid,Clinical DRG,Inscope,In Scope,Initial Selection,Manual,178,1158958,0
202605,Commercial,Technical/Coding,Approval,Approved,Audit,Field Audit,24,85416,0
202606,Medicare,Technical/Coding,Inflow,Hotline,Inscope,In Scope,135,956475,0
202604,Medicaid,Technical/Coding,Approval,Approved,Audit,Automated Review,9,82161,0
202601,Commercial,Coordination of Benefits,Audit,Automated Review,Finding,Documentation Error,16,71136,0
202603,Medicare,Technical/Coding,Final Selection,Coding Review,Approval,Approved,28,84924,0
202604,Commercial,Clinical DRG,Approval,Approved,Audit,Field Audit,26,243282,0
202601,Commercial,Coordination of Benefits,Approval,Approved,Audit,Field Audit,21,130473,0
202604,Medicare,Coordination of Benefits,Final Selection,Coding Review,Approval,Rejected,8,44384,0
202601,Medicaid,Clinical DRG,Final Selection,Clinical Review,Approval,Approved,24,195696,0
202603,Medicaid,Coordination of Benefits,Approval,Approved,Audit,Field Audit,17,61761,0
202603,Medicare,Data Mining,Audit,Automated Review,Finding,No Finding,8,49136,0
202602,Medicaid,Coordination of Benefits,Initial Selection,Manual,Final Selection,Coding Review,26,80522,0
202606,Commercial,Technical/Coding,Final Selection,Clinical Review,Approval,Approved,22,192478,0
202603,Medicare,Technical/Coding,Inscope,In Scope,Initial Selection,Experimental,98,281946,0
202601,Medicare,Clinical DRG,Audit,Automated Review,Finding,No Finding,6,47160,0
202605,Medicare,Data Mining,Initial Selection,Experimental,Final Selection,Clinical Review,62,540392,0
202603,Medicaid,Technical/Coding,Approval,Approved,Audit,Desk Audit,48,303552,0
202602,Medicare,Data Mining,Final Selection,Clinical Review,Approval,Approved,36,311328,0
202606,Medicare,Data Mining,Inflow,Random Sample,Inscope,In Scope,29,49184,0
202606,Medicare,Data Mining,Approval,Approved,Audit,Desk Audit,42,363720,0
202603,Medicare,Coordination of Benefits,Inscope,In Scope,Initial Selection,Query,128,564480,0
202603,Medicare,Data Mining,Final Selection,Clinical Review,Approval,Approved,62,288238,0
202603,Medicaid,Coordination of Benefits,Final Selection,Clinical Review,Approval,Approved,39,281541,0
202602,Medicare,Coordination of Benefits,Inscope,In Scope,Initial Selection,Experimental,53,148082,0
202606,Medicare,Data Mining,Inflow,Data Mining,Inscope,In Scope,63,561771,0
202606,Commercial,Coordination of Benefits,Final Selection,Coding Review,Approval,Approved,37,73630,0
202604,Medicare,Technical/Coding,Inflow,Data Mining,Inscope,In Scope,171,1448712,0
202606,Medicare,Data Mining,Audit,Field Audit,Finding,No Finding,22,136180,0
202605,Medicaid,Coordination of Benefits,Inflow,Random Sample,Inscope,In Scope,167,1584663,0
202605,Medicare,Technical/Coding,Initial Selection,Query,Final Selection,Clinical Review,61,341173,0
202606,Medicaid,Clinical DRG,Final Selection,Coding Review,Approval,Approved,18,156816,0
202602,Commercial,Coordination of Benefits,Final Selection,Coding Review,Approval,Rejected,9,20232,0
202602,Medicaid,Technical/Coding,Initial Selection,Query,Final Selection,Coding Review,70,265370,0
202605,Commercial,Data Mining,Initial Selection,Query,Final Selection,Coding Review,35,270410,0
202605,Commercial,Data Mining,Final Selection,Clinical Review,Approval,Approved,7,18368,0
202606,Medicare,Coordination of Benefits,Audit,Automated Review,Finding,No Finding,13,38571,0
202604,Medicare,Clinical DRG,Inflow,Random Sample,Inscope,In Scope,39,308685,0
202604,Commercial,Clinical DRG,Inflow,Hotline,Inscope,In Scope,48,334272,0
202604,Medicaid,Technical/Coding,Inscope,In Scope,Initial Selection,Query,41,109675,0
202605,Medicare,Clinical DRG,Inflow,Hotline,Inscope,Out of Scope,139,1206381,0
202604,Medicaid,Coordination of Benefits,Approval,Approved,Audit,Desk Audit,37,222629,0
202602,Commercial,Data Mining,Audit,Automated Review,Finding,No Finding,26,134238,0
202605,Commercial,Coordination of Benefits,Initial Selection,Query,Final Selection,Coding Review,63,146979,0
202604,Medicaid,Coordination of Benefits,Final Selection,Coding Review,Approval,Approved,6,9600,0
202605,Medicare,Coordination of Benefits,Initial Selection,Query,Final Selection,Coding Review,67,613251,0
202604,Medicaid,Coordination of Benefits,Inflow,Random Sample,Inscope,In Scope,149,520606,0
202601,Commercial,Coordination of Benefits,Inscope,In Scope,Initial Selection,Experimental,79,381807,0
202602,Medicare,Data Mining,Final Selection,Clinical Review,Approval,Approved,38,255436,0
202602,Commercial,Coordination of Benefits,Initial Selection,Experimental,Final Selection,Coding Review,63,239526,0
202604,Medicare,Clinical DRG,Inscope,In Scope,Initial Selection,Manual,174,927420,0
202605,Medicaid,Coordination of Benefits,Audit,Automated Review,Finding,No Finding,16,28128,0
202602,Medicare,Clinical DRG,Inscope,In Scope,Initial Selection,Manual,52,387816,0
202604,Commercial,Clinical DRG,Inscope,In Scope,Initial Selection,Manual,115,388585,0
202603,Medicaid,Coordination of Benefits,Final Selection,Coding Review,Approval,Approved,51,94809,0
202603,Medicare,Technical/Coding,Inflow,Hotline,Inscope,In Scope,50,302450,0
202604,Medicare,Technical/Coding,Initial Selection,Query,Final Selection,Coding Review,22,173624,0
202606,Medicare,Data Mining,Final Selection,Clinical Review,Approval,Approved,9,29079,0
202604,Commercial,Clinical DRG,Approval,Approved,Audit,Desk Audit,46,435804,0
202603,Medicaid,Technical/Coding,Audit,Automated Review,Finding,Overpayment,29,170143,17767
202604,Commercial,Coordination of Benefits,Inscope,In Scope,Initial Selection,Experimental,113,382392,0
202601,Medicare,Data Mining,Initial Selection,Manual,Final Selection,Clinical Review,34,217226,0
202601,Medicaid,Technical/Coding,Inflow,Provider Referral,Inscope,In Scope,202,1109586,0
202606,Commercial,Technical/Coding,Initial Selection,Manual,Final Selection,Clinical Review,49,115052,0
202606,Commercial,Coordination of Benefits,Audit,Desk Audit,Finding,Overpayment,27,77220,17008
202601,Medicare,Data Mining,Inscope,In Scope,Initial Selection,Experimental,174,1197120,0
202603,Medicaid,Technical/Coding,Inflow,Random Sample,Inscope,In Scope,59,215527,0
202601,Medicaid,Data Mining,Approval,Approved,Audit,Field Audit,30,94620,0
202605,Medicare,Coordination of Benefits,Initial Selection,Experimental,Final Selection,Clinical Review,79,513816,0
202605,Medicare,Clinical DRG,Approval,Approved,Audit,Desk Audit,66,247962,0
202605,Medicaid,Data Mining,Inflow,Random Sample,Inscope,In Scope,26,173576,0
202603,Commercial,Technical/Coding,Initial Selection,Experimental,Final Selection,Clinical Review,53,440377,0
202604,Medicare,Data Mining,Approval,Approved,Audit,Field Audit,25,123925,0
202606,Medicaid,Clinical DRG,Inflow,Provider Referral,Inscope,In Scope,64,196032,0
202601,Medicare,Clinical DRG,Final Selection,Clinical Review,Approval,Approved,59,404563,0
202604,Commercial,Data Mining,Approval,Approved,Audit,Desk Audit,15,98445,0
202606,Medicare,Clinical DRG,Inscope,In Scope,Initial Selection,Experimental,220,496100,0
202604,Commercial,Clinical DRG,Initial Selection,Experimental,Final Selection,Coding Review,47,391698,0
202603,Commercial,Clinical DRG,Approval,Approved,Audit,Field Audit,49,106624,0
202603,Medicare,Technical/Coding,Approval,Approved,Audit,Desk Audit,21,125055,0
202604,Medicare,Technical/Coding,Approval,Approved,Audit,Field Audit,18,111132,0
202606,Commercial,Data Mining,Audit,Desk Audit,Finding,No Finding,27,122364,0
202606,Medicaid,Data Mining,Inflow,Data Mining,Inscope,In Scope,152,743128,0
202605,Medicaid,Technical/Coding,Approval,Approved,Audit,Automated Review,23,140438,0
202603,Medicaid,Data Mining,Audit,Field Audit,Finding,No Finding,17,111928,0
202602,Commercial,Technical/Coding,Final Selection,Coding Review,Approval,Approved,36,189540,0
202604,Medicare,Clinical DRG,Initial Selection,Experimental,Final Selection,Clinical Review,25,222325,0
202603,Medicare,Coordination of Benefits,Inscope,In Scope,Initial Selection,Experimental,21,166320,0
202606,Medicaid,Technical/Coding,Inflow,Provider Referral,Inscope,In Scope,64,174912,0
202603,Medicaid,Technical/Coding,Inscope,In Scope,Initial Selection,Experimental,34,213282,0
202604,Commercial,Technical/Coding,Audit,Desk Audit,Finding,No Finding,39,216528,0
202602,Medicaid,Clinical DRG,Approval,Approved,Audit,Desk Audit,56,353920,0
202604,Medicare,Clinical DRG,Initial Selection,Query,Final Selection,Coding Review,59,295708,0
202601,Medicare,Clinical DRG,Audit,Automated Review,Finding,No Finding,23,135585,0
202601,Medicaid,Technical/Coding,Initial Selection,Experimental,Final Selection,Coding Review,21,42273,0
202606,Commercial,Data Mining,Final Selection,Clinical Review,Approval,Approved,23,184943,0
202604,Medicare,Technical/Coding,Initial Selection,Manual,Final Selection,Clinical Review,85,170255,0
202605,Medicaid,Coordination of Benefits,Inflow,Random Sample,Inscope,In Scope,188,1375408,0
202602,Medicare,Data Mining,Approval,Approved,Audit,Field Audit,45,282600,0
202602,Commercial,Technical/Coding,Inscope,In Scope,Initial Selection,Manual,93,395157,0
202606,Commercial,Clinical DRG,Inflow,Random Sample,Inscope,In Scope,120,379200,0
202603,Medicaid,Clinical DRG,Initial Selection,Manual,Final Selection,Coding Review,68,566440,0
202604,Commercial,Technical/Coding,Final Selection,Clinical Review,Approval,Pending,21,67935,0
202606,Medicaid,Technical/Coding,Audit,Desk Audit,Finding,Overpayment,6,21546,5812
202602,Medicaid,Clinical DRG,Initial Selection,Experimental,Final Selection,Coding Review,38,200868,0
202604,Medicare,Coordination of Benefits,Inscope,In Scope,Initial Selection,Manual,112,867552,0
202603,Commercial,Data Mining,Approval,Approved,Audit,Field Audit,38,66500,0
202604,Commercial,Clinical DRG,Initial Selection,Manual,Final Selection,Clinical Review,27,217755,0
202606,Commercial,Coordination of Benefits,Inflow,Random Sample,Inscope,In Scope,21,45045,0
202604,Commercial,Coordination of Benefits,Audit,Automated Review,Finding,No Finding,7,12292,0
202603,Commercial,Data Mining,Inscope,In Scope,Initial Selection,Query,130,313950,0
202603,Medicaid,Clinical DRG,Inscope,In Scope,Initial Selection,Query,112,693616,0
202606,Medicare,Clinical DRG,Inscope,In Scope,Initial Selection,Manual,115,885270,0
202602,Medicare,Coordination of Benefits,Audit,Field Audit,Finding,No Finding,18,63612,0
202605,Medicaid,Clinical DRG,Audit,Field Audit,Finding,Documentation Error,46,84686,0
202605,Medicaid,Technical/Coding,Inscope,In Scope,Initial Selection,Experimental,140,381360,0
202601,Commercial,Data Mining,Approval,Approved,Audit,Desk Audit,33,94083,0
202604,Medicaid,Coordination of Benefits,Final Selection,Clinical Review,Approval,Approved,13,82667,0
202605,Commercial,Technical/Coding,Inscope,In Scope,Initial Selection,Query,110,995610,0
202602,Medicaid,Technical/Coding,Audit,Automated Review,Finding,Documentation Error,19,40945,0
202605,Commercial,Clinical DRG,Inscope,In Scope,Initial Selection,Experimental,47,355132,0
202601,Medicaid,Data Mining,Final Selection,Coding Review,Approval,Approved,58,517592,0
202606,Commercial,Coordination of Benefits,Inscope,In Scope,Initial Selection,Manual,41,74374,0
202605,Commercial,Coordination of Benefits,Approval,Approved,Audit,Field Audit,14,101220,0
202601,Medicaid,Clinical DRG,Audit,Field Audit,Finding,Overpayment,35,190400,42345
202603,Medicare,Data Mining,Final Selection,Coding Review,Approval,Approved,21,72513,0
202601,Medicaid,Clinical DRG,Initial Selection,Query,Final Selection,Clinical Review,73,238053,0
202602,Medicare,Technical/Coding,Final Selection,Coding Review,Approval,Approved,45,399195,0
202602,Medicaid,Data Mining,Inflow,Random Sample,Inscope,In Scope,115,760035,0
202606,Commercial,Clinical DRG,Approval,Approved,Audit,Desk Audit,54,474660,0
202601,Medicare,Data Mining,Audit,Desk Audit,Finding,No Finding,30,236040,0
202606,Medicare,Technical/Coding,Initial Selection,Query,Final Selection,Clinical Review,40,317480,0
202603,Medicaid,Technical/Coding,Final Selection,Coding Review,Approval,Approved,10,72520,0
202605,Medicare,Data Mining,Audit,Field Audit,Finding,Overpayment,29,73283,8497
202605,Commercial,Technical/Coding,Final Selection,Coding Review,Approval,Approved,8,24520,0
202604,Commercial,Technical/Coding,Final Selection,Clinical Review,Approval,Approved,52,359476,0
202606,Medicare,Clinical DRG,Inflow,Provider Referral,Inscope,In Scope,240,1097520,0
202601,Commercial,Data Mining,Audit,Automated Review,Finding,No Finding,10,47020,0
202605,Medicaid,Clinical DRG,Inscope,In Scope,Initial Selection,Query,153,1326051,0
202602,Medicare,Technical/Coding,Inscope,In Scope,Initial Selection,Manual,88,667128,0
202604,Medicaid,Technical/Coding,Inflow,Data Mining,Inscope,Out of Scope,25,167500,0
202603,Medicare,Data Mining,Final Selection,Coding Review,Approval,Approved,7,46060,0
202604,Medicare,Technical/Coding,Approval,Approved,Audit,Desk Audit,35,78750,0
202605,Commercial,Clinical DRG,Inscope,In Scope,Initial Selection,Query,127,1056386,0
202602,Medicare,Technical/Coding,Inscope,In Scope,Initial Selection,Query,28,78120,0
202601,Commercial,Coordination of Benefits,Initial Selection,Manual,Final Selection,Clinical Review,36,110160,0
202602,Commercial,Coordination of Benefits,Approval,Approved,Audit,Automated Review,38,240996,0
202603,Medicare,Clinical DRG,Initial Selection,Query,Final Selection,Clinical Review,53,440907,0
202601,Medicaid,Clinical DRG,Initial Selection,Query,Final Selection,Clinical Review,75,648000,0
202603,Medicaid,Data Mining,Approval,Approved,Audit,Field Audit,36,74736,0
202601,Commercial,Clinical DRG,Final Selection,Coding Review,Approval,Approved,30,111810,0
202605,Commercial,Coordination of Benefits,Inscope,In Scope,Initial Selection,Query,108,613116,0
202604,Medicare,Technical/Coding,Audit,Field Audit,Finding,Documentation Error,5,12840,0
202601,Medicaid,Clinical DRG,Audit,Desk Audit,Finding,No Finding,26,129766,0
202601,Medicaid,Coordination of Benefits,Approval,Approved,Audit,Desk Audit,14,101528,0
202603,Medicaid,Clinical DRG,Initial Selection,Query,Final Selection,Coding Review,40,315320,0
202601,Medicare,Coordination of Benefits,Initial Selection,Query,Final Selection,Coding Review,60,567900,0
202601,Medicare,Technical/Coding,Initial Selection,Query,Final Selection,Coding Review,58,528090,0
202604,Medicare,Technical/Coding,Final Selection,Clinical Review,Approval,Approved,51,455889,0
202603,Medicaid,Data Mining,Audit,Desk Audit,Finding,No Finding,16,99648,0
202606,Commercial,Coordination of Benefits,Approval,Approved,Audit,Desk Audit,35,151095,0
202603,Medicare,Technical/Coding,Initial Selection,Manual,Final Selection,Clinical Review,48,323136,0
202605,Medicare,Data Mining,Inscope,In Scope,Initial Selection,Experimental,167,688875,0
202606,Medicaid,Clinical DRG,Initial Selection,Query,Final Selection,Clinical Review,31,143964,0
202604,Medicaid,Technical/Coding,Approval,Approved,Audit,Desk Audit,26,208780,0
202601,Medicare,Clinical DRG,Final Selection,Clinical Review,Approval,Rejected,53,151686,0
202602,Medicaid,Data Mining,Audit,Automated Review,Finding,No Finding,17,47141,0
202601,Commercial,Technical/Coding,Inscope,In Scope,Initial Selection,Query,143,1241812,0
202605,Medicare,Clinical DRG,Initial Selection,Manual,Final Selection,Coding Review,77,673134,0
202601,Medicaid,Data Mining,Inflow,Provider Referral,Inscope,In Scope,177,1364139,0
202603,Medicare,Coordination of Benefits,Audit,Desk Audit,Finding,No Finding,13,51311,0
202603,Commercial,Coordination of Benefits,Final Selection,Clinical Review,Approval,Approved,14,53774,0
202601,Medicare,Clinical DRG,Inscope,In Scope,Initial Selection,Query,87,240033,0
202606,Medicaid,Technical/Coding,Inscope,In Scope,Initial Selection,Manual,80,482240,0
202604,Medicare,Technical/Coding,Inflow,Random Sample,Inscope,Out of Scope,43,106081,0
202604,Medicare,Clinical DRG,Final Selection,Coding Review,Approval,Approved,61,542961,0
202605,Commercial,Data Mining,Approval,Approved,Audit,Desk Audit,45,145035,0
202606,Commercial,Clinical DRG,Final Selection,Clinical Review,Approval,Approved,65,593710,0
202606,Medicaid,Clinical DRG,Final Selection,Coding Review,Approval,Approved,61,480619,0
202604,Medicaid,Technical/Coding,Inscope,In Scope,Initial Selection,Experimental,132,490116,0
202603,Medicaid,Technical/Coding,Audit,Automated Review,Finding,No Finding,19,100947,0
202604,Medicare,Clinical DRG,Final Selection,Clinical Review,Approval,Approved,49,417872,0
202602,Medicaid,Coordination of Benefits,Approval,Approved,Audit,Field Audit,23,190831,0
202606,Medicare,Coordination of Benefits,Approval,Approved,Audit,Automated Review,34,182784,0
202604,Commercial,Data Mining,Inscope,In Scope,Initial Selection,Query,94,445936,0
202601,Medicaid,Technical/Coding,Audit,Automated Review,Finding,No Finding,24,149904,0
202603,Commercial,Technical/Coding,Inscope,In Scope,Initial Selection,Query,143,901329,0
202604,Medicare,Data Mining,Initial Selection,Experimental,Final Selection,Clinical Review,50,152150,0
202603,Medicaid,Clinical DRG,Approval,Approved,Audit,Field Audit,42,332556,0
202604,Medicaid,Data Mining,Audit,Automated Review,Finding,Overpayment,13,107809,11620
202605,Commercial,Clinical DRG,Inscope,In Scope,Initial Selection,Query,75,359550,0
202605,Commercial,Data Mining,Inscope,In Scope,Initial Selection,Query,67,271685,0
202605,Commercial,Coordination of Benefits,Final Selection,Coding Review,Approval,Pending,38,63308,0
202605,Commercial,Data Mining,Inscope,In Scope,Initial Selection,Manual,104,211640,0
202601,Commercial,Coordination of Benefits,Inflow,Hotline,Inscope,Out of Scope,68,349248,0
202606,Commercial,Data Mining,Audit,Field Audit,Finding,No Finding,20,94500,0
202604,Commercial,Technical/Coding,Audit,Desk Audit,Finding,No Finding,12,73800,0
202604,Medicaid,Data Mining,Inscope,In Scope,Initial Selection,Experimental,130,341640,0
202602,Medicare,Clinical DRG,Audit,Desk Audit,Finding,Overpayment,34,237626,39766
202602,Medicare,Technical/Coding,Audit,Field Audit,Finding,Documentation Error,47,342912,0
202605,Medicaid,Technical/Coding,Final Selection,Coding Review,Approval,Approved,38,180538,0
202603,Medicare,Technical/Coding,Final Selection,Clinical Review,Approval,Approved,67,237113,0
202606,Commercial,Coordination of Benefits,Final Selection,Coding Review,Approval,Approved,7,43778,0
202604,Commercial,Coordination of Benefits,Inflow,Random Sample,Inscope,Out of Scope,36,99468,0
202606,Commercial,Coordination of Benefits,Final Selection,Clinical Review,Approval,Approved,39,90636,0
202602,Medicaid,Clinical DRG,Audit,Automated Review,Finding,No Finding,34,141406,0
202605,Medicare,Coordination of Benefits,Approval,Approved,Audit,Desk Audit,33,297726,0
202604,Commercial,Coordination of Benefits,Final Selection,Coding Review,Approval,Pending,50,200650,0
202603,Medicare,Clinical DRG,Audit,Automated Review,Finding,No Finding,48,385440,0
202605,Medicaid,Clinical DRG,Audit,Field Audit,Finding,No Finding,33,66726,0
202606,Medicaid,Clinical DRG,Initial Selection,Query,Final Selection,Clinical Review,57,127053,0
202603,Medicaid,Technical/Coding,Approval,Approved,Audit,Desk Audit,19,32604,0
202606,Medicare,Technical/Coding,Approval,Approved,Audit,Field Audit,30,246510,0
202602,Medicaid,Technical/Coding,Final Selection,Clinical Review,Approval,Rejected,8,35264,0
202601,Medicare,Technical/Coding,Final Selection,Coding Review,Approval,Approved,26,182312,0
202604,Commercial,Technical/Coding,Inscope,In Scope,Initial Selection,Manual,63,490644,0
202601,Medicare,Technical/Coding,Final Selection,Coding Review,Approval,Approved,46,354752,0
202605,Medicare,Data Mining,Audit,Automated Review,Finding,No Finding,17,47413,0
202605,Medicaid,Clinical DRG,Initial Selection,Query,Final Selection,Clinical Review,39,369642,0
202605,Commercial,Clinical DRG,Inflow,Hotline,Inscope,Out of Scope,142,937342,0
202606,Medicaid,Coordination of Benefits,Initial Selection,Query,Final Selection,Coding Review,25,174000,0
202605,Medicaid,Data Mining,Audit,Automated Review,Finding,No Finding,32,205504,0
202602,Commercial,Coordination of Benefits,Audit,Automated Review,Finding,Documentation Error,15,91290,0
202601,Commercial,Clinical DRG,Inflow,Provider Referral,Inscope,In Scope,168,411768,0
202606,Medicaid,Coordination of Benefits,Inscope,In Scope,Initial Selection,Manual,20,35880,0
202605,Medicare,Clinical DRG,Approval,Approved,Audit,Automated Review,53,137641,0
202606,Medicare,Clinical DRG,Approval,Approved,Audit,Desk Audit,62,556202,0
202606,Commercial,Technical/Coding,Inflow,Data Mining,Inscope,In Scope,139,974390,0
202601,Commercial,Data Mining,Initial Selection,Query,Final Selection,Coding Review,58,458548,0
202603,Medicaid,Technical/Coding,Inflow,Hotline,Inscope,In Scope,122,583526,0
202603,Medicare,Coordination of Benefits,Initial Selection,Manual,Final Selection,Clinical Review,50,460300,0
202602,Commercial,Data Mining,Inscope,In Scope,Initial Selection,Manual,103,813391,0
202604,Medicare,Clinical DRG,Final Selection,Coding Review,Approval,Approved,14,30464,0
202605,Commercial,Coordination of Benefits,Final Selection,Clinical Review,Approval,Rejected,13,90324,0
202606,Medicare,Clinical DRG,Audit,Field Audit,Finding,No Finding,47,202147,0
202604,Commercial,Clinical DRG,Approval,Approved,Audit,Desk Audit,29,246906,0
202606,Medicare,Technical/Coding,Inflow,Random Sample,Inscope,Out of Scope,275,2196700,0
202604,Medicare,Coordination of Benefits,Initial Selection,Experimental,Final Selection,Clinical Review,13,88127,0
202606,Medicare,Coordination of Benefits,Approval,Approved,Audit,Desk Audit,30,234870,0
202603,Commercial,Technical/Coding,Inscope,In Scope,Initial Selection,Experimental,134,423976,0
202603,Commercial,Data Mining,Inflow,Hotline,Inscope,In Scope,164,850668,0
202606,Medicare,Technical/Coding,Inflow,Data Mining,Inscope,In Scope,206,731918,0
202604,Medicaid,Clinical DRG,Approval,Approved,Audit,Field Audit,57,470250,0
202604,Medicare,Clinical DRG,Initial Selection,Manual,Final Selection,Clinical Review,91,177450,0
202604,Medicare,Technical/Coding,Audit,Automated Review,Finding,No Finding,41,357848,0
202605,Medicare,Technical/Coding,Inflow,Provider Referral,Inscope,In Scope,176,1224256,0
202601,Medicaid,Clinical DRG,Inscope,In Scope,Initial Selection,Manual,147,295323,0
202603,Medicare,Data Mining,Approval,Approved,Audit,Automated Review,9,74691,0
202601,Medicare,Data Mining,Approval,Approved,Audit,Desk Audit,17,86547,0
202603,Commercial,Data Mining,Initial Selection,Manual,Final Selection,Coding Review,51,309621,0
202602,Medicaid,Technical/Coding,Inflow,Data Mining,Inscope,In Scope,55,211365,0
202602,Medicaid,Technical/Coding,Audit,Field Audit,Finding,No Finding,24,86280,0
202605,Medicare,Technical/Coding,Inflow,Random Sample,Inscope,In Scope,34,299370,0
202604,Medicare,Clinical DRG,Inflow,Data Mining,Inscope,Out of Scope,264,1831896,0
202605,Medicaid,Data Mining,Audit,Field Audit,Finding,No Finding,12,33264,0
202606,Medicaid,Data Mining,Final Selection,Clinical Review,Approval,Pending,45,326970,0
202601,Commercial,Technical/Coding,Audit,Field Audit,Finding,No Finding,8,53896,0
202603,Medicaid,Data Mining,Inflow,Data Mining,Inscope,In Scope,147,350301,0
202605,Medicaid,Technical/Coding,Final Selection,Clinical Review,Approval,Approved,20,50460,0
202602,Commercial,Data Mining,Final Selection,Clinical Review,Approval,Approved,8,16336,0
202606,Medicaid,Coordination of Benefits,Inscope,In Scope,Initial Selection,Manual,110,901450,0
202604,Medicare,Clinical DRG,Audit,Desk Audit,Finding,Documentation Error,16,46304,0
202601,Medicaid,Clinical DRG,Inflow,Data Mining,Inscope,In Scope,194,1231706,0
202603,Medicaid,Technical/Coding,Audit,Automated Review,Finding,Documentation Error,15,119715,0
202601,Medicaid,Technical/Coding,Inflow,Data Mining,Inscope,In Scope,76,355376,0
202602,Medicare,Data Mining,Approval,Approved,Audit,Desk Audit,32,89184,0
202602,Commercial,Data Mining,Inscope,In Scope,Initial Selection,Manual,90,674640,0
202602,Commercial,Coordination of Benefits,Initial Selection,Manual,Final Selection,Clinical Review,9,65430,0
202605,Medicare,Coordination of Benefits,Inscope,In Scope,Initial Selection,Experimental,100,502600,0
202602,Medicaid,Technical/Coding,Initial Selection,Experimental,Final Selection,Clinical Review,78,532428,0
202605,Medicare,Technical/Coding,Inflow,Random Sample,Inscope,Out of Scope,176,1524688,0
202602,Commercial,Data Mining,Final Selection,Coding Review,Approval,Approved,31,236530,0
202602,Medicare,Coordination of Benefits,Final Selection,Clinical Review,Approval,Rejected,46,430146,0
202602,Commercial,Clinical DRG,Final Selection,Clinical Review,Approval,Approved,41,311928,0
202605,Medicare,Data Mining,Approval,Approved,Audit,Desk Audit,54,394524,0
202601,Medicaid,Data Mining,Inscope,In Scope,Initial Selection,Query,18,131004,0
202606,Medicaid,Technical/Coding,Inscope,In Scope,Initial Selection,Manual,137,320991,0
202601,Medicaid,Coordination of Benefits,Inscope,In Scope,Initial Selection,Experimental,131,835911,0
202601,Medicaid,Data Mining,Inscope,In Scope,Initial Selection,Manual,78,525252,0
202604,Commercial,Clinical DRG,Audit,Desk Audit,Finding,No Finding,38,164426,0
202605,Medicare,Coordination of Benefits,Final Selection,Coding Review,Approval,Approved,48,290064,0
202605,Medicare,Clinical DRG,Approval,Approved,Audit,Automated Review,11,63976,0
202606,Medicaid,Clinical DRG,Inflow,Random Sample,Inscope,In Scope,202,390668,0
202603,Medicaid,Technical/Coding,Audit,Automated Review,Finding,No Finding,30,222300,0
202602,Medicare,Coordination of Benefits,Inscope,In Scope,Initial Selection,Query,151,1403243,0
202605,Commercial,Technical/Coding,Audit,Desk Audit,Finding,No Finding,16,91600,0
202606,Medicaid,Coordination of Benefits,Inflow,Provider Referral,Inscope,In Scope,118,658794,0
202605,Commercial,Clinical DRG,Final Selection,Coding Review,Approval,Approved,33,269016,0
202606,Commercial,Clinical DRG,Inscope,In Scope,Initial Selection,Manual,95,850725,0
202602,Medicaid,Clinical DRG,Inflow,Data Mining,Inscope,In Scope,224,629888,0
202604,Medicare,Technical/Coding,Approval,Approved,Audit,Desk Audit,51,307785,0
202602,Medicaid,Coordination of Benefits,Final Selection,Coding Review,Approval,Approved,6,23928,0
202602,Medicare,Clinical DRG,Inscope,In Scope,Initial Selection,Manual,103,718013,0
202606,Medicaid,Data Mining,Approval,Approved,Audit,Desk Audit,34,91120,0
202603,Medicare,Coordination of Benefits,Inscope,In Scope,Initial Selection,Manual,69,545445,0
202601,Medicare,Coordination of Benefits,Initial Selection,Query,Final Selection,Coding Review,61,559370,0
202602,Commercial,Coordination of Benefits,Inscope,In Scope,Initial Selection,Experimental,117,1054287,0
202606,Medicare,Technical/Coding,Inscope,In Scope,Initial Selection,Manual,89,561234,0
202602,Medicaid,Coordination of Benefits,Initial Selection,Manual,Final Selection,Clinical Review,59,111156,0
202606,Medicaid,Coordination of Benefits,Inscope,In Scope,Initial Selection,Query,40,238840,0
202603,Medicare,Clinical DRG,Final Selection,Coding Review,Approval,Approved,49,450800,0
202603,Medicare,Clinical DRG,Audit,Automated Review,Finding,Documentation Error,25,172550,0
202606,Medicaid,Data Mining,Initial Selection,Experimental,Final Selection,Coding Review,71,442330,0
202606,Medicaid,Coordination of Benefits,Audit,Desk Audit,Finding,No Finding,5,13710,0
202606,Commercial,Clinical DRG,Initial Selection,Manual,Final Selection,Clinical Review,86,292830,0
202604,Medicaid,Clinical DRG,Initial Selection,Manual,Final Selection,Clinical Review,27,172233,0
202605,Medicare,Coordination of Benefits,Inscope,In Scope,Initial Selection,Manual,98,700308,0
202606,Medicare,Data Mining,Inscope,In Scope,Initial Selection,Manual,138,799020,0
202601,Commercial,Coordination of Benefits,Final Selection,Clinical Review,Approval,Approved,29,134212,0
202604,Medicaid,Clinical DRG,Initial Selection,Query,Final Selection,Clinical Review,52,455624,0
202605,Medicare,Technical/Coding,Audit,Field Audit,Finding,No Finding,27,220941,0
202604,Medicaid,Technical/Coding,Audit,Field Audit,Finding,No Finding,23,63089,0
202605,Commercial,Clinical DRG,Inscope,In Scope,Initial Selection,Manual,121,525987,0
202601,Commercial,Data Mining,Inflow,Provider Referral,Inscope,In Scope,83,414585,0
202602,Commercial,Data Mining,Audit,Automated Review,Finding,No Finding,9,29088,0
202602,Medicaid,Coordination of Benefits,Approval,Approved,Audit,Desk Audit,43,175139,0
202605,Medicaid,Data Mining,Approval,Approved,Audit,Desk Audit,46,74520,0
202602,Medicaid,Coordination of Benefits,Audit,Automated Review,Finding,No Finding,29,204595,0
202603,Medicaid,Technical/Coding,Final Selection,Clinical Review,Approval,Approved,59,228330,0
202604,Medicare,Coordination of Benefits,Approval,Approved,Audit,Field Audit,19,128136,0
202606,Medicaid,Clinical DRG,Initial Selection,Experimental,Final Selection,Coding Review,10,85240,0
202603,Medicare,Clinical DRG,Inscope,In Scope,Initial Selection,Query,187,506583,0
202603,Medicare,Clinical DRG,Initial Selection,Query,Final Selection,Clinical Review,50,99950,0
202603,Medicaid,Clinical DRG,Approval,Approved,Audit,Automated Review,17,133688,0
202601,Commercial,Technical/Coding,Approval,Approved,Audit,Automated Review,50,426100,0
202606,Medicaid,Coordination of Benefits,Audit,Automated Review,Finding,No Finding,7,41839,0
202605,Medicaid,Technical/Coding,Inflow,Data Mining,Inscope,In Scope,120,957480,0
202604,Medicaid,Coordination of Benefits,Inscope,In Scope,Initial Selection,Manual,93,317223,0
202602,Commercial,Clinical DRG,Final Selection,Coding Review,Approval,Rejected,15,124605,0
202602,Medicare,Data Mining,Initial Selection,Query,Final Selection,Coding Review,21,174153,0
202604,Commercial,Coordination of Benefits,Inscope,In Scope,Initial Selection,Manual,135,347085,0
202602,Medicare,Technical/Coding,Audit,Desk Audit,Finding,No Finding,16,42656,0
202601,Medicaid,Clinical DRG,Inflow,Provider Referral,Inscope,In Scope,240,1231680,0
202601,Medicare,Clinical DRG,Inflow,Provider Referral,Inscope,In Scope,114,222756,0
202601,Medicaid,Clinical DRG,Inflow,Provider Referral,Inscope,Out of Scope,85,545105,0
202602,Medicare,Coordination of Benefits,Inflow,Provider Referral,Inscope,In Scope,212,1974780,0
202603,Commercial,Coordination of Benefits,Initial Selection,Manual,Final Selection,Coding Review,61,461648,0
202605,Medicare,Clinical DRG,Inflow,Provider Referral,Inscope,In Scope,267,846123,0
202603,Medicare,Clinical DRG,Audit,Desk Audit,Finding,Documentation Error,35,300055,0
202606,Medicaid,Coordination of Benefits,Audit,Automated Review,Finding,Overpayment,29,273905,27791
202603,Medicaid,Data Mining,Inscope,In Scope,Initial Selection,Manual,145,605230,0
202601,Medicaid,Clinical DRG,Approval,Approved,Audit,Field Audit,28,206444,0
202603,Commercial,Clinical DRG,Inflow,Hotline,Inscope,In Scope,130,509990,0
202604,Commercial,Coordination of Benefits,Audit,Field Audit,Finding,Overpayment,18,71640,19843
202604,Medicare,Clinical DRG,Final Selection,Coding Review,Approval,Approved,68,382636,0
202606,Medicare,Data Mining,Final Selection,Clinical Review,Approval,Approved,36,175716,0
202606,Commercial,Clinical DRG,Audit,Desk Audit,Finding,Overpayment,14,61236,7351
202604,Medicare,Technical/Coding,Final Selection,Coding Review,Approval,Approved,65,511810,0
202605,Commercial,Coordination of Benefits,Audit,Field Audit,Finding,No Finding,28,183148,0
202604,Medicaid,Coordination of Benefits,Inscope,In Scope,Initial Selection,Manual,54,302832,0
202604,Medicare,Technical/Coding,Inflow,Provider Referral,Inscope,In Scope,278,599924,0
202604,Commercial,Clinical DRG,Inscope,In Scope,Initial Selection,Query,82,233782,0
202603,Commercial,Clinical DRG,Inflow,Random Sample,Inscope,In Scope,80,320320,0
202606,Medicaid,Data Mining,Approval,Approved,Audit,Field Audit,47,406174,0
202605,Commercial,Clinical DRG,Inflow,Random Sample,Inscope,Out of Scope,58,275036,0
202604,Medicaid,Data Mining,Final Selection,Coding Review,Approval,Approved,17,104720,0
202606,Medicaid,Technical/Coding,Final Selection,Coding Review,Approval,Approved,56,268072,0
202604,Medicare,Data Mining,Audit,Automated Review,Finding,No Finding,33,179784,0
202604,Commercial,Technical/Coding,Approval,Approved,Audit,Desk Audit,32,206112,0
202604,Commercial,Coordination of Benefits,Initial Selection,Query,Final Selection,Clinical Review,48,94512,0
202602,Medicaid,Coordination of Benefits,Audit,Automated Review,Finding,Overpayment,28,123060,19211
202604,Medicaid,Coordination of Benefits,Final Selection,Coding Review,Approval,Approved,19,68932,0
202602,Commercial,Coordination of Benefits,Approval,Approved,Audit,Automated Review,7,61026,0
202603,Medicare,Coordination of Benefits,Inscope,In Scope,Initial Selection,Query,24,129000,0
202606,Medicaid,Data Mining,Initial Selection,Manual,Final Selection,Coding Review,54,96228,0
202603,Medicaid,Data Mining,Initial Selection,Experimental,Final Selection,Clinical Review,47,113693,0
202606,Commercial,Technical/Coding,Initial Selection,Query,Final Selection,Coding Review,72,508824,0
202603,Medicare,Coordination of Benefits,Initial Selection,Query,Final Selection,Clinical Review,62,529542,0
202601,Commercial,Technical/Coding,Initial Selection,Query,Final Selection,Clinical Review,56,274008,0
202602,Commercial,Clinical DRG,Audit,Automated Review,Finding,Overpayment,21,80619,7534
202605,Medicaid,Data Mining,Inscope,In Scope,Initial Selection,Query,126,1051848,0
202603,Commercial,Coordination of Benefits,Final Selection,Coding Review,Approval,Approved,27,98766,0
202605,Commercial,Data Mining,Audit,Automated Review,Finding,Overpayment,4,26972,5951
202602,Commercial,Data Mining,Inscope,In Scope,Initial Selection,Manual,119,709716,0
202605,Medicaid,Clinical DRG,Approval,Approved,Audit,Desk Audit,15,53535,0
202602,Commercial,Coordination of Benefits,Final Selection,Coding Review,Approval,Approved,51,462264,0
202601,Commercial,Technical/Coding,Final Selection,Coding Review,Approval,Rejected,49,142835,0
202603,Commercial,Technical/Coding,Final Selection,Clinical Review,Approval,Approved,19,34694,0
202602,Medicaid,Data Mining,Final Selection,Coding Review,Approval,Approved,8,26032,0
202602,Medicaid,Technical/Coding,Inflow,Hotline,Inscope,In Scope,96,671520,0
202605,Medicare,Clinical DRG,Audit,Field Audit,Finding,No Finding,9,77769,0
202601,Medicaid,Coordination of Benefits,Inflow,Random Sample,Inscope,Out of Scope,165,1152525,0
202601,Medicaid,Technical/Coding,Inscope,In Scope,Initial Selection,Query,111,1025862,0
202601,Commercial,Coordination of Benefits,Final Selection,Clinical Review,Approval,Approved,12,95196,0
202603,Medicaid,Data Mining,Audit,Automated Review,Finding,Overpayment,22,74470,8106
202602,Medicare,Coordination of Benefits,Final Selection,Coding Review,Approval,Approved,46,94668,0
202604,Commercial,Coordination of Benefits,Audit,Desk Audit,Finding,No Finding,19,104310,0
202606,Medicare,Coordination of Benefits,Inscope,In Scope,Initial Selection,Query,84,699552,0
202603,Medicare,Clinical DRG,Audit,Automated Review,Finding,No Finding,8,58064,0
202606,Medicare,Coordination of Benefits,Approval,Approved,Audit,Desk Audit,44,201168,0
202606,Medicare,Technical/Coding,Final Selection,Coding Review,Approval,Approved,39,358722,0
202603,Medicaid,Clinical DRG,Inscope,In Scope,Initial Selection,Manual,52,473304,0
202604,Commercial,Coordination of Benefits,Audit,Field Audit,Finding,No Finding,13,113061,0
202601,Medicaid,Data Mining,Audit,Field Audit,Finding,Documentation Error,18,134568,0
202604,Medicare,Technical/Coding,Audit,Field Audit,Finding,No Finding,24,121128,0
202605,Commercial,Coordination of Benefits,Final Selection,Clinical Review,Approval,Approved,41,281055,0
202602,Commercial,Data Mining,Audit,Desk Audit,Finding,Overpayment,12,80964,11424
202605,Medicare,Clinical DRG,Inscope,In Scope,Initial Selection,Query,204,1714416,0
202606,Medicare,Data Mining,Initial Selection,Query,Final Selection,Coding Review,77,207361,0
202603,Medicare,Coordination of Benefits,Initial Selection,Manual,Final Selection,Clinical Review,39,120510,0
202604,Medicaid,Technical/Coding,Inflow,Provider Referral,Inscope,Out of Scope,191,1263083,0
202606,Medicare,Clinical DRG,Final Selection,Clinical Review,Approval,Approved,23,46161,0
202604,Commercial,Data Mining,Approval,Approved,Audit,Desk Audit,23,68839,0
202605,Medicare,Clinical DRG,Audit,Automated Review,Finding,No Finding,32,268032,0
202606,Medicaid,Clinical DRG,Inscope,In Scope,Initial Selection,Manual,185,1481295,0
202603,Medicaid,Data Mining,Final Selection,Clinical Review,Approval,Approved,19,123785,0
202602,Medicaid,Technical/Coding,Final Selection,Clinical Review,Approval,Approved,16,29360,0
202603,Medicaid,Technical/Coding,Approval,Approved,Audit,Automated Review,26,165750,0
202606,Commercial,Data Mining,Inflow,Provider Referral,Inscope,In Scope,94,684038,0
202604,Commercial,Technical/Coding,Audit,Field Audit,Finding,No Finding,37,240204,0
202603,Medicare,Clinical DRG,Approval,Approved,Audit,Desk Audit,24,130968,0
202603,Commercial,Clinical DRG,Inflow,Hotline,Inscope,In Scope,129,526062,0
202604,Commercial,Coordination of Benefits,Inscope,In Scope,Initial Selection,Query,53,158523,0
202605,Medicaid,Coordination of Benefits,Final Selection,Clinical Review,Approval,Approved,46,273470,0
202604,Medicare,Coordination of Benefits,Inflow,Hotline,Inscope,In Scope,56,318584,0
202603,Commercial,Coordination of Benefits,Final Selection,Coding Review,Approval,Rejected,20,132420,0
202603,Commercial,Coordination of Benefits,Final Selection,Clinical Review,Approval,Approved,32,251392,0
202602,Commercial,Data Mining,Inflow,Data Mining,Inscope,In Scope,73,226300,0
202601,Medicaid,Coordination of Benefits,Inscope,In Scope,Initial Selection,Query,91,175994,0
202604,Medicaid,Data Mining,Final Selection,Coding Review,Approval,Approved,52,452452,0
202602,Medicare,Coordination of Benefits,Inflow,Data Mining,Inscope,Out of Scope,69,582291,0
202602,Commercial,Coordination of Benefits,Approval,Approved,Audit,Field Audit,4,23636,0
202605,Medicare,Data Mining,Inflow,Data Mining,Inscope,In Scope,212,502864,0
202603,Medicare,Coordination of Benefits,Audit,Automated Review,Finding,Overpayment,21,135156,35928
202601,Medicaid,Technical/Coding,Inflow,Provider Referral,Inscope,In Scope,207,1449414,0
202604,Medicaid,Coordination of Benefits,Approval,Approved,Audit,Desk Audit,6,41850,0
202605,Medicaid,Coordination of Benefits,Audit,Automated Review,Finding,Documentation Error,34,212908,0
202602,Medicare,Clinical DRG,Audit,Field Audit,Finding,No Finding,9,69237,0
202601,Commercial,Data Mining,Inflow,Random Sample,Inscope,In Scope,75,593625,0
202604,Medicare,Clinical DRG,Inscope,In Scope,Initial Selection,Manual,118,464212,0
202606,Commercial,Technical/Coding,Inflow,Hotline,Inscope,In Scope,130,991640,0
202603,Commercial,Technical/Coding,Initial Selection,Experimental,Final Selection,Clinical Review,39,226161,0
202602,Medicaid,Data Mining,Final Selection,Coding Review,Approval,Approved,44,222860,0
202601,Medicaid,Coordination of Benefits,Approval,Approved,Audit,Desk Audit,24,56664,0
202601,Commercial,Coordination of Benefits,Final Selection,Clinical Review,Approval,Approved,45,129150,0
202604,Commercial,Clinical DRG,Initial Selection,Query,Final Selection,Clinical Review,82,451984,0
202603,Medicare,Technical/Coding,Audit,Field Audit,Finding,No Finding,33,168399,0
202603,Commercial,Clinical DRG,Approval,Approved,Audit,Automated Review,36,89316,0
202605,Medicaid,Data Mining,Inflow,Random Sample,Inscope,In Scope,156,1288248,0
202603,Medicaid,Coordination of Benefits,Approval,Approved,Audit,Automated Review,5,12665,0
202606,Commercial,Data Mining,Inscope,In Scope,Initial Selection,Experimental,22,50204,0
202604,Commercial,Coordination of Benefits,Initial Selection,Experimental,Final Selection,Coding Review,60,425400,0
202604,Commercial,Coordination of Benefits,Initial Selection,Manual,Final Selection,Clinical Review,12,92628,0
202605,Medicaid,Clinical DRG,Final Selection,Clinical Review,Approval,Approved,16,27328,0
202602,Commercial,Data Mining,Final Selection,Coding Review,Approval,Rejected,51,333030,0
202606,Medicaid,Coordination of Benefits,Approval,Approved,Audit,Field Audit,37,263810,0
202604,Medicaid,Clinical DRG,Inscope,In Scope,Initial Selection,Manual,42,347928,0
202601,Commercial,Technical/Coding,Inflow,Data Mining,Inscope,In Scope,59,408398,0
202602,Medicaid,Technical/Coding,Inflow,Hotline,Inscope,In Scope,62,339884,0
202604,Medicare,Clinical DRG,Inscope,In Scope,Initial Selection,Query,127,1205865,0
202604,Medicaid,Clinical DRG,Final Selection,Clinical Review,Approval,Approved,50,419700,0
202604,Medicare,Coordination of Benefits,Inflow,Provider Referral,Inscope,In Scope,204,1047948,0
202604,Medicaid,Coordination of Benefits,Inflow,Random Sample,Inscope,In Scope,131,843771,0
202606,Commercial,Data Mining,Inscope,In Scope,Initial Selection,Query,84,530964,0
202603,Commercial,Clinical DRG,Initial Selection,Experimental,Final Selection,Clinical Review,52,132964,0
202604,Commercial,Coordination of Benefits,Final Selection,Coding Review,Approval,Approved,21,158529,0
202602,Medicaid,Coordination of Benefits,Final Selection,Clinical Review,Approval,Approved,39,352833,0
202606,Medicaid,Data Mining,Inscope,In Scope,Initial Selection,Query,82,775884,0
202604,Commercial,Coordination of Benefits,Final Selection,Clinical Review,Approval,Approved,21,152418,0
202606,Medicare,Data Mining,Inscope,In Scope,Initial Selection,Manual,139,782709,0
202601,Medicaid,Data Mining,Initial Selection,Manual,Final Selection,Clinical Review,11,19228,0
202603,Medicaid,Coordination of Benefits,Audit,Desk Audit,Finding,Overpayment,23,42803,10331
202603,Medicaid,Clinical DRG,Approval,Approved,Audit,Desk Audit,19,106096,0
202603,Medicaid,Coordination of Benefits,Inflow,Hotline,Inscope,Out of Scope,169,1479933,0
202605,Commercial,Clinical DRG,Audit,Desk Audit,Finding,Documentation Error,26,211770,0
202604,Medicare,Clinical DRG,Approval,Approved,Audit,Automated Review,9,51795,0
202601,Medicare,Clinical DRG,Inscope,In Scope,Initial Selection,Manual,91,673491,0
202604,Commercial,Data Mining,Audit,Desk Audit,Finding,Overpayment,18,78138,19052
202601,Medicare,Data Mining,Final Selection,Clinical Review,Approval,Approved,67,367160,0
202603,Medicaid,Technical/Coding,Inflow,Hotline,Inscope,In Scope,219,1094781,0
202603,Commercial,Technical/Coding,Inscope,In Scope,Initial Selection,Query,41,334888,0
202604,Medicaid,Data Mining,Final Selection,Coding Review,Approval,Pending,34,94928,0
202601,Commercial,Clinical DRG,Inflow,Hotline,Inscope,In Scope,234,689364,0
202604,Medicare,Data Mining,Inflow,Data Mining,Inscope,Out of Scope,41,277734,0
202606,Commercial,Coordination of Benefits,Final Selection,Coding Review,Approval,Rejected,44,269940,0
202603,Commercial,Coordination of Benefits,Initial Selection,Manual,Final Selection,Coding Review,44,290400,0
202602,Commercial,Data Mining,Final Selection,Clinical Review,Approval,Rejected,43,346494,0
202605,Commercial,Data Mining,Audit,Field Audit,Finding,Documentation Error,35,241990,0
202604,Medicare,Coordination of Benefits,Inflow,Provider Referral,Inscope,In Scope,122,919880,0
202606,Commercial,Technical/Coding,Approval,Approved,Audit,Desk Audit,32,195840,0
202603,Commercial,Coordination of Benefits,Audit,Desk Audit,Finding,Overpayment,33,198759,39453
202602,Medicaid,Data Mining,Approval,Approved,Audit,Automated Review,48,223440,0
202603,Commercial,Coordination of Benefits,Inflow,Provider Referral,Inscope,In Scope,45,237420,0
202603,Commercial,Clinical DRG,Final Selection,Coding Review,Approval,Pending,65,501085,0
202605,Commercial,Technical/Coding,Initial Selection,Query,Final Selection,Clinical Review,73,604221,0
202606,Commercial,Technical/Coding,Audit,Field Audit,Finding,No Finding,15,36930,0
202603,Commercial,Technical/Coding,Initial Selection,Query,Final Selection,Clinical Review,67,340829,0
202604,Medicare,Clinical DRG,Inflow,Random Sample,Inscope,Out of Scope,188,631492,0
202604,Medicare,Coordination of Benefits,Audit,Automated Review,Finding,No Finding,29,169679,0
202604,Medicaid,Data Mining,Audit,Field Audit,Finding,Documentation Error,33,304491,0
202604,Commercial,Data Mining,Inscope,In Scope,Initial Selection,Query,94,697950,0
202604,Medicare,Clinical DRG,Audit,Desk Audit,Finding,No Finding,7,54005,0
202602,Commercial,Coordination of Benefits,Inflow,Random Sample,Inscope,In Scope,96,603168,0
202603,Medicare,Technical/Coding,Inflow,Hotline,Inscope,In Scope,141,575844,0
202603,Medicaid,Clinical DRG,Inscope,In Scope,Initial Selection,Query,104,207792,0
202603,Medicaid,Technical/Coding,Inscope,In Scope,Initial Selection,Manual,119,530264,0
202601,Medicare,Data Mining,Final Selection,Coding Review,Approval,Approved,32,256000,0
202604,Medicaid,Technical/Coding,Inscope,In Scope,Initial Selection,Query,141,744198,0
202602,Commercial,Coordination of Benefits,Inflow,Random Sample,Inscope,In Scope,102,446454,0
202605,Medicare,Data Mining,Audit,Field Audit,Finding,No Finding,12,88716,0
202601,Commercial,Coordination of Benefits,Approval,Approved,Audit,Field Audit,8,25408,0
202605,Commercial,Clinical DRG,Approval,Approved,Audit,Automated Review,35,313145,0
202601,Medicare,Technical/Coding,Inflow,Hotline,Inscope,In Scope,102,856392,0
202606,Commercial,Data Mining,Inflow,Hotline,Inscope,In Scope,31,174406,0
202601,Medicaid,Data Mining,Inscope,In Scope,Initial Selection,Manual,106,445094,0
202604,Medicaid,Clinical DRG,Inflow,Provider Referral,Inscope,In Scope,108,300132,0
202602,Medicaid,Clinical DRG,Inscope,In Scope,Initial Selection,Experimental,157,468802,0
202601,Commercial,Coordination of Benefits,Inscope,In Scope,Initial Selection,Query,58,278052,0
202601,Medicaid,Technical/Coding,Final Selection,Coding Review,Approval,Approved,64,573952,0
202601,Medicare,Technical/Coding,Inscope,In Scope,Initial Selection,Query,183,1048956,0
202604,Medicare,Coordination of Benefits,Inflow,Hotline,Inscope,In Scope,127,271272,0
202604,Medicare,Data Mining,Audit,Desk Audit,Finding,Documentation Error,5,19020,0
202605,Commercial,Clinical DRG,Inscope,In Scope,Initial Selection,Manual,98,514794,0
202601,Commercial,Technical/Coding,Inscope,In Scope,Initial Selection,Query,47,376282,0
202602,Commercial,Data Mining,Approval,Approved,Audit,Desk Audit,45,243270,0
202605,Medicaid,Technical/Coding,Inflow,Provider Referral,Inscope,Out of Scope,149,571862,0
202605,Medicaid,Data Mining,Initial Selection,Experimental,Final Selection,Clinical Review,75,433500,0
202603,Medicare,Technical/Coding,Audit,Automated Review,Finding,No Finding,21,49014,0
202604,Commercial,Clinical DRG,Inscope,In Scope,Initial Selection,Experimental,59,389400,0
202605,Medicaid,Coordination of Benefits,Audit,Field Audit,Finding,Documentation Error,31,164548,0
202603,Medicare,Coordination of Benefits,Initial Selection,Manual,Final Selection,Clinical Review,59,253110,0
202601,Commercial,Technical/Coding,Audit,Desk Audit,Finding,No Finding,4,35936,0
202601,Commercial,Technical/Coding,Final Selection,Coding Review,Approval,Approved,42,95088,0
202606,Commercial,Clinical DRG,Approval,Approved,Audit,Automated Review,54,383454,0
202604,Commercial,Clinical DRG,Initial Selection,Query,Final Selection,Coding Review,41,195488,0
202602,Commercial,Clinical DRG,Inflow,Random Sample,Inscope,In Scope,78,408798,0
202601,Medicare,Clinical DRG,Initial Selection,Experimental,Final Selection,Coding Review,50,158400,0
202601,Commercial,Coordination of Benefits,Audit,Desk Audit,Finding,Overpayment,22,100606,8788
202604,Commercial,Technical/Coding,Inflow,Data Mining,Inscope,Out of Scope,181,876764,0
202601,Medicaid,Data Mining,Inscope,In Scope,Initial Selection,Query,112,795872,0
202606,Commercial,Technical/Coding,Inflow,Data Mining,Inscope,In Scope,55,204930,0
202605,Medicare,Coordination of Benefits,Inscope,In Scope,Initial Selection,Experimental,143,1022736,0
202605,Commercial,Coordination of Benefits,Audit,Automated Review,Finding,Documentation Error,3,27849,0
202604,Commercial,Clinical DRG,Initial Selection,Query,Final Selection,Coding Review,46,176824,0
202601,Commercial,Data Mining,Final Selection,Coding Review,Approval,Approved,8,70720,0
202606,Medicare,Clinical DRG,Initial Selection,Query,Final Selection,Coding Review,45,73890,0
202604,Medicare,Coordination of Benefits,Inflow,Provider Referral,Inscope,Out of Scope,80,579840,0
202604,Medicare,Technical/Coding,Inscope,In Scope,Initial Selection,Manual,34,228752,0
202606,Medicare,Clinical DRG,Final Selection,Coding Review,Approval,Rejected,61,495930,0
202606,Medicaid,Coordination of Benefits,Inscope,In Scope,Initial Selection,Query,68,572492,0
202601,Medicaid,Technical/Coding,Inflow,Random Sample,Inscope,In Scope,186,977802,0
202605,Medicare,Clinical DRG,Inflow,Provider Referral,Inscope,In Scope,260,554320,0
202602,Medicare,Data Mining,Inflow,Hotline,Inscope,In Scope,145,310010,0
202601,Commercial,Clinical DRG,Approval,Approved,Audit,Desk Audit,28,136920,0
202601,Commercial,Data Mining,Inscope,In Scope,Initial Selection,Query,90,730170,0
202604,Commercial,Clinical DRG,Initial Selection,Experimental,Final Selection,Coding Review,80,144960,0
202604,Commercial,Coordination of Benefits,Approval,Approved,Audit,Desk Audit,4,25900,0
202606,Medicare,Technical/Coding,Approval,Approved,Audit,Field Audit,23,103753,0
202604,Medicaid,Data Mining,Inscope,In Scope,Initial Selection,Manual,23,48185,0
202602,Medicaid,Data Mining,Approval,Approved,Audit,Desk Audit,33,262416,0
202602,Medicare,Data Mining,Initial Selection,Experimental,Final Selection,Clinical Review,43,71638,0
202605,Commercial,Technical/Coding,Inflow,Data Mining,Inscope,In Scope,229,1415907,0
202601,Medicaid,Coordination of Benefits,Inscope,In Scope,Initial Selection,Query,46,369472,0
202601,Medicaid,Technical/Coding,Audit,Field Audit,Finding,No Finding,26,169338,0
202606,Medicaid,Coordination of Benefits,Approval,Approved,Audit,Desk Audit,12,29496,0
202604,Medicare,Data Mining,Inscope,In Scope,Initial Selection,Query,156,543816,0
202604,Commercial,Technical/Coding,Inscope,In Scope,Initial Selection,Query,162,699030,0
202606,Medicaid,Technical/Coding,Final Selection,Clinical Review,Approval,Rejected,7,32004,0
202601,Medicare,Coordination of Benefits,Inflow,Provider Referral,Inscope,In Scope,135,430920,0
202606,Commercial,Coordination of Benefits,Inflow,Provider Referral,Inscope,In Scope,78,236028,0
202602,Medicaid,Technical/Coding,Initial Selection,Experimental,Final Selection,Clinical Review,25,44400,0
202602,Medicaid,Clinical DRG,Inflow,Data Mining,Inscope,In Scope,249,2203650,0
202601,Medicaid,Technical/Coding,Initial Selection,Query,Final Selection,Clinical Review,79,367350,0
202606,Medicare,Data Mining,Audit,Desk Audit,Finding,Overpayment,11,89221,10521
202605,Medicaid,Coordination of Benefits,Initial Selection,Experimental,Final Selection,Clinical Review,53,190959,0
202601,Commercial,Technical/Coding,Approval,Approved,Audit,Automated Review,22,79728,0
202601,Commercial,Coordination of Benefits,Inscope,In Scope,Initial Selection,Manual,26,208702,0
202604,Commercial,Clinical DRG,Inscope,In Scope,Initial Selection,Query,144,1116432,0
202605,Medicaid,Data Mining,Approval,Approved,Audit,Desk Audit,41,191142,0
202605,Commercial,Data Mining,Audit,Field Audit,Finding,No Finding,27,131868,0
202606,Commercial,Clinical DRG,Inscope,In Scope,Initial Selection,Experimental,106,919126,0
202602,Medicaid,Technical/Coding,Initial Selection,Query,Final Selection,Coding Review,58,167446,0
202603,Medicaid,Clinical DRG,Inscope,In Scope,Initial Selection,Manual,124,555520,0
202602,Commercial,Clinical DRG,Final Selection,Coding Review,Approval,Approved,41,210863,0
202604,Medicaid,Data Mining,Initial Selection,Query,Final Selection,Clinical Review,21,109578,0
202602,Medicaid,Clinical DRG,Initial Selection,Manual,Final Selection,Clinical Review,57,330600,0
202605,Commercial,Clinical DRG,Initial Selection,Manual,Final Selection,Clinical Review,15,68265,0
202601,Commercial,Technical/Coding,Initial Selection,Manual,Final Selection,Coding Review,29,118291,0
202606,Commercial,Coordination of Benefits,Inscope,In Scope,Initial Selection,Experimental,126,940716,0
202606,Commercial,Coordination of Benefits,Inflow,Hotline,Inscope,In Scope,91,729365,0
202604,Medicaid,Clinical DRG,Final Selection,Clinical Review,Approval,Rejected,24,82992,0
202606,Commercial,Technical/Coding,Final Selection,Clinical Review,Approval,Approved,58,355366,0
202604,Commercial,Data Mining,Initial Selection,Manual,Final Selection,Clinical Review,21,107352,0
202606,Medicaid,Technical/Coding,Final Selection,Coding Review,Approval,Rejected,8,37352,0
202602,Commercial,Technical/Coding,Initial Selection,Experimental,Final Selection,Clinical Review,76,531772,0
202603,Medicaid,Technical/Coding,Final Selection,Coding Review,Approval,Approved,34,266866,0
202606,Commercial,Coordination of Benefits,Initial Selection,Experimental,Final Selection,Clinical Review,62,115506,0
202602,Medicare,Coordination of Benefits,Approval,Approved,Audit,Automated Review,16,149936,0
202604,Medicare,Data Mining,Inscope,In Scope,Initial Selection,Manual,131,1241880,0
202604,Commercial,Coordination of Benefits,Inflow,Data Mining,Inscope,In Scope,134,409370,0
202601,Commercial,Data Mining,Inflow,Data Mining,Inscope,In Scope,108,423900,0
202602,Medicare,Coordination of Benefits,Audit,Automated Review,Finding,Overpayment,6,27714,5091
202602,Medicaid,Data Mining,Final Selection,Clinical Review,Approval,Pending,14,83916,0
202604,Medicaid,Clinical DRG,Final Selection,Clinical Review,Approval,Approved,22,91014,0
202604,Commercial,Data Mining,Inscope,In Scope,Initial Selection,Query,97,724687,0
202606,Medicaid,Coordination of Benefits,Inscope,In Scope,Initial Selection,Experimental,84,178416,0
202604,Commercial,Technical/Coding,Approval,Approved,Audit,Automated Review,31,166439,0
202604,Commercial,Clinical DRG,Audit,Desk Audit,Finding,No Finding,26,115440,0
202606,Commercial,Coordination of Benefits,Final Selection,Clinical Review,Approval,Approved,15,134580,0
202605,Commercial,Data Mining,Final Selection,Coding Review,Approval,Rejected,16,117152,0
202605,Medicare,Data Mining,Audit,Desk Audit,Finding,Overpayment,12,46104,11826
202605,Medicaid,Clinical DRG,Audit,Automated Review,Finding,No Finding,15,135660,0
202604,Medicaid,Clinical DRG,Initial Selection,Manual,Final Selection,Coding Review,57,449103,0
202603,Medicaid,Data Mining,Inscope,In Scope,Initial Selection,Manual,23,123878,0
202601,Medicare,Data Mining,Final Selection,Coding Review,Approval,Approved,21,101829,0
202601,Medicare,Coordination of Benefits,Inflow,Data Mining,Inscope,In Scope,212,1145436,0
202604,Medicaid,Clinical DRG,Inflow,Data Mining,Inscope,In Scope,151,414948,0
202604,Medicaid,Technical/Coding,Inscope,In Scope,Initial Selection,Query,50,200450,0
202601,Commercial,Data Mining,Inscope,In Scope,Initial Selection,Query,17,121533,0
202603,Medicare,Data Mining,Initial Selection,Manual,Final Selection,Clinical Review,12,106944,0
202606,Commercial,Technical/Coding,Final Selection,Clinical Review,Approval,Rejected,60,352980,0
202606,Commercial,Clinical DRG,Final Selection,Coding Review,Approval,Approved,50,81900,0
202601,Medicaid,Technical/Coding,Inscope,In Scope,Initial Selection,Experimental,55,129140,0
202601,Medicaid,Clinical DRG,Inflow,Hotline,Inscope,Out of Scope,219,1550520,0
202601,Medicare,Clinical DRG,Audit,Desk Audit,Finding,No Finding,8,40040,0
202605,Medicare,Coordination of Benefits,Initial Selection,Experimental,Final Selection,Coding Review,61,201056,0
202605,Medicaid,Data Mining,Inflow,Data Mining,Inscope,In Scope,106,450394,0
202602,Medicare,Data Mining,Audit,Field Audit,Finding,Overpayment,15,80370,9967
202606,Medicaid,Coordination of Benefits,Inflow,Provider Referral,Inscope,Out of Scope,109,443630,0
202605,Medicaid,Clinical DRG,Audit,Automated Review,Finding,No Finding,33,99132,0
202603,Medicare,Coordination of Benefits,Audit,Automated Review,Finding,No Finding,39,283998,0
202602,Medicaid,Technical/Coding,Audit,Automated Review,Finding,No Finding,35,194215,0
202601,Medicaid,Clinical DRG,Approval,Approved,Audit,Desk Audit,45,345420,0
202602,Commercial,Clinical DRG,Inscope,In Scope,Initial Selection,Query,42,173460,0
202602,Commercial,Data Mining,Inscope,In Scope,Initial Selection,Manual,76,432060,0
202603,Medicare,Technical/Coding,Final Selection,Clinical Review,Approval,Approved,26,238264,0
202606,Commercial,Data Mining,Audit,Field Audit,Finding,Overpayment,16,109952,26101
202601,Commercial,Data Mining,Audit,Field Audit,Finding,No Finding,13,110994,0
202606,Medicaid,Coordination of Benefits,Inscope,In Scope,Initial Selection,Query,118,428812,0
202606,Commercial,Technical/Coding,Approval,Approved,Audit,Field Audit,15,78345,0
202606,Medicare,Clinical DRG,Final Selection,Clinical Review,Approval,Pending,13,88348,0
202602,Medicare,Technical/Coding,Inflow,Data Mining,Inscope,In Scope,278,2255692,0
202602,Medicare,Clinical DRG,Final Selection,Coding Review,Approval,Approved,72,231696,0
202602,Medicaid,Technical/Coding,Approval,Approved,Audit,Desk Audit,38,200336,0
202606,Medicare,Coordination of Benefits,Final Selection,Clinical Review,Approval,Pending,31,150722,0
202604,Medicare,Data Mining,Final Selection,Coding Review,Approval,Approved,61,314150,0
202602,Medicaid,Clinical DRG,Final Selection,Coding Review,Approval,Rejected,65,586625,0
202603,Commercial,Technical/Coding,Approval,Approved,Audit,Desk Audit,30,123150,0
202604,Medicaid,Data Mining,Approval,Approved,Audit,Desk Audit,11,82016,0
202604,Medicare,Technical/Coding,Inscope,In Scope,Initial Selection,Manual,129,978207,0
202606,Medicaid,Data Mining,Final Selection,Coding Review,Approval,Pending,53,246768,0
202604,Medicaid,Coordination of Benefits,Audit,Automated Review,Finding,Overpayment,5,45745,4798
202605,Medicare,Technical/Coding,Final Selection,Coding Review,Approval,Approved,68,511088,0
202603,Commercial,Data Mining,Audit,Automated Review,Finding,No Finding,6,41592,0
202604,Medicaid,Technical/Coding,Inscope,In Scope,Initial Selection,Manual,169,770640,0
202606,Commercial,Clinical DRG,Audit,Automated Review,Finding,No Finding,17,111503,0
202604,Commercial,Technical/Coding,Initial Selection,Manual,Final Selection,Clinical Review,63,535059,0
202602,Medicare,Clinical DRG,Inflow,Random Sample,Inscope,In Scope,225,2020500,0
202601,Commercial,Technical/Coding,Final Selection,Clinical Review,Approval,Rejected,23,167141,0
202603,Commercial,Data Mining,Approval,Approved,Audit,Automated Review,42,368718,0
202606,Medicare,Clinical DRG,Audit,Automated Review,Finding,No Finding,26,215020,0
202602,Medicaid,Technical/Coding,Audit,Field Audit,Finding,No Finding,4,11916,0
202604,Medicare,Clinical DRG,Inflow,Random Sample,Inscope,In Scope,247,978614,0
202606,Medicaid,Technical/Coding,Inscope,In Scope,Initial Selection,Manual,42,135324,0
202604,Medicare,Clinical DRG,Final Selection,Clinical Review,Approval,Approved,13,100659,0
202602,Medicare,Coordination of Benefits,Final Selection,Coding Review,Approval,Approved,48,119712,0
202606,Medicare,Clinical DRG,Initial Selection,Manual,Final Selection,Clinical Review,41,87166,0
202603,Medicare,Technical/Coding,Final Selection,Coding Review,Approval,Approved,15,25155,0
202601,Medicaid,Clinical DRG,Audit,Automated Review,Finding,No Finding,6,14358,0
202602,Commercial,Clinical DRG,Final Selection,Coding Review,Approval,Pending,41,319800,0
202603,Commercial,Data Mining,Initial Selection,Query,Final Selection,Coding Review,33,138006,0
202602,Medicaid,Data Mining,Final Selection,Clinical Review,Approval,Pending,27,221508,0
202601,Medicare,Data Mining,Audit,Field Audit,Finding,No Finding,11,19910,0
202605,Medicare,Coordination of Benefits,Audit,Desk Audit,Finding,No Finding,32,231072,0
202606,Medicaid,Data Mining,Audit,Desk Audit,Finding,Overpayment,31,292764,78574
202603,Medicare,Coordination of Benefits,Inflow,Hotline,Inscope,In Scope,82,538740,0
202604,Medicaid,Clinical DRG,Initial Selection,Query,Final Selection,Coding Review,54,377622,0
202606,Medicare,Data Mining,Initial Selection,Experimental,Final Selection,Clinical Review,22,191950,0
202605,Commercial,Clinical DRG,Inscope,In Scope,Initial Selection,Query,77,648186,0
202606,Commercial,Data Mining,Inscope,In Scope,Initial Selection,Experimental,94,660632,0
202605,Medicare,Technical/Coding,Inscope,In Scope,Initial Selection,Query,163,1195279,0
202601,Medicare,Data Mining,Audit,Desk Audit,Finding,Overpayment,20,179880,28186
202603,Medicare,Coordination of Benefits,Audit,Field Audit,Finding,Documentation Error,34,88672,0
202606,Medicare,Data Mining,Inflow,Hotline,Inscope,Out of Scope,184,1449368,0
202605,Medicare,Coordination of Benefits,Final Selection,Coding Review,Approval,Approved,59,365977,0
202604,Medicare,Technical/Coding,Initial Selection,Manual,Final Selection,Clinical Review,21,48930,0
202603,Commercial,Technical/Coding,Audit,Desk Audit,Finding,No Finding,9,77310,0
202603,Medicaid,Clinical DRG,Initial Selection,Manual,Final Selection,Clinical Review,27,230553,0
202604,Medicaid,Coordination of Benefits,Initial Selection,Experimental,Final Selection,Coding Review,16,93712,0
202606,Commercial,Technical/Coding,Inflow,Random Sample,Inscope,In Scope,137,573756,0
202602,Medicaid,Technical/Coding,Final Selection,Coding Review,Approval,Approved,26,72644,0
202606,Commercial,Clinical DRG,Approval,Approved,Audit,Desk Audit,46,120106,0
202603,Commercial,Data Mining,Audit,Desk Audit,Finding,No Finding,32,149920,0
202601,Medicaid,Technical/Coding,Audit,Desk Audit,Finding,No Finding,42,144606,0
202606,Commercial,Clinical DRG,Inscope,In Scope,Initial Selection,Query,76,628976,0
202606,Medicare,Clinical DRG,Approval,Approved,Audit,Desk Audit,56,306768,0
202603,Medicaid,Data Mining,Inflow,Hotline,Inscope,In Scope,68,499324,0
202605,Medicaid,Clinical DRG,Inscope,In Scope,Initial Selection,Query,137,1190941,0
202601,Commercial,Coordination of Benefits,Final Selection,Clinical Review,Approval,Approved,30,219030,0
202604,Medicaid,Technical/Coding,Inscope,In Scope,Initial Selection,Experimental,54,411642,0
202606,Medicare,Coordination of Benefits,Audit,Automated Review,Finding,Overpayment,40,345280,37815
202604,Commercial,Technical/Coding,Inflow,Provider Referral,Inscope,In Scope,141,433011,0
202601,Medicare,Coordination of Benefits,Approval,Approved,Audit,Automated Review,40,300760,0
202604,Medicare,Clinical DRG,Inflow,Data Mining,Inscope,In Scope,131,947785,0
202605,Medicare,Data Mining,Audit,Automated Review,Finding,No Finding,43,232114,0
202606,Medicaid,Coordination of Benefits,Audit,Automated Review,Finding,No Finding,4,10332,0
202601,Medicare,Clinical DRG,Final Selection,Clinical Review,Approval,Approved,59,371110,0
202604,Medicaid,Clinical DRG,Approval,Approved,Audit,Desk Audit,46,338376,0
202604,Medicaid,Technical/Coding,Inflow,Hotline,Inscope,In Scope,229,1374687,0
202602,Medicaid,Clinical DRG,Final Selection,Coding Review,Approval,Approved,71,453690,0
202605,Commercial,Clinical DRG,Inscope,In Scope,Initial Selection,Manual,135,984825,0
202602,Medicare,Data Mining,Initial Selection,Manual,Final Selection,Clinical Review,62,203918,0
202606,Medicare,Clinical DRG,Approval,Approved,Audit,Automated Review,9,20637,0
202601,Commercial,Coordination of Benefits,Initial Selection,Experimental,Final Selection,Clinical Review,53,84800,0
202602,Medicaid,Clinical DRG,Approval,Approved,Audit,Field Audit,33,90585,0
202605,Medicaid,Coordination of Benefits,Approval,Approved,Audit,Field Audit,28,92932,0
202606,Medicare,Clinical DRG,Inscope,In Scope,Initial Selection,Manual,93,801009,0
202602,Medicare,Technical/Coding,Approval,Approved,Audit,Desk Audit,54,361638,0
202604,Medicare,Coordination of Benefits,Initial Selection,Query,Final Selection,Coding Review,22,107294,0
202604,Medicare,Coordination of Benefits,Audit,Field Audit,Finding,Documentation Error,10,59900,0
202602,Medicare,Coordination of Benefits,Audit,Automated Review,Finding,No Finding,36,167328,0
202605,Commercial,Technical/Coding,Final Selection,Clinical Review,Approval,Approved,58,298816,0
202604,Medicare,Technical/Coding,Inflow,Hotline,Inscope,In Scope,62,446586,0
202605,Medicaid,Clinical DRG,Initial Selection,Experimental,Final Selection,Clinical Review,41,326893,0
202603,Medicare,Technical/Coding,Initial Selection,Manual,Final Selection,Clinical Review,32,150432,0
202601,Medicare,Technical/Coding,Approval,Approved,Audit,Field Audit,59,330990,0
202601,Commercial,Coordination of Benefits,Audit,Automated Review,Finding,Documentation Error,24,91680,0
202605,Medicare,Clinical DRG,Inscope,In Scope,Initial Selection,Experimental,114,351120,0
202603,Commercial,Data Mining,Final Selection,Clinical Review,Approval,Approved,47,272929,0
202606,Medicare,Technical/Coding,Inscope,In Scope,Initial Selection,Query,78,158574,0
202606,Commercial,Coordination of Benefits,Audit,Desk Audit,Finding,No Finding,19,140391,0
202604,Medicare,Data Mining,Initial Selection,Query,Final Selection,Coding Review,34,319702,0
202604,Commercial,Technical/Coding,Initial Selection,Experimental,Final Selection,Coding Review,33,162690,0
202603,Medicare,Clinical DRG,Inflow,Data Mining,Inscope,Out of Scope,86,542832,0
202601,Medicare,Coordination of Benefits,Approval,Approved,Audit,Automated Review,5,47410,0
202604,Commercial,Technical/Coding,Final Selection,Coding Review,Approval,Approved,51,452625,0
202605,Commercial,Clinical DRG,Final Selection,Clinical Review,Approval,Approved,67,516570,0
202601,Commercial,Data Mining,Audit,Automated Review,Finding,No Finding,13,99489,0
202606,Commercial,Clinical DRG,Approval,Approved,Audit,Automated Review,45,414900,0
202605,Medicare,Technical/Coding,Inflow,Hotline,Inscope,Out of Scope,183,822402,0
202601,Medicaid,Data Mining,Final Selection,Clinical Review,Approval,Approved,13,56784,0
202606,Medicare,Clinical DRG,Initial Selection,Query,Final Selection,Coding Review,40,133800,0
202601,Commercial,Data Mining,Inscope,In Scope,Initial Selection,Experimental,120,698760,0
202601,Medicaid,Data Mining,Inflow,Hotline,Inscope,In Scope,130,557830,0
202603,Medicaid,Clinical DRG,Inflow,Hotline,Inscope,Out of Scope,79,386547,0
202603,Medicare,Clinical DRG,Final Selection,Coding Review,Approval,Approved,55,319715,0
202602,Medicaid,Clinical DRG,Final Selection,Clinical Review,Approval,Approved,57,207993,0
202602,Medicaid,Data Mining,Initial Selection,Query,Final Selection,Clinical Review,22,131868,0
202603,Medicare,Data Mining,Audit,Field Audit,Finding,Overpayment,22,169840,28327
202603,Commercial,Technical/Coding,Inflow,Data Mining,Inscope,In Scope,56,270592,0
202604,Commercial,Coordination of Benefits,Inflow,Data Mining,Inscope,In Scope,119,1125859,0
202606,Medicaid,Clinical DRG,Final Selection,Coding Review,Approval,Approved,68,488512,0
202606,Medicare,Coordination of Benefits,Final Selection,Coding Review,Approval,Approved,13,105209,0
202601,Medicare,Technical/Coding,Initial Selection,Experimental,Final Selection,Clinical Review,79,279423,0
202601,Commercial,Coordination of Benefits,Final Selection,Clinical Review,Approval,Approved,21,82131,0
202604,Medicare,Data Mining,Inscope,In Scope,Initial Selection,Query,55,200365,0
202603,Medicare,Coordination of Benefits,Audit,Desk Audit,Finding,No Finding,23,74175,0
202604,Commercial,Clinical DRG,Audit,Automated Review,Finding,No Finding,13,40885,0
202605,Commercial,Technical/Coding,Inscope,In Scope,Initial Selection,Manual,23,88389,0
202602,Medicare,Data Mining,Inflow,Data Mining,Inscope,In Scope,40,188600,0
202604,Commercial,Coordination of Benefits,Audit,Automated Review,Finding,Documentation Error,11,47883,0
202604,Medicaid,Clinical DRG,Approval,Approved,Audit,Field Audit,24,60024,0
202603,Medicaid,Coordination of Benefits,Initial Selection,Experimental,Final Selection,Clinical Review,30,267960,0
202601,Medicare,Clinical DRG,Inflow,Provider Referral,Inscope,In Scope,137,457032,0
202603,Medicaid,Coordination of Benefits,Approval,Approved,Audit,Desk Audit,16,149888,0
202604,Medicaid,Coordination of Benefits,Initial Selection,Manual,Final Selection,Clinical Review,8,57552,0
202605,Medicare,Coordination of Benefits,Initial Selection,Experimental,Final Selection,Coding Review,72,574488,0
202605,Commercial,Coordination of Benefits,Inscope,In Scope,Initial Selection,Manual,71,164294,0
202601,Medicare,Clinical DRG,Inflow,Data Mining,Inscope,In Scope,179,1643399,0
202601,Medicare,Coordination of Benefits,Initial Selection,Experimental,Final Selection,Clinical Review,73,237542,0
202605,Commercial,Technical/Coding,Inflow,Data Mining,Inscope,In Scope,159,1181211,0
202603,Commercial,Coordination of Benefits,Initial Selection,Query,Final Selection,Coding Review,15,135915,0
202604,Medicare,Data Mining,Final Selection,Clinical Review,Approval,Approved,27,197289,0
202602,Medicaid,Clinical DRG,Approval,Approved,Audit,Automated Review,49,154742,0
202606,Medicaid,Data Mining,Audit,Automated Review,Finding,Documentation Error,7,20685,0
202604,Commercial,Data Mining,Approval,Approved,Audit,Desk Audit,18,59310,0
202602,Medicare,Technical/Coding,Approval,Approved,Audit,Field Audit,6,52812,0
202605,Medicaid,Coordination of Benefits,Initial Selection,Manual,Final Selection,Clinical Review,26,159198,0
202601,Medicare,Technical/Coding,Inflow,Data Mining,Inscope,In Scope,221,621673,0
202603,Medicare,Coordination of Benefits,Inflow,Data Mining,Inscope,Out of Scope,76,454404,0
202601,Medicare,Coordination of Benefits,Audit,Automated Review,Finding,Documentation Error,19,43339,0
202606,Commercial,Coordination of Benefits,Audit,Desk Audit,Finding,No Finding,26,104390,0
202603,Medicare,Clinical DRG,Initial Selection,Manual,Final Selection,Coding Review,42,127974,0
202603,Medicare,Clinical DRG,Audit,Automated Review,Finding,No Finding,44,163152,0
202606,Commercial,Technical/Coding,Final Selection,Clinical Review,Approval,Approved,20,127280,0
202606,Medicaid,Technical/Coding,Final Selection,Clinical Review,Approval,Approved,37,170903,0
202602,Medicaid,Clinical DRG,Final Selection,Clinical Review,Approval,Approved,69,597816,0
202602,Medicare,Data Mining,Audit,Desk Audit,Finding,No Finding,5,20700,0
202602,Medicare,Data Mining,Audit,Automated Review,Finding,Overpayment,11,24090,3981
202604,Commercial,Data Mining,Inflow,Data Mining,Inscope,In Scope,204,345984,0
202605,Medicare,Data Mining,Final Selection,Clinical Review,Approval,Approved,8,62832,0
202606,Medicare,Technical/Coding,Inscope,In Scope,Initial Selection,Manual,156,1015872,0
202601,Medicare,Clinical DRG,Approval,Approved,Audit,Automated Review,13,42341,0
202602,Medicaid,Data Mining,Inscope,In Scope,Initial Selection,Manual,42,151074,0
202601,Commercial,Coordination of Benefits,Audit,Automated Review,Finding,Overpayment,34,66776,6715
202603,Medicare,Data Mining,Inscope,In Scope,Initial Selection,Experimental,23,79488,0
202604,Medicaid,Technical/Coding,Initial Selection,Experimental,Final Selection,Clinical Review,68,323068,0
202606,Commercial,Clinical DRG,Final Selection,Clinical Review,Approval,Pending,23,55959,0
202603,Medicaid,Clinical DRG,Approval,Approved,Audit,Desk Audit,11,98296,0
202601,Commercial,Technical/Coding,Inscope,In Scope,Initial Selection,Query,123,379455,0
202606,Medicaid,Technical/Coding,Audit,Automated Review,Finding,No Finding,42,165942,0
202603,Medicare,Coordination of Benefits,Final Selection,Coding Review,Approval,Pending,61,550830,0
202606,Medicare,Clinical DRG,Inscope,In Scope,Initial Selection,Manual,114,599526,0
202606,Medicaid,Clinical DRG,Inflow,Random Sample,Inscope,Out of Scope,105,292425,0
202601,Medicaid,Technical/Coding,Inscope,In Scope,Initial Selection,Manual,109,552848,0
202604,Commercial,Data Mining,Approval,Approved,Audit,Desk Audit,37,338513,0
202602,Medicaid,Data Mining,Approval,Approved,Audit,Field Audit,30,178860,0
202605,Medicare,Data Mining,Inflow,Random Sample,Inscope,In Scope,239,1740159,0
202606,Medicare,Clinical DRG,Inscope,In Scope,Initial Selection,Manual,26,118768,0
202605,Medicaid,Technical/Coding,Inflow,Provider Referral,Inscope,Out of Scope,117,1000584,0
202602,Medicaid,Data Mining,Inscope,In Scope,Initial Selection,Manual,156,536484,0
202601,Commercial,Technical/Coding,Inflow,Data Mining,Inscope,In Scope,29,211758,0
202604,Medicaid,Clinical DRG,Audit,Desk Audit,Finding,No Finding,8,44048,0
202605,Medicare,Clinical DRG,Inscope,In Scope,Initial Selection,Manual,80,178480,0
202601,Commercial,Data Mining,Inscope,In Scope,Initial Selection,Query,38,293664,0
202605,Commercial,Coordination of Benefits,Final Selection,Coding Review,Approval,Approved,30,240030,0
202606,Commercial,Clinical DRG,Initial Selection,Manual,Final Selection,Clinical Review,67,124821,0
202605,Medicare,Technical/Coding,Inflow,Random Sample,Inscope,Out of Scope,234,2191878,0
202604,Commercial,Coordination of Benefits,Approval,Approved,Audit,Field Audit,23,212290,0
202602,Medicaid,Clinical DRG,Approval,Approved,Audit,Automated Review,13,99931,0
202602,Medicaid,Clinical DRG,Inscope,In Scope,Initial Selection,Manual,170,1050770,0
202605,Medicare,Data Mining,Final Selection,Coding Review,Approval,Approved,37,309912,0
202604,Medicare,Clinical DRG,Initial Selection,Experimental,Final Selection,Clinical Review,41,102008,0
202601,Medicare,Coordination of Benefits,Approval,Approved,Audit,Desk Audit,21,61593,0
202605,Medicare,Clinical DRG,Inscope,In Scope,Initial Selection,Query,96,301152,0
202605,Medicare,Clinical DRG,Inscope,In Scope,Initial Selection,Manual,157,977482,0
202601,Commercial,Data Mining,Inflow,Provider Referral,Inscope,In Scope,91,151879,0
202603,Medicaid,Data Mining,Approval,Approved,Audit,Desk Audit,25,188600,0
202603,Medicare,Clinical DRG,Initial Selection,Query,Final Selection,Coding Review,67,162609,0
202605,Medicare,Clinical DRG,Approval,Approved,Audit,Desk Audit,9,35784,0
202602,Medicare,Data Mining,Inflow,Provider Referral,Inscope,Out of Scope,90,796050,0
202602,Commercial,Technical/Coding,Audit,Desk Audit,Finding,Documentation Error,26,151554,0
202606,Commercial,Coordination of Benefits,Final Selection,Clinical Review,Approval,Approved,25,167675,0
202604,Medicare,Data Mining,Inscope,In Scope,Initial Selection,Experimental,139,307746,0
202602,Commercial,Data Mining,Inflow,Provider Referral,Inscope,In Scope,91,553462,0
202601,Medicaid,Clinical DRG,Final Selection,Coding Review,Approval,Approved,29,84738,0
202601,Medicaid,Coordination of Benefits,Initial Selection,Manual,Final Selection,Clinical Review,59,467457,0
202604,Medicaid,Data Mining,Initial Selection,Query,Final Selection,Coding Review,18,167382,0
202601,Commercial,Data Mining,Inflow,Hotline,Inscope,Out of Scope,112,554400,0
202605,Commercial,Technical/Coding,Final Selection,Coding Review,Approval,Approved,47,441753,0
202603,Medicaid,Clinical DRG,Audit,Field Audit,Finding,No Finding,18,158166,0
202606,Medicare,Clinical DRG,Audit,Desk Audit,Finding,No Finding,38,63270,0
202602,Medicare,Coordination of Benefits,Final Selection,Clinical Review,Approval,Approved,11,37697,0
202604,Medicaid,Clinical DRG,Initial Selection,Query,Final Selection,Coding Review,60,538380,0
202604,Medicare,Clinical DRG,Inscope,In Scope,Initial Selection,Experimental,116,915588,0
202604,Medicare,Data Mining,Initial Selection,Manual,Final Selection,Clinical Review,65,362895,0
202602,Commercial,Data Mining,Inflow,Hotline,Inscope,In Scope,144,414000,0
202604,Medicare,Technical/Coding,Initial Selection,Experimental,Final Selection,Clinical Review,71,563882,0
202604,Medicare,Coordination of Benefits,Final Selection,Coding Review,Approval,Approved,21,182910,0
202601,Commercial,Data Mining,Initial Selection,Query,Final Selection,Coding Review,13,35893,0
202601,Medicaid,Data Mining,Inflow,Hotline,Inscope,Out of Scope,129,1127073,0
202604,Commercial,Technical/Coding,Audit,Field Audit,Finding,Overpayment,6,14142,3662
202604,Medicaid,Coordination of Benefits,Inscope,In Scope,Initial Selection,Manual,80,443600,0
202604,Commercial,Technical/Coding,Audit,Field Audit,Finding,No Finding,35,219520,0
202604,Medicare,Technical/Coding,Inflow,Data Mining,Inscope,In Scope,276,2564592,0
202606,Commercial,Coordination of Benefits,Inflow,Data Mining,Inscope,Out of Scope,50,284550,0
202603,Medicare,Data Mining,Initial Selection,Experimental,Final Selection,Coding Review,51,475677,0
202602,Commercial,Data Mining,Audit,Automated Review,Finding,Overpayment,12,92496,25510
202604,Commercial,Technical/Coding,Approval,Approved,Audit,Desk Audit,16,150416,0
202602,Commercial,Clinical DRG,Initial Selection,Query,Final Selection,Clinical Review,37,211381,0
202601,Commercial,Data Mining,Audit,Field Audit,Finding,No Finding,18,80730,0
202605,Medicaid,Coordination of Benefits,Inflow,Data Mining,Inscope,In Scope,101,307949,0
202605,Commercial,Technical/Coding,Approval,Approved,Audit,Desk Audit,41,296840,0
202606,Medicaid,Coordination of Benefits,Audit,Automated Review,Finding,Documentation Error,7,16219,0
202601,Medicare,Clinical DRG,Approval,Approved,Audit,Desk Audit,61,473238,0
202605,Commercial,Clinical DRG,Audit,Field Audit,Finding,No Finding,43,80281,0
202606,Medicaid,Data Mining,Inscope,In Scope,Initial Selection,Query,110,519310,0
202601,Medicare,Data Mining,Inflow,Hotline,Inscope,Out of Scope,153,762246,0
202606,Commercial,Data Mining,Inflow,Hotline,Inscope,In Scope,136,533528,0
202603,Commercial,Coordination of Benefits,Initial Selection,Query,Final Selection,Coding Review,7,62818,0
202604,Medicare,Clinical DRG,Inflow,Data Mining,Inscope,In Scope,309,2561610,0
202605,Commercial,Coordination of Benefits,Initial Selection,Manual,Final Selection,Coding Review,37,132497,0
202605,Medicaid,Technical/Coding,Approval,Approved,Audit,Automated Review,51,470934,0
202605,Medicaid,Technical/Coding,Audit,Field Audit,Finding,Documentation Error,12,58824,0
202603,Commercial,Technical/Coding,Final Selection,Clinical Review,Approval,Approved,59,155406,0
202605,Medicare,Data Mining,Audit,Field Audit,Finding,No Finding,12,112452,0
202603,Medicare,Clinical DRG,Inflow,Provider Referral,Inscope,In Scope,238,1882104,0
202605,Medicare,Clinical DRG,Approval,Approved,Audit,Field Audit,8,61448,0
202606,Medicare,Data Mining,Audit,Automated Review,Finding,No Finding,13,46319,0
202606,Medicare,Coordination of Benefits,Inscope,In Scope,Initial Selection,Query,163,1310357,0
202604,Medicaid,Clinical DRG,Initial Selection,Manual,Final Selection,Coding Review,69,123441,0
202606,Commercial,Clinical DRG,Inflow,Random Sample,Inscope,Out of Scope,59,146143,0
202602,Medicaid,Coordination of Benefits,Inscope,In Scope,Initial Selection,Manual,71,644396,0
202602,Medicaid,Clinical DRG,Final Selection,Clinical Review,Approval,Approved,44,416108,0
202606,Medicare,Technical/Coding,Audit,Field Audit,Finding,No Finding,22,149380,0
202604,Medicare,Technical/Coding,Initial Selection,Manual,Final Selection,Coding Review,77,481019,0
202606,Commercial,Clinical DRG,Inflow,Hotline,Inscope,Out of Scope,156,1034124,0
202605,Commercial,Clinical DRG,Inscope,In Scope,Initial Selection,Experimental,56,367640,0
202601,Commercial,Clinical DRG,Approval,Approved,Audit,Desk Audit,27,68580,0
202602,Medicare,Coordination of Benefits,Inscope,In Scope,Initial Selection,Manual,143,1329757,0
202602,Medicaid,Coordination of Benefits,Final Selection,Clinical Review,Approval,Pending,26,192400,0
202605,Commercial,Coordination of Benefits,Final Selection,Coding Review,Approval,Approved,27,247185,0
202602,Medicaid,Technical/Coding,Inscope,In Scope,Initial Selection,Experimental,37,236097,0
202605,Medicaid,Technical/Coding,Inscope,In Scope,Initial Selection,Query,100,507100,0
202605,Commercial,Coordination of Benefits,Initial Selection,Experimental,Final Selection,Clinical Review,33,168828,0
202602,Commercial,Coordination of Benefits,Initial Selection,Experimental,Final Selection,Coding Review,38,112860,0
202601,Commercial,Coordination of Benefits,Approval,Approved,Audit,Desk Audit,42,369012,0
202606,Commercial,Coordination of Benefits,Final Selection,Clinical Review,Approval,Approved,50,212150,0
202604,Medicare,Coordination of Benefits,Inscope,In Scope,Initial Selection,Manual,85,394995,0
202602,Medicaid,Clinical DRG,Inflow,Hotline,Inscope,In Scope,229,983326,0
202602,Medicaid,Coordination of Benefits,Inscope,In Scope,Initial Selection,Manual,108,360504,0
202605,Medicare,Clinical DRG,Approval,Approved,Audit,Field Audit,65,561860,0
202606,Medicare,Data Mining,Audit,Field Audit,Finding,No Finding,20,64460,0
202602,Medicare,Data Mining,Final Selection,Clinical Review,Approval,Pending,38,97888,0
202601,Medicaid,Technical/Coding,Approval,Approved,Audit,Field Audit,18,113778,0
202601,Medicaid,Clinical DRG,Audit,Automated Review,Finding,Documentation Error,28,110012,0
202602,Medicaid,Clinical DRG,Approval,Approved,Audit,Desk Audit,7,15176,0
202604,Medicare,Data Mining,Audit,Field Audit,Finding,No Finding,41,181712,0
202604,Medicare,Coordination of Benefits,Final Selection,Clinical Review,Approval,Approved,54,287442,0
202604,Commercial,Clinical DRG,Initial Selection,Experimental,Final Selection,Clinical Review,29,57739,0
202601,Medicare,Clinical DRG,Initial Selection,Experimental,Final Selection,Coding Review,35,104790,0
202601,Medicare,Coordination of Benefits,Approval,Approved,Audit,Automated Review,8,29816,0
202601,Medicare,Clinical DRG,Initial Selection,Manual,Final Selection,Clinical Review,88,582472,0
202604,Medicaid,Technical/Coding,Inscope,In Scope,Initial Selection,Manual,76,658160,0
202602,Commercial,Data Mining,Audit,Field Audit,Finding,No Finding,25,148050,0
202602,Commercial,Data Mining,Audit,Field Audit,Finding,Documentation Error,17,134793,0
202606,Medicaid,Technical/Coding,Inflow,Hotline,Inscope,In Scope,208,473824,0
202603,Commercial,Technical/Coding,Audit,Automated Review,Finding,No Finding,13,94809,0
202601,Medicare,Data Mining,Inflow,Data Mining,Inscope,In Scope,86,467410,0
202604,Medicare,Data Mining,Inflow,Hotline,Inscope,In Scope,189,1481571,0
202605,Commercial,Coordination of Benefits,Initial Selection,Experimental,Final Selection,Clinical Review,17,145265,0
202605,Medicare,Technical/Coding,Inscope,In Scope,Initial Selection,Manual,118,1027662,0
202605,Commercial,Technical/Coding,Final Selection,Clinical Review,Approval,Approved,34,100130,0
202606,Medicaid,Clinical DRG,Inscope,In Scope,Initial Selection,Experimental,170,425340,0
202602,Medicare,Data Mining,Inscope,In Scope,Initial Selection,Manual,150,892350,0
202604,Medicaid,Coordination of Benefits,Inflow,Provider Referral,Inscope,In Scope,66,186978,0
202604,Commercial,Data Mining,Approval,Approved,Audit,Desk Audit,18,83322,0
202601,Medicare,Data Mining,Audit,Field Audit,Finding,Overpayment,14,68572,7908
202603,Commercial,Data Mining,Approval,Approved,Audit,Desk Audit,7,48258,0
202602,Medicare,Technical/Coding,Inflow,Provider Referral,Inscope,Out of Scope,202,763560,0
202602,Medicare,Clinical DRG,Initial Selection,Manual,Final Selection,Coding Review,89,664296,0
202604,Medicaid,Data Mining,Inflow,Data Mining,Inscope,In Scope,186,706242,0
202604,Medicare,Technical/Coding,Inscope,In Scope,Initial Selection,Query,173,1121732,0
202603,Commercial,Clinical DRG,Inflow,Data Mining,Inscope,In Scope,215,1439640,0
202604,Commercial,Coordination of Benefits,Audit,Desk Audit,Finding,Overpayment,28,60704,6879
202603,Medicaid,Technical/Coding,Inflow,Random Sample,Inscope,In Scope,30,91620,0
202603,Medicare,Technical/Coding,Audit,Desk Audit,Finding,No Finding,30,191310,0
202601,Medicaid,Technical/Coding,Final Selection,Clinical Review,Approval,Approved,7,43729,0
202606,Medicaid,Technical/Coding,Approval,Approved,Audit,Automated Review,49,116081,0
202601,Medicaid,Coordination of Benefits,Final Selection,Coding Review,Approval,Approved,37,137196,0
202606,Medicaid,Coordination of Benefits,Initial Selection,Query,Final Selection,Clinical Review,33,134178,0
202606,Medicaid,Data Mining,Inflow,Hotline,Inscope,In Scope,194,1327154,0
202601,Medicare,Data Mining,Inscope,In Scope,Initial Selection,Manual,24,86424,0
202605,Commercial,Data Mining,Initial Selection,Manual,Final Selection,Coding Review,22,201102,0
202604,Commercial,Clinical DRG,Initial Selection,Experimental,Final Selection,Coding Review,50,472500,0
202605,Medicare,Coordination of Benefits,Audit,Field Audit,Finding,Documentation Error,22,141372,0
202604,Medicaid,Coordination of Benefits,Inscope,In Scope,Initial Selection,Query,124,547088,0
202605,Medicare,Data Mining,Final Selection,Coding Review,Approval,Approved,7,39809,0
202606,Medicare,Data Mining,Audit,Desk Audit,Finding,No Finding,19,127490,0
202605,Commercial,Technical/Coding,Initial Selection,Query,Final Selection,Clinical Review,75,301050,0
202601,Medicaid,Clinical DRG,Inscope,In Scope,Initial Selection,Experimental,44,89540,0
202604,Medicaid,Clinical DRG,Final Selection,Coding Review,Approval,Approved,7,14056,0
202603,Medicare,Coordination of Benefits,Initial Selection,Experimental,Final Selection,Coding Review,74,458282,0
202602,Medicare,Coordination of Benefits,Inscope,In Scope,Initial Selection,Query,31,123442,0
202602,Medicare,Data Mining,Initial Selection,Manual,Final Selection,Coding Review,68,323952,0
202604,Medicaid,Clinical DRG,Initial Selection,Query,Final Selection,Coding Review,25,155475,0
202604,Commercial,Coordination of Benefits,Approval,Approved,Audit,Field Audit,13,47424,0
202602,Medicaid,Technical/Coding,Initial Selection,Query,Final Selection,Clinical Review,58,533252,0
202606,Medicaid,Technical/Coding,Final Selection,Coding Review,Approval,Approved,43,224460,0
202606,Medicaid,Coordination of Benefits,Final Selection,Coding Review,Approval,Approved,30,284280,0
202604,Medicaid,Clinical DRG,Approval,Approved,Audit,Automated Review,32,74368,0
202602,Commercial,Coordination of Benefits,Inscope,In Scope,Initial Selection,Manual,95,852340,0
202605,Medicaid,Clinical DRG,Final Selection,Clinical Review,Approval,Approved,7,37737,0
202605,Medicaid,Clinical DRG,Inflow,Provider Referral,Inscope,In Scope,210,519960,0
202603,Commercial,Clinical DRG,Initial Selection,Experimental,Final Selection,Clinical Review,39,338520,0
202601,Medicare,Clinical DRG,Audit,Desk Audit,Finding,No Finding,38,291270,0
202604,Medicare,Technical/Coding,Audit,Automated Review,Finding,Documentation Error,21,141666,0
202603,Commercial,Clinical DRG,Final Selection,Clinical Review,Approval,Approved,7,19971,0
202605,Medicare,Clinical DRG,Inscope,In Scope,Initial Selection,Manual,28,235788,0
202605,Medicaid,Data Mining,Inflow,Provider Referral,Inscope,In Scope,136,422552,0
202602,Commercial,Coordination of Benefits,Approval,Approved,Audit,Automated Review,32,83488,0
202604,Medicare,Clinical DRG,Inscope,In Scope,Initial Selection,Experimental,178,635638,0
202602,Commercial,Technical/Coding,Final Selection,Coding Review,Approval,Approved,50,120950,0
202605,Medicaid,Coordination of Benefits,Audit,Field Audit,Finding,No Finding,30,244560,0
202601,Medicaid,Data Mining,Final Selection,Clinical Review,Approval,Approved,35,90440,0
202605,Medicaid,Clinical DRG,Approval,Approved,Audit,Desk Audit,46,410182,0
202606,Commercial,Data Mining,Inflow,Hotline,Inscope,Out of Scope,127,1121156,0
202606,Medicaid,Coordination of Benefits,Inflow,Data Mining,Inscope,In Scope,129,429054,0
202603,Commercial,Data Mining,Approval,Approved,Audit,Desk Audit,12,53784,0
202606,Commercial,Coordination of Benefits,Final Selection,Clinical Review,Approval,Approved,48,335664,0
202603,Medicaid,Clinical DRG,Audit,Field Audit,Finding,No Finding,28,183764,0
202606,Medicare,Coordination of Benefits,Inscope,In Scope,Initial Selection,Query,122,543022,0
202605,Commercial,Data Mining,Inflow,Provider Referral,Inscope,In Scope,187,542861,0
202602,Medicare,Clinical DRG,Final Selection,Coding Review,Approval,Approved,29,229738,0
202606,Medicare,Clinical DRG,Inscope,In Scope,Initial Selection,Query,122,1117032,0
202601,Medicare,Coordination of Benefits,Inflow,Provider Referral,Inscope,Out of Scope,42,219114,0
202603,Commercial,Clinical DRG,Inscope,In Scope,Initial Selection,Manual,106,497458,0
202602,Commercial,Technical/Coding,Inscope,In Scope,Initial Selection,Query,137,540191,0
202602,Medicare,Technical/Coding,Final Selection,Clinical Review,Approval,Approved,9,60777,0
202606,Medicare,Technical/Coding,Inflow,Data Mining,Inscope,Out of Scope,137,1088191,0
202604,Commercial,Clinical DRG,Initial Selection,Manual,Final Selection,Coding Review,75,514575,0
202605,Medicaid,Technical/Coding,Inscope,In Scope,Initial Selection,Query,84,559944,0
202605,Medicare,Clinical DRG,Final Selection,Coding Review,Approval,Approved,14,87668,0
202601,Medicare,Coordination of Benefits,Inflow,Provider Referral,Inscope,In Scope,37,241499,0
202605,Medicaid,Clinical DRG,Inscope,In Scope,Initial Selection,Experimental,70,335860,0
202606,Medicaid,Clinical DRG,Inscope,In Scope,Initial Selection,Manual,136,486472,0
202605,Commercial,Coordination of Benefits,Final Selection,Clinical Review,Approval,Approved,11,70114,0
202604,Medicaid,Clinical DRG,Inflow,Hotline,Inscope,In Scope,83,360220,0
202601,Medicare,Technical/Coding,Approval,Approved,Audit,Automated Review,50,453650,0
202601,Medicare,Data Mining,Inflow,Provider Referral,Inscope,In Scope,46,431526,0
202604,Commercial,Clinical DRG,Approval,Approved,Audit,Automated Review,21,158025,0
202601,Medicare,Clinical DRG,Final Selection,Clinical Review,Approval,Approved,46,253552,0
202603,Medicare,Clinical DRG,Inflow,Provider Referral,Inscope,In Scope,298,955686,0
202605,Commercial,Data Mining,Audit,Automated Review,Finding,No Finding,26,144274,0
202601,Medicaid,Data Mining,Audit,Desk Audit,Finding,No Finding,22,134222,0
202602,Medicare,Data Mining,Inflow,Hotline,Inscope,In Scope,120,621120,0
202601,Medicare,Technical/Coding,Inflow,Provider Referral,Inscope,In Scope,254,1972310,0
202605,Commercial,Clinical DRG,Inflow,Data Mining,Inscope,In Scope,46,94944,0
202602,Medicaid,Technical/Coding,Initial Selection,Manual,Final Selection,Clinical Review,61,424987,0
202602,Medicaid,Technical/Coding,Approval,Approved,Audit,Desk Audit,12,83736,0
202601,Medicare,Coordination of Benefits,Approval,Approved,Audit,Field Audit,46,380098,0
202603,Medicare,Data Mining,Audit,Field Audit,Finding,Documentation Error,43,263031,0
202603,Commercial,Technical/Coding,Approval,Approved,Audit,Desk Audit,34,194616,0
202601,Medicare,Coordination of Benefits,Final Selection,Coding Review,Approval,Approved,20,181420,0
202602,Commercial,Technical/Coding,Initial Selection,Experimental,Final Selection,Coding Review,18,83700,0
202606,Medicare,Clinical DRG,Inscope,In Scope,Initial Selection,Query,130,1222910,0
202601,Medicare,Data Mining,Inflow,Hotline,Inscope,In Scope,132,535920,0
202601,Medicare,Coordination of Benefits,Approval,Approved,Audit,Field Audit,26,123526,0
202604,Medicare,Technical/Coding,Inscope,In Scope,Initial Selection,Manual,114,679668,0
202601,Commercial,Coordination of Benefits,Inflow,Hotline,Inscope,Out of Scope,145,1128100,0
202603,Medicaid,Technical/Coding,Inflow,Hotline,Inscope,In Scope,185,953675,0
202604,Commercial,Clinical DRG,Inflow,Random Sample,Inscope,Out of Scope,209,826386,0
202605,Medicaid,Data Mining,Approval,Approved,Audit,Desk Audit,24,130272,0
202606,Medicare,Technical/Coding,Inflow,Hotline,Inscope,In Scope,111,255300,0
202602,Commercial,Coordination of Benefits,Initial Selection,Experimental,Final Selection,Clinical Review,50,192300,0
202603,Medicaid,Coordination of Benefits,Audit,Automated Review,Finding,Overpayment,15,93840,19908
202603,Medicare,Data Mining,Final Selection,Clinical Review,Approval,Approved,41,78023,0
202603,Medicaid,Technical/Coding,Final Selection,Clinical Review,Approval,Approved,12,46368,0
202605,Commercial,Coordination of Benefits,Inflow,Random Sample,Inscope,In Scope,178,1431832,0
202603,Medicaid,Data Mining,Inscope,In Scope,Initial Selection,Query,41,358217,0
202605,Commercial,Clinical DRG,Inscope,In Scope,Initial Selection,Query,54,389124,0
202605,Medicaid,Coordination of Benefits,Inflow,Data Mining,Inscope,In Scope,174,647628,0
202603,Medicare,Coordination of Benefits,Approval,Approved,Audit,Field Audit,24,59856,0
202601,Commercial,Data Mining,Inflow,Provider Referral,Inscope,In Scope,95,595840,0
202603,Commercial,Data Mining,Inflow,Random Sample,Inscope,Out of Scope,53,95506,0
202603,Commercial,Coordination of Benefits,Initial Selection,Query,Final Selection,Coding Review,33,180015,0
202603,Commercial,Clinical DRG,Inscope,In Scope,Initial Selection,Manual,47,426290,0
202605,Medicare,Clinical DRG,Approval,Approved,Audit,Automated Review,43,320909,0
202606,Commercial,Coordination of Benefits,Inscope,In Scope,Initial Selection,Experimental,19,132658,0
202606,Medicare,Data Mining,Audit,Desk Audit,Finding,Documentation Error,15,93465,0
202605,Commercial,Data Mining,Approval,Approved,Audit,Automated Review,31,252278,0
202601,Commercial,Data Mining,Audit,Automated Review,Finding,No Finding,16,60880,0
202602,Commercial,Coordination of Benefits,Inscope,In Scope,Initial Selection,Manual,128,584320,0
202602,Medicaid,Coordination of Benefits,Audit,Desk Audit,Finding,No Finding,20,152060,0
202604,Medicaid,Clinical DRG,Initial Selection,Experimental,Final Selection,Clinical Review,43,298936,0
202604,Commercial,Technical/Coding,Final Selection,Coding Review,Approval,Approved,61,510753,0
202602,Commercial,Technical/Coding,Final Selection,Clinical Review,Approval,Approved,59,233050,0
202603,Medicaid,Clinical DRG,Inflow,Random Sample,Inscope,In Scope,68,429624,0
202604,Commercial,Technical/Coding,Inscope,In Scope,Initial Selection,Manual,38,191102,0
202603,Commercial,Data Mining,Audit,Desk Audit,Finding,Overpayment,5,42150,7008
202606,Medicare,Clinical DRG,Inscope,In Scope,Initial Selection,Experimental,106,280264,0
202604,Commercial,Technical/Coding,Audit,Field Audit,Finding,Overpayment,41,367319,54116
202605,Commercial,Clinical DRG,Audit,Desk Audit,Finding,Overpayment,21,197001,33446
202604,Commercial,Data Mining,Audit,Field Audit,Finding,No Finding,23,168705,0
202602,Commercial,Technical/Coding,Audit,Automated Review,Finding,Documentation Error,26,59436,0
202602,Medicare,Coordination of Benefits,Audit,Automated Review,Finding,No Finding,18,93456,0
202602,Commercial,Coordination of Benefits,Inflow,Data Mining,Inscope,In Scope,90,179550,0
202605,Commercial,Data Mining,Initial Selection,Query,Final Selection,Clinical Review,65,198965,0
202602,Medicare,Technical/Coding,Final Selection,Coding Review,Approval,Approved,57,237975,0
202601,Medicaid,Coordination of Benefits,Inscope,In Scope,Initial Selection,Manual,90,467550,0
202602,Medicare,Coordination of Benefits,Initial Selection,Experimental,Final Selection,Coding Review,28,197652,0
202603,Medicare,Clinical DRG,Inscope,In Scope,Initial Selection,Manual,32,302816,0
202605,Commercial,Technical/Coding,Inflow,Random Sample,Inscope,Out of Scope,29,134183,0
202602,Medicaid,Data Mining,Audit,Field Audit,Finding,No Finding,39,207363,0
202603,Medicare,Clinical DRG,Final Selection,Coding Review,Approval,Approved,16,138912,0
202602,Medicaid,Clinical DRG,Initial Selection,Manual,Final Selection,Coding Review,30,226740,0
202601,Medicaid,Technical/Coding,Approval,Approved,Audit,Desk Audit,41,312625,0
202605,Commercial,Clinical DRG,Audit,Automated Review,Finding,No Finding,6,30900,0
202601,Commercial,Coordination of Benefits,Inscope,In Scope,Initial Selection,Experimental,107,178155,0
202602,Medicare,Data Mining,Inscope,In Scope,Initial Selection,Manual,48,267312,0
202602,Commercial,Data Mining,Initial Selection,Manual,Final Selection,Clinical Review,14,131446,0
202605,Commercial,Technical/Coding,Inflow,Random Sample,Inscope,In Scope,161,1063727,0
202602,Commercial,Technical/Coding,Inflow,Random Sample,Inscope,In Scope,175,825125,0
202606,Commercial,Technical/Coding,Audit,Field Audit,Finding,No Finding,33,310761,0
202602,Medicaid,Technical/Coding,Initial Selection,Experimental,Final Selection,Clinical Review,78,527358,0
202604,Commercial,Coordination of Benefits,Approval,Approved,Audit,Desk Audit,14,35280,0
202603,Medicaid,Data Mining,Initial Selection,Manual,Final Selection,Coding Review,16,48688,0
202604,Medicaid,Clinical DRG,Initial Selection,Experimental,Final Selection,Clinical Review,21,166698,0
202604,Medicaid,Data Mining,Audit,Desk Audit,Finding,Overpayment,15,86355,10623
202604,Medicare,Coordination of Benefits,Initial Selection,Experimental,Final Selection,Clinical Review,41,337307,0
202604,Medicaid,Data Mining,Initial Selection,Manual,Final Selection,Clinical Review,66,223938,0
202603,Commercial,Clinical DRG,Initial Selection,Query,Final Selection,Clinical Review,61,535153,0
202602,Commercial,Technical/Coding,Audit,Desk Audit,Finding,Documentation Error,31,204693,0
202603,Medicare,Clinical DRG,Audit,Desk Audit,Finding,No Finding,11,87923,0
202606,Medicaid,Coordination of Benefits,Approval,Approved,Audit,Field Audit,29,96396,0
202603,Commercial,Technical/Coding,Inscope,In Scope,Initial Selection,Experimental,57,226689,0
202602,Medicaid,Coordination of Benefits,Final Selection,Clinical Review,Approval,Approved,20,186000,0
202601,Medicare,Clinical DRG,Approval,Approved,Audit,Field Audit,64,356608,0
202601,Medicare,Coordination of Benefits,Initial Selection,Manual,Final Selection,Clinical Review,74,535464,0
202602,Medicare,Coordination of Benefits,Audit,Desk Audit,Finding,No Finding,21,146328,0
202604,Medicare,Coordination of Benefits,Inflow,Provider Referral,Inscope,In Scope,205,1509210,0
202606,Medicaid,Clinical DRG,Inflow,Data Mining,Inscope,In Scope,193,1561949,0
202604,Medicare,Coordination of Benefits,Initial Selection,Query,Final Selection,Coding Review,10,40750,0
202603,Medicaid,Technical/Coding,Inflow,Hotline,Inscope,Out of Scope,173,944753,0
202604,Medicaid,Data Mining,Inflow,Data Mining,Inscope,Out of Scope,154,597674,0
202604,Medicaid,Technical/Coding,Final Selection,Clinical Review,Approval,Pending,57,274968,0
202603,Commercial,Clinical DRG,Final Selection,Clinical Review,Approval,Approved,8,38840,0
202602,Medicaid,Coordination of Benefits,Final Selection,Clinical Review,Approval,Approved,25,69425,0
202606,Medicare,Clinical DRG,Approval,Approved,Audit,Desk Audit,42,271362,0
202602,Medicare,Technical/Coding,Final Selection,Coding Review,Approval,Approved,75,468075,0
202602,Medicare,Data Mining,Initial Selection,Query,Final Selection,Clinical Review,40,337360,0
202602,Medicare,Coordination of Benefits,Audit,Automated Review,Finding,No Finding,4,15184,0
202606,Medicare,Data Mining,Approval,Approved,Audit,Desk Audit,45,158895,0
202603,Medicaid,Data Mining,Approval,Approved,Audit,Automated Review,26,190528,0
202601,Medicaid,Technical/Coding,Inflow,Data Mining,Inscope,In Scope,56,165816,0
202602,Medicaid,Clinical DRG,Inflow,Random Sample,Inscope,In Scope,204,1668516,0
202605,Medicaid,Technical/Coding,Audit,Automated Review,Finding,No Finding,4,16120,0
202601,Medicaid,Coordination of Benefits,Audit,Automated Review,Finding,No Finding,16,106208,0
202603,Commercial,Technical/Coding,Inscope,In Scope,Initial Selection,Query,53,433328,0
202605,Commercial,Coordination of Benefits,Approval,Approved,Audit,Desk Audit,13,120497,0
202603,Commercial,Technical/Coding,Inscope,In Scope,Initial Selection,Manual,91,279188,0
202602,Medicaid,Clinical DRG,Inflow,Hotline,Inscope,In Scope,83,604655,0
202601,Commercial,Data Mining,Initial Selection,Manual,Final Selection,Clinical Review,43,278167,0
202602,Medicare,Coordination of Benefits,Audit,Automated Review,Finding,Documentation Error,20,135020,0
202601,Medicare,Coordination of Benefits,Initial Selection,Query,Final Selection,Coding Review,34,156672,0
202605,Medicaid,Coordination of Benefits,Approval,Approved,Audit,Desk Audit,11,26873,0
202606,Medicare,Coordination of Benefits,Inscope,In Scope,Initial Selection,Query,40,325120,0
202605,Commercial,Data Mining,Initial Selection,Experimental,Final Selection,Coding Review,52,340808,0
202603,Commercial,Data Mining,Inscope,In Scope,Initial Selection,Manual,53,178769,0
202601,Commercial,Technical/Coding,Inscope,In Scope,Initial Selection,Query,17,72216,0
202601,Medicare,Technical/Coding,Approval,Approved,Audit,Desk Audit,37,158323,0
202603,Commercial,Clinical DRG,Inscope,In Scope,Initial Selection,Manual,93,686805,0
202604,Medicaid,Coordination of Benefits,Approval,Approved,Audit,Field Audit,33,280467,0
202602,Medicare,Coordination of Benefits,Audit,Desk Audit,Finding,No Finding,29,151293,0
202604,Commercial,Coordination of Benefits,Audit,Desk Audit,Finding,No Finding,19,131879,0
202603,Medicare,Clinical DRG,Initial Selection,Query,Final Selection,Coding Review,49,370783,0
202604,Medicare,Technical/Coding,Final Selection,Coding Review,Approval,Approved,68,114716,0
202602,Medicaid,Coordination of Benefits,Approval,Approved,Audit,Desk Audit,19,81510,0
202601,Medicaid,Coordination of Benefits,Approval,Approved,Audit,Field Audit,6,41412,0
202603,Commercial,Data Mining,Final Selection,Clinical Review,Approval,Pending,48,176256,0
202603,Commercial,Clinical DRG,Approval,Approved,Audit,Automated Review,33,217041,0
202606,Medicaid,Data Mining,Inscope,In Scope,Initial Selection,Query,126,976248,0
202605,Medicare,Clinical DRG,Initial Selection,Manual,Final Selection,Clinical Review,90,256860,0
202606,Commercial,Technical/Coding,Inscope,In Scope,Initial Selection,Manual,38,78242,0
202604,Commercial,Clinical DRG,Initial Selection,Manual,Final Selection,Coding Review,34,291856,0
202602,Commercial,Clinical DRG,Initial Selection,Experimental,Final Selection,Coding Review,38,340252,0
202606,Medicare,Coordination of Benefits,Approval,Approved,Audit,Automated Review,27,135270,0
202606,Commercial,Clinical DRG,Inflow,Data Mining,Inscope,Out of Scope,161,452088,0
202606,Medicaid,Clinical DRG,Inscope,In Scope,Initial Selection,Manual,143,461461,0
202606,Commercial,Data Mining,Inscope,In Scope,Initial Selection,Manual,106,474032,0
202601,Medicaid,Data Mining,Approval,Approved,Audit,Field Audit,28,65016,0
202601,Medicare,Technical/Coding,Audit,Desk Audit,Finding,Overpayment,37,249121,68048
202602,Medicare,Technical/Coding,Audit,Field Audit,Finding,No Finding,44,410388,0
202602,Medicaid,Technical/Coding,Audit,Automated Review,Finding,Overpayment,6,28242,6246
202602,Medicaid,Technical/Coding,Approval,Approved,Audit,Desk Audit,52,163384,0
202603,Medicare,Technical/Coding,Initial Selection,Query,Final Selection,Coding Review,36,84852,0
202604,Medicaid,Coordination of Benefits,Initial Selection,Experimental,Final Selection,Coding Review,68,460292,0
202606,Medicare,Clinical DRG,Approval,Approved,Audit,Desk Audit,48,159600,0
202606,Medicaid,Coordination of Benefits,Audit,Automated Review,Finding,No Finding,11,48433,0
202606,Commercial,Coordination of Benefits,Inflow,Data Mining,Inscope,In Scope,116,433376,0
202601,Medicare,Technical/Coding,Final Selection,Clinical Review,Approval,Approved,33,153417,0
202605,Medicaid,Clinical DRG,Initial Selection,Experimental,Final Selection,Clinical Review,43,375003,0
202601,Medicare,Data Mining,Final Selection,Coding Review,Approval,Approved,14,43848,0
202603,Medicaid,Technical/Coding,Final Selection,Clinical Review,Approval,Approved,37,304473,0
202605,Medicaid,Data Mining,Audit,Field Audit,Finding,No Finding,14,51366,0
202606,Medicaid,Coordination of Benefits,Final Selection,Coding Review,Approval,Approved,19,149169,0
202605,Medicare,Data Mining,Final Selection,Coding Review,Approval,Pending,36,232488,0
202601,Medicare,Technical/Coding,Initial Selection,Experimental,Final Selection,Coding Review,63,203175,0
202605,Medicare,Technical/Coding,Audit,Field Audit,Finding,No Finding,8,18720,0
202603,Medicare,Coordination of Benefits,Final Selection,Coding Review,Approval,Approved,6,41970,0
202602,Medicare,Technical/Coding,Initial Selection,Query,Final Selection,Clinical Review,33,284658,0
202602,Medicaid,Clinical DRG,Audit,Desk Audit,Finding,Overpayment,33,281391,66161
202601,Medicaid,Technical/Coding,Initial Selection,Manual,Final Selection,Clinical Review,68,328304,0
202606,Medicare,Data Mining,Audit,Field Audit,Finding,No Finding,39,139932,0
202601,Medicaid,Technical/Coding,Initial Selection,Manual,Final Selection,Clinical Review,37,331372,0
202603,Commercial,Data Mining,Approval,Approved,Audit,Field Audit,21,117600,0
202606,Commercial,Clinical DRG,Inscope,In Scope,Initial Selection,Query,90,411030,0
202603,Commercial,Clinical DRG,Approval,Approved,Audit,Automated Review,44,153296,0
202602,Medicaid,Technical/Coding,Inflow,Data Mining,Inscope,In Scope,48,210288,0
202604,Commercial,Technical/Coding,Final Selection,Clinical Review,Approval,Approved,32,228192,0
202604,Medicare,Coordination of Benefits,Final Selection,Clinical Review,Approval,Approved,52,303576,0
202601,Medicaid,Clinical DRG,Initial Selection,Experimental,Final Selection,Coding Review,72,623880,0
202604,Medicare,Technical/Coding,Initial Selection,Manual,Final Selection,Clinical Review,49,353878,0
202604,Medicare,Data Mining,Audit,Automated Review,Finding,No Finding,42,85932,0
202603,Medicaid,Coordination of Benefits,Audit,Automated Review,Finding,Overpayment,35,286055,74844
202605,Medicaid,Data Mining,Audit,Field Audit,Finding,No Finding,19,47766,0
202602,Medicaid,Data Mining,Audit,Desk Audit,Finding,Overpayment,18,168606,44990
202605,Medicaid,Technical/Coding,Approval,Approved,Audit,Desk Audit,31,121117,0
202601,Medicare,Data Mining,Final Selection,Coding Review,Approval,Approved,51,368322,0
202603,Medicaid,Data Mining,Initial Selection,Experimental,Final Selection,Clinical Review,73,130816,0
202605,Medicaid,Technical/Coding,Initial Selection,Query,Final Selection,Clinical Review,47,200173,0
202603,Commercial,Clinical DRG,Approval,Approved,Audit,Desk Audit,7,41664,0
202606,Medicaid,Technical/Coding,Inscope,In Scope,Initial Selection,Query,41,309673,0
202602,Commercial,Data Mining,Final Selection,Coding Review,Approval,Approved,33,239052,0
202605,Medicare,Data Mining,Inflow,Provider Referral,Inscope,In Scope,36,100872,0
202605,Commercial,Clinical DRG,Final Selection,Clinical Review,Approval,Approved,53,410061,0
202603,Medicaid,Data Mining,Inflow,Data Mining,Inscope,Out of Scope,82,615902,0
202606,Commercial,Clinical DRG,Final Selection,Clinical Review,Approval,Rejected,48,179376,0
202603,Commercial,Technical/Coding,Audit,Desk Audit,Finding,No Finding,25,84050,0
202604,Medicaid,Technical/Coding,Initial Selection,Experimental,Final Selection,Coding Review,61,296765,0
202602,Commercial,Coordination of Benefits,Initial Selection,Manual,Final Selection,Clinical Review,7,56042,0
202604,Commercial,Technical/Coding,Initial Selection,Query,Final Selection,Coding Review,74,503200,0
202603,Medicare,Technical/Coding,Inscope,In Scope,Initial Selection,Query,68,144296,0
202605,Medicaid,Data Mining,Approval,Approved,Audit,Field Audit,22,132770,0
202604,Medicaid,Clinical DRG,Initial Selection,Query,Final Selection,Clinical Review,88,461120,0
202602,Medicaid,Data Mining,Inscope,In Scope,Initial Selection,Query,59,289100,0
202601,Commercial,Clinical DRG,Audit,Field Audit,Finding,No Finding,21,47880,0
202602,Commercial,Coordination of Benefits,Initial Selection,Query,Final Selection,Coding Review,38,270750,0
202604,Medicare,Technical/Coding,Approval,Approved,Audit,Field Audit,43,220805,0
202604,Medicare,Coordination of Benefits,Approval,Approved,Audit,Automated Review,26,237796,0
202605,Medicare,Data Mining,Approval,Approved,Audit,Desk Audit,18,59958,0
202601,Commercial,Coordination of Benefits,Inscope,In Scope,Initial Selection,Query,124,605740,0
202605,Medicaid,Coordination of Benefits,Inscope,In Scope,Initial Selection,Experimental,58,244528,0
202603,Commercial,Clinical DRG,Audit,Automated Review,Finding,Documentation Error,41,279251,0
202603,Commercial,Data Mining,Inscope,In Scope,Initial Selection,Query,90,355050,0
202604,Medicare,Technical/Coding,Final Selection,Coding Review,Approval,Approved,75,325200,0
202604,Commercial,Technical/Coding,Audit,Desk Audit,Finding,No Finding,33,165825,0
202604,Medicaid,Technical/Coding,Audit,Desk Audit,Finding,No Finding,10,65940,0
202605,Commercial,Clinical DRG,Approval,Approved,Audit,Automated Review,25,164875,0
202602,Medicare,Data Mining,Audit,Desk Audit,Finding,Documentation Error,5,38430,0
202605,Commercial,Data Mining,Approval,Approved,Audit,Automated Review,12,64200,0
202603,Commercial,Technical/Coding,Inscope,In Scope,Initial Selection,Experimental,52,220636,0
202602,Medicaid,Clinical DRG,Inflow,Data Mining,Inscope,In Scope,156,562692,0
202606,Commercial,Data Mining,Inscope,In Scope,Initial Selection,Experimental,97,664838,0
202601,Commercial,Coordination of Benefits,Inscope,In Scope,Initial Selection,Query,24,39744,0
202606,Medicare,Data Mining,Approval,Approved,Audit,Automated Review,10,80140,0
202604,Medicaid,Clinical DRG,Audit,Automated Review,Finding,No Finding,31,231105,0
202601,Medicaid,Data Mining,Audit,Desk Audit,Finding,No Finding,20,167700,0
202606,Medicare,Coordination of Benefits,Final Selection,Coding Review,Approval,Approved,14,34272,0
202602,Medicaid,Clinical DRG,Audit,Desk Audit,Finding,No Finding,38,166554,0
202602,Medicare,Data Mining,Inscope,In Scope,Initial Selection,Manual,146,1063172,0
202601,Medicaid,Data Mining,Inscope,In Scope,Initial Selection,Manual,133,697186,0
202603,Medicaid,Coordination of Benefits,Approval,Approved,Audit,Field Audit,40,109880,0
202602,Commercial,Coordination of Benefits,Inflow,Data Mining,Inscope,Out of Scope,136,621656,0
202606,Medicaid,Coordination of Benefits,Audit,Desk Audit,Finding,No Finding,15,82395,0
202606,Medicaid,Coordination of Benefits,Inscope,In Scope,Initial Selection,Manual,60,518280,0
202604,Medicaid,Technical/Coding,Inflow,Data Mining,Inscope,In Scope,62,395932,0
202601,Medicaid,Coordination of Benefits,Audit,Automated Review,Finding,No Finding,23,113252,0
202604,Commercial,Technical/Coding,Initial Selection,Experimental,Final Selection,Clinical Review,50,208700,0
202605,Medicaid,Data Mining,Final Selection,Clinical Review,Approval,Rejected,36,109296,0
202604,Medicaid,Clinical DRG,Audit,Desk Audit,Finding,No Finding,20,65820,0
202602,Medicare,Coordination of Benefits,Approval,Approved,Audit,Field Audit,25,142150,0
202604,Commercial,Clinical DRG,Audit,Automated Review,Finding,Documentation Error,40,130360,0
202603,Commercial,Clinical DRG,Final Selection,Clinical Review,Approval,Pending,43,92450,0
202603,Commercial,Clinical DRG,Inflow,Random Sample,Inscope,In Scope,93,335172,0
202603,Commercial,Technical/Coding,Audit,Automated Review,Finding,Documentation Error,14,101486,0
202606,Medicaid,Technical/Coding,Inflow,Hotline,Inscope,In Scope,48,368976,0
202602,Commercial,Clinical DRG,Inscope,In Scope,Initial Selection,Manual,63,226674,0
202605,Commercial,Data Mining,Final Selection,Clinical Review,Approval,Approved,53,106954,0
202603,Commercial,Clinical DRG,Inscope,In Scope,Initial Selection,Manual,35,192465,0
202602,Medicare,Technical/Coding,Approval,Approved,Audit,Desk Audit,6,38190,0
202604,Medicare,Data Mining,Audit,Desk Audit,Finding,No Finding,36,238788,0
202604,Medicare,Coordination of Benefits,Final Selection,Coding Review,Approval,Approved,18,77256,0
202605,Medicaid,Coordination of Benefits,Audit,Field Audit,Finding,No Finding,24,87336,0
202603,Medicaid,Coordination of Benefits,Audit,Field Audit,Finding,Overpayment,33,308451,35914
202601,Medicaid,Data Mining,Final Selection,Clinical Review,Approval,Approved,54,277506,0
202606,Medicaid,Clinical DRG,Final Selection,Coding Review,Approval,Approved,48,400224,0
202602,Medicare,Clinical DRG,Inscope,In Scope,Initial Selection,Manual,95,400995,0
202605,Medicaid,Clinical DRG,Audit,Field Audit,Finding,Documentation Error,15,94155,0
202606,Medicare,Coordination of Benefits,Inscope,In Scope,Initial Selection,Query,160,481120,0
202602,Commercial,Technical/Coding,Initial Selection,Experimental,Final Selection,Coding Review,63,407988,0
202604,Commercial,Coordination of Benefits,Inscope,In Scope,Initial Selection,Query,138,564006,0
202603,Medicare,Coordination of Benefits,Initial Selection,Experimental,Final Selection,Clinical Review,72,301176,0
202604,Medicaid,Data Mining,Approval,Approved,Audit,Automated Review,5,39220,0
202604,Medicare,Data Mining,Initial Selection,Experimental,Final Selection,Coding Review,51,402033,0
202603,Medicare,Technical/Coding,Inscope,In Scope,Initial Selection,Manual,101,181093,0
202603,Medicaid,Data Mining,Initial Selection,Experimental,Final Selection,Coding Review,23,187036,0
202602,Commercial,Data Mining,Initial Selection,Manual,Final Selection,Clinical Review,19,81054,0
202606,Medicaid,Data Mining,Inflow,Random Sample,Inscope,In Scope,188,1050732,0
202602,Medicaid,Data Mining,Inflow,Provider Referral,Inscope,In Scope,103,397683,0
202605,Medicaid,Data Mining,Initial Selection,Manual,Final Selection,Clinical Review,67,147802,0
202603,Commercial,Data Mining,Inscope,In Scope,Initial Selection,Query,108,349704,0
202605,Medicare,Data Mining,Inscope,In Scope,Initial Selection,Query,170,1192040,0
202603,Commercial,Coordination of Benefits,Audit,Desk Audit,Finding,Overpayment,32,69024,17542
202606,Commercial,Coordination of Benefits,Initial Selection,Query,Final Selection,Coding Review,21,65268,0
202603,Medicaid,Technical/Coding,Final Selection,Coding Review,Approval,Approved,53,390451,0
202603,Medicaid,Clinical DRG,Inscope,In Scope,Initial Selection,Query,106,513676,0
202604,Medicare,Clinical DRG,Approval,Approved,Audit,Desk Audit,38,70756,0
202605,Medicaid,Data Mining,Initial Selection,Experimental,Final Selection,Clinical Review,13,99008,0
202601,Commercial,Clinical DRG,Approval,Approved,Audit,Field Audit,53,307718,0
202601,Commercial,Data Mining,Approval,Approved,Audit,Automated Review,42,302484,0
202604,Medicaid,Data Mining,Final Selection,Clinical Review,Approval,Approved,10,30880,0
202606,Commercial,Coordination of Benefits,Final Selection,Coding Review,Approval,Rejected,27,170316,0
202603,Medicare,Data Mining,Inflow,Provider Referral,Inscope,In Scope,144,407808,0
202603,Medicare,Coordination of Benefits,Approval,Approved,Audit,Field Audit,16,126512,0
202605,Medicaid,Technical/Coding,Inscope,In Scope,Initial Selection,Manual,51,123726,0
202601,Commercial,Clinical DRG,Inscope,In Scope,Initial Selection,Experimental,82,715942,0
202603,Medicare,Technical/Coding,Inscope,In Scope,Initial Selection,Manual,79,277132,0
202602,Medicaid,Clinical DRG,Inscope,In Scope,Initial Selection,Manual,96,173568,0
202604,Commercial,Technical/Coding,Final Selection,Clinical Review,Approval,Approved,33,106491,0
202602,Medicaid,Clinical DRG,Inflow,Data Mining,Inscope,In Scope,190,1431650,0
202605,Medicare,Technical/Coding,Inscope,In Scope,Initial Selection,Experimental,181,1186274,0
202603,Commercial,Coordination of Benefits,Final Selection,Clinical Review,Approval,Approved,10,81510,0
202605,Medicaid,Data Mining,Initial Selection,Experimental,Final Selection,Clinical Review,44,76208,0
202601,Medicaid,Data Mining,Final Selection,Clinical Review,Approval,Approved,25,211300,0
202601,Medicaid,Coordination of Benefits,Inscope,In Scope,Initial Selection,Query,141,675672,0
202604,Medicare,Coordination of Benefits,Audit,Automated Review,Finding,Documentation Error,6,16512,0
202602,Medicare,Clinical DRG,Inscope,In Scope,Initial Selection,Manual,134,1051096,0
202601,Medicare,Technical/Coding,Audit,Automated Review,Finding,No Finding,38,189924,0
202602,Medicaid,Technical/Coding,Inscope,In Scope,Initial Selection,Query,168,1188936,0
202602,Medicaid,Clinical DRG,Inscope,In Scope,Initial Selection,Query,81,397386,0
202606,Medicaid,Coordination of Benefits,Approval,Approved,Audit,Desk Audit,5,21580,0
202601,Medicaid,Clinical DRG,Audit,Desk Audit,Finding,Documentation Error,7,42133,0
202604,Commercial,Technical/Coding,Inscope,In Scope,Initial Selection,Manual,57,134178,0
202604,Medicare,Clinical DRG,Final Selection,Coding Review,Approval,Pending,56,291592,0
202602,Commercial,Clinical DRG,Initial Selection,Query,Final Selection,Coding Review,32,84800,0
202603,Commercial,Coordination of Benefits,Approval,Approved,Audit,Desk Audit,38,319504,0
202605,Medicare,Technical/Coding,Inscope,In Scope,Initial Selection,Experimental,51,175797,0
202606,Medicare,Clinical DRG,Audit,Field Audit,Finding,No Finding,42,103404,0
202602,Medicare,Coordination of Benefits,Inscope,In Scope,Initial Selection,Manual,101,714575,0
202605,Commercial,Coordination of Benefits,Inscope,In Scope,Initial Selection,Query,113,315157,0
202605,Commercial,Clinical DRG,Audit,Field Audit,Finding,No Finding,43,138503,0
202602,Medicare,Technical/Coding,Audit,Desk Audit,Finding,No Finding,17,49742,0
202604,Medicaid,Clinical DRG,Approval,Approved,Audit,Field Audit,27,84726,0
202606,Commercial,Data Mining,Final Selection,Clinical Review,Approval,Approved,21,127491,0
202604,Medicare,Coordination of Benefits,Audit,Automated Review,Finding,Documentation Error,19,169309,0
202602,Medicaid,Coordination of Benefits,Final Selection,Coding Review,Approval,Approved,44,379016,0
202603,Commercial,Coordination of Benefits,Inflow,Hotline,Inscope,In Scope,25,151250,0
202602,Medicare,Technical/Coding,Final Selection,Clinical Review,Approval,Approved,65,261430,0
202602,Medicaid,Coordination of Benefits,Final Selection,Coding Review,Approval,Approved,10,87020,0
202605,Medicare,Data Mining,Approval,Approved,Audit,Desk Audit,47,160599,0
202601,Medicare,Coordination of Benefits,Approval,Approved,Audit,Field Audit,34,200634,0
202601,Commercial,Coordination of Benefits,Approval,Approved,Audit,Field Audit,28,83048,0
202603,Medicare,Clinical DRG,Audit,Desk Audit,Finding,No Finding,42,145026,0
202606,Medicare,Data Mining,Inscope,In Scope,Initial Selection,Manual,98,394744,0
202604,Commercial,Data Mining,Final Selection,Coding Review,Approval,Approved,49,454965,0
202603,Medicare,Clinical DRG,Initial Selection,Experimental,Final Selection,Coding Review,45,148950,0
202606,Commercial,Clinical DRG,Inflow,Random Sample,Inscope,In Scope,156,1300572,0
202602,Medicare,Data Mining,Inscope,In Scope,Initial Selection,Manual,57,207252,0
202603,Medicare,Technical/Coding,Initial Selection,Manual,Final Selection,Coding Review,22,166034,0
202606,Commercial,Technical/Coding,Inscope,In Scope,Initial Selection,Manual,66,516780,0
202603,Medicare,Clinical DRG,Approval,Approved,Audit,Field Audit,62,418438,0
202605,Medicaid,Technical/Coding,Audit,Field Audit,Finding,No Finding,10,60330,0
202606,Commercial,Data Mining,Inscope,In Scope,Initial Selection,Experimental,138,1250004,0
202606,Medicaid,Coordination of Benefits,Inflow,Random Sample,Inscope,Out of Scope,76,191824,0
202606,Medicaid,Data Mining,Approval,Approved,Audit,Automated Review,40,347600,0
202604,Medicaid,Technical/Coding,Approval,Approved,Audit,Desk Audit,47,307474,0
202605,Medicaid,Technical/Coding,Audit,Field Audit,Finding,No Finding,24,121296,0
202601,Commercial,Clinical DRG,Initial Selection,Experimental,Final Selection,Coding Review,32,219040,0
202605,Medicaid,Data Mining,Audit,Field Audit,Finding,Documentation Error,7,11935,0
202601,Commercial,Data Mining,Inscope,In Scope,Initial Selection,Manual,86,606472,0
202603,Medicare,Data Mining,Approval,Approved,Audit,Field Audit,46,217764,0
202601,Commercial,Clinical DRG,Approval,Approved,Audit,Field Audit,12,94296,0
202602,Medicaid,Data Mining,Final Selection,Clinical Review,Approval,Approved,56,291536,0
202604,Commercial,Clinical DRG,Final Selection,Coding Review,Approval,Approved,8,26952,0
202605,Medicare,Clinical DRG,Audit,Field Audit,Finding,Overpayment,30,245070,20996
202604,Medicaid,Coordination of Benefits,Audit,Field Audit,Finding,No Finding,13,50258,0
202604,Medicare,Coordination of Benefits,Final Selection,Coding Review,Approval,Approved,17,56355,0
202605,Commercial,Coordination of Benefits,Audit,Field Audit,Finding,No Finding,32,264960,0
202602,Medicaid,Clinical DRG,Initial Selection,Query,Final Selection,Coding Review,80,655600,0
202602,Medicaid,Coordination of Benefits,Inflow,Provider Referral,Inscope,In Scope,88,588984,0
202604,Commercial,Technical/Coding,Final Selection,Clinical Review,Approval,Approved,53,295528,0
202603,Medicaid,Data Mining,Initial Selection,Manual,Final Selection,Coding Review,33,57090,0
202601,Medicare,Coordination of Benefits,Approval,Approved,Audit,Automated Review,35,106995,0
202604,Commercial,Clinical DRG,Inscope,In Scope,Initial Selection,Manual,135,1227555,0
202606,Medicaid,Coordination of Benefits,Inscope,In Scope,Initial Selection,Query,76,204364,0
202604,Medicare,Coordination of Benefits,Approval,Approved,Audit,Desk Audit,17,88825,0
202601,Medicare,Technical/Coding,Audit,Field Audit,Finding,Overpayment,17,143225,31368
202602,Medicare,Technical/Coding,Final Selection,Clinical Review,Approval,Approved,31,111476,0
202601,Commercial,Data Mining,Final Selection,Coding Review,Approval,Approved,40,126960,0
202604,Medicare,Data Mining,Audit,Automated Review,Finding,Documentation Error,23,177491,0
202603,Commercial,Coordination of Benefits,Initial Selection,Query,Final Selection,Clinical Review,23,97106,0
202605,Medicaid,Clinical DRG,Audit,Desk Audit,Finding,No Finding,46,338284,0
202602,Commercial,Technical/Coding,Inflow,Random Sample,Inscope,In Scope,49,402437,0
202605,Medicare,Coordination of Benefits,Audit,Automated Review,Finding,No Finding,29,241454,0
202602,Medicaid,Coordination of Benefits,Approval,Approved,Audit,Desk Audit,25,141800,0
202605,Medicaid,Clinical DRG,Inscope,In Scope,Initial Selection,Query,133,921291,0
202601,Medicaid,Data Mining,Audit,Desk Audit,Finding,Overpayment,19,40565,10990
202603,Commercial,Coordination of Benefits,Audit,Desk Audit,Finding,No Finding,21,107709,0
202606,Medicare,Data Mining,Inscope,In Scope,Initial Selection,Manual,157,1118782,0
202603,Medicaid,Technical/Coding,Approval,Approved,Audit,Desk Audit,36,258516,0
202605,Medicaid,Clinical DRG,Approval,Approved,Audit,Field Audit,28,179536,0
202601,Medicare,Clinical DRG,Approval,Approved,Audit,Automated Review,60,191640,0
202602,Commercial,Technical/Coding,Inscope,In Scope,Initial Selection,Query,105,794745,0
202601,Medicaid,Clinical DRG,Inflow,Random Sample,Inscope,In Scope,220,1050060,0
202604,Medicaid,Data Mining,Inscope,In Scope,Initial Selection,Manual,69,311121,0
202602,Commercial,Data Mining,Initial Selection,Query,Final Selection,Clinical Review,27,131976,0
202602,Medicare,Coordination of Benefits,Audit,Automated Review,Finding,Overpayment,24,186192,18396
202603,Medicare,Clinical DRG,Approval,Approved,Audit,Field Audit,13,38740,0
202601,Commercial,Clinical DRG,Inflow,Hotline,Inscope,In Scope,33,269049,0
202605,Commercial,Coordination of Benefits,Inflow,Data Mining,Inscope,In Scope,148,840788,0
202602,Commercial,Technical/Coding,Initial Selection,Manual,Final Selection,Coding Review,21,136752,0
202603,Commercial,Technical/Coding,Final Selection,Clinical Review,Approval,Approved,60,498540,0
202604,Medicare,Clinical DRG,Approval,Approved,Audit,Automated Review,29,268511,0
202603,Medicare,Coordination of Benefits,Audit,Desk Audit,Finding,No Finding,11,98714,0
202601,Medicaid,Technical/Coding,Approval,Approved,Audit,Automated Review,24,222768,0
202604,Commercial,Data Mining,Final Selection,Clinical Review,Approval,Approved,9,39339,0
202602,Medicaid,Technical/Coding,Inscope,In Scope,Initial Selection,Manual,92,178480,0
202603,Medicare,Data Mining,Audit,Automated Review,Finding,No Finding,34,81906,0
202605,Medicare,Coordination of Benefits,Approval,Approved,Audit,Automated Review,40,129840,0
202603,Medicaid,Technical/Coding,Final Selection,Clinical Review,Approval,Approved,50,254600,0
202604,Medicaid,Data Mining,Inflow,Random Sample,Inscope,In Scope,47,198951,0
202605,Medicaid,Data Mining,Initial Selection,Query,Final Selection,Coding Review,69,272688,0
202606,Commercial,Clinical DRG,Approval,Approved,Audit,Desk Audit,10,41150,0
202605,Commercial,Technical/Coding,Audit,Field Audit,Finding,No Finding,27,49383,0
202601,Medicaid,Data Mining,Inscope,In Scope,Initial Selection,Experimental,25,208700,0
202606,Medicaid,Technical/Coding,Approval,Approved,Audit,Field Audit,7,63420,0
202602,Medicare,Data Mining,Inscope,In Scope,Initial Selection,Query,33,245817,0
202602,Medicaid,Technical/Coding,Approval,Approved,Audit,Desk Audit,27,88749,0
202606,Medicare,Coordination of Benefits,Inflow,Data Mining,Inscope,In Scope,233,1003997,0
202602,Medicaid,Technical/Coding,Initial Selection,Query,Final Selection,Clinical Review,20,130080,0
202602,Commercial,Coordination of Benefits,Final Selection,Coding Review,Approval,Approved,41,312994,0
202603,Medicaid,Clinical DRG,Final Selection,Coding Review,Approval,Approved,71,637651,0
202602,Medicaid,Coordination of Benefits,Approval,Approved,Audit,Field Audit,23,44666,0
202606,Medicaid,Technical/Coding,Audit,Automated Review,Finding,Overpayment,34,86258,8889
202604,Medicare,Technical/Coding,Approval,Approved,Audit,Desk Audit,55,203555,0
202606,Commercial,Data Mining,Initial Selection,Experimental,Final Selection,Clinical Review,51,190842,0
202601,Medicare,Data Mining,Inscope,In Scope,Initial Selection,Query,117,379548,0
202602,Commercial,Clinical DRG,Final Selection,Coding Review,Approval,Approved,23,43953,0
202604,Medicare,Clinical DRG,Audit,Desk Audit,Finding,No Finding,42,194796,0
202604,Commercial,Technical/Coding,Final Selection,Clinical Review,Approval,Approved,39,307359,0
202602,Medicare,Coordination of Benefits,Inflow,Provider Referral,Inscope,Out of Scope,110,950400,0
202603,Medicare,Coordination of Benefits,Final Selection,Clinical Review,Approval,Rejected,10,48050,0
202604,Medicare,Coordination of Benefits,Approval,Approved,Audit,Desk Audit,40,127680,0
202603,Commercial,Data Mining,Inflow,Random Sample,Inscope,In Scope,76,496128,0
202605,Medicaid,Technical/Coding,Inscope,In Scope,Initial Selection,Manual,145,309285,0
202604,Commercial,Clinical DRG,Approval,Approved,Audit,Automated Review,24,111216,0
202601,Medicare,Clinical DRG,Audit,Desk Audit,Finding,Overpayment,5,31045,2846
202604,Commercial,Clinical DRG,Inscope,In Scope,Initial Selection,Query,32,56384,0
202606,Medicaid,Data Mining,Initial Selection,Experimental,Final Selection,Coding Review,43,389408,0
202606,Medicare,Data Mining,Approval,Approved,Audit,Desk Audit,44,234388,0
202604,Medicare,Data Mining,Approval,Approved,Audit,Desk Audit,23,156837,0
202606,Medicare,Data Mining,Initial Selection,Manual,Final Selection,Clinical Review,10,51360,0
202603,Medicare,Clinical DRG,Final Selection,Coding Review,Approval,Approved,56,480256,0
202602,Medicaid,Technical/Coding,Audit,Field Audit,Finding,Overpayment,23,116127,29812
202604,Commercial,Data Mining,Final Selection,Coding Review,Approval,Approved,26,111020,0
202606,Medicaid,Technical/Coding,Audit,Automated Review,Finding,Overpayment,14,104118,12306
202602,Commercial,Coordination of Benefits,Final Selection,Coding Review,Approval,Approved,22,73678,0
202604,Medicare,Data Mining,Inflow,Random Sample,Inscope,In Scope,255,2404395,0
202605,Medicaid,Clinical DRG,Inscope,In Scope,Initial Selection,Manual,51,357153,0
202604,Commercial,Data Mining,Inscope,In Scope,Initial Selection,Manual,48,228528,0
202605,Commercial,Technical/Coding,Initial Selection,Experimental,Final Selection,Coding Review,72,207072,0
202606,Medicaid,Technical/Coding,Inscope,In Scope,Initial Selection,Manual,63,548730,0
202606,Medicare,Data Mining,Initial Selection,Experimental,Final Selection,Coding Review,66,392436,0
202606,Commercial,Clinical DRG,Audit,Desk Audit,Finding,No Finding,8,14200,0
202601,Medicare,Coordination of Benefits,Inflow,Hotline,Inscope,Out of Scope,114,371982,0
202606,Medicare,Technical/Coding,Initial Selection,Manual,Final Selection,Clinical Review,41,261539,0
202604,Medicaid,Coordination of Benefits,Audit,Desk Audit,Finding,No Finding,7,57204,0
202605,Medicare,Technical/Coding,Inscope,In Scope,Initial Selection,Manual,154,763224,0
202602,Commercial,Data Mining,Audit,Field Audit,Finding,No Finding,13,32864,0
202606,Medicare,Data Mining,Inflow,Provider Referral,Inscope,In Scope,131,716963,0
202604,Medicaid,Technical/Coding,Inflow,Hotline,Inscope,Out of Scope,175,1099875,0
202602,Medicaid,Clinical DRG,Final Selection,Coding Review,Approval,Rejected,13,115206,0
202603,Medicare,Technical/Coding,Inscope,In Scope,Initial Selection,Query,53,132977,0
202606,Medicare,Coordination of Benefits,Initial Selection,Experimental,Final Selection,Coding Review,75,171000,0
202603,Commercial,Data Mining,Inflow,Random Sample,Inscope,Out of Scope,104,891592,0
202603,Medicare,Coordination of Benefits,Approval,Approved,Audit,Field Audit,14,28364,0
202606,Medicare,Coordination of Benefits,Initial Selection,Query,Final Selection,Coding Review,37,71447,0
202603,Commercial,Data Mining,Audit,Desk Audit,Finding,No Finding,5,13350,0
202605,Medicare,Clinical DRG,Initial Selection,Query,Final Selection,Clinical Review,63,296919,0
202604,Medicare,Coordination of Benefits,Audit,Field Audit,Finding,No Finding,40,231960,0
202604,Medicaid,Coordination of Benefits,Inscope,In Scope,Initial Selection,Query,100,318000,0
202604,Medicaid,Coordination of Benefits,Inflow,Random Sample,Inscope,Out of Scope,38,311524,0
202606,Medicaid,Clinical DRG,Inflow,Data Mining,Inscope,In Scope,57,204630,0
202601,Medicare,Coordination of Benefits,Inflow,Data Mining,Inscope,In Scope,83,662340,0
202601,Medicare,Clinical DRG,Audit,Desk Audit,Finding,No Finding,25,218200,0
202605,Medicare,Technical/Coding,Approval,Approved,Audit,Field Audit,28,225092,0
202606,Medicare,Clinical DRG,Inflow,Data Mining,Inscope,In Scope,276,2536440,0
202601,Medicare,Clinical DRG,Audit,Desk Audit,Finding,Overpayment,52,375232,47510
202601,Commercial,Clinical DRG,Final Selection,Coding Review,Approval,Approved,21,115479,0
202602,Commercial,Data Mining,Approval,Approved,Audit,Desk Audit,41,292699,0
202605,Medicare,Data Mining,Inscope,In Scope,Initial Selection,Manual,58,217848,0
202602,Commercial,Technical/Coding,Audit,Desk Audit,Finding,No Finding,7,21987,0
202602,Medicaid,Technical/Coding,Inscope,In Scope,Initial Selection,Query,127,511810,0
202605,Medicaid,Coordination of Benefits,Inscope,In Scope,Initial Selection,Manual,68,518432,0
202602,Commercial,Clinical DRG,Audit,Automated Review,Finding,No Finding,41,119761,0
202601,Medicare,Clinical DRG,Final Selection,Coding Review,Approval,Rejected,13,86801,0
202604,Medicare,Data Mining,Inflow,Provider Referral,Inscope,In Scope,238,2167228,0
202603,Commercial,Clinical DRG,Approval,Approved,Audit,Automated Review,24,127008,0
202603,Commercial,Data Mining,Initial Selection,Query,Final Selection,Clinical Review,45,187515,0
202605,Commercial,Technical/Coding,Inscope,In Scope,Initial Selection,Manual,79,391524,0
202604,Medicaid,Coordination of Benefits,Final Selection,Coding Review,Approval,Rejected,32,169728,0
202602,Medicare,Data Mining,Final Selection,Clinical Review,Approval,Rejected,65,272610,0
202604,Commercial,Technical/Coding,Final Selection,Coding Review,Approval,Approved,59,489464,0
202606,Medicare,Technical/Coding,Approval,Approved,Audit,Desk Audit,7,33635,0
202604,Medicare,Coordination of Benefits,Initial Selection,Manual,Final Selection,Clinical Review,41,118736,0
202603,Commercial,Coordination of Benefits,Inscope,In Scope,Initial Selection,Query,122,693936,0
202604,Medicaid,Technical/Coding,Final Selection,Clinical Review,Approval,Approved,14,30072,0
202603,Commercial,Data Mining,Approval,Approved,Audit,Desk Audit,30,279810,0
202604,Medicare,Data Mining,Final Selection,Clinical Review,Approval,Pending,53,153647,0
202603,Commercial,Coordination of Benefits,Audit,Automated Review,Finding,No Finding,8,52056,0
202602,Commercial,Coordination of Benefits,Initial Selection,Experimental,Final Selection,Clinical Review,55,477290,0
202602,Medicaid,Data Mining,Inflow,Provider Referral,Inscope,In Scope,120,433920,0
202602,Medicaid,Technical/Coding,Initial Selection,Experimental,Final Selection,Coding Review,50,402250,0
202603,Commercial,Coordination of Benefits,Approval,Approved,Audit,Field Audit,10,42360,0
202606,Commercial,Technical/Coding,Audit,Automated Review,Finding,No Finding,40,332560,0
202602,Medicaid,Data Mining,Inflow,Hotline,Inscope,In Scope,45,213570,0
202602,Commercial,Coordination of Benefits,Inflow,Random Sample,Inscope,In Scope,170,642430,0
202601,Medicaid,Data Mining,Inscope,In Scope,Initial Selection,Query,78,666432,0
202601,Medicaid,Technical/Coding,Inscope,In Scope,Initial Selection,Manual,171,1142964,0
202604,Commercial,Technical/Coding,Initial Selection,Query,Final Selection,Coding Review,34,222836,0
202605,Medicare,Technical/Coding,Approval,Approved,Audit,Desk Audit,10,76250,0
202602,Commercial,Coordination of Benefits,Inscope,In Scope,Initial Selection,Query,136,1167560,0
202601,Medicaid,Coordination of Benefits,Inscope,In Scope,Initial Selection,Manual,19,131822,0
202606,Medicaid,Clinical DRG,Initial Selection,Query,Final Selection,Coding Review,23,120957,0
202606,Medicaid,Technical/Coding,Approval,Approved,Audit,Automated Review,11,102025,0
202603,Medicaid,Coordination of Benefits,Inscope,In Scope,Initial Selection,Manual,106,281112,0
202603,Medicare,Clinical DRG,Inflow,Hotline,Inscope,In Scope,153,422433,0
202603,Commercial,Data Mining,Approval,Approved,Audit,Field Audit,36,153108,0
202604,Medicare,Coordination of Benefits,Approval,Approved,Audit,Field Audit,23,143359,0
202605,Medicare,Clinical DRG,Audit,Automated Review,Finding,No Finding,35,74305,0
202601,Medicare,Technical/Coding,Inflow,Data Mining,Inscope,Out of Scope,99,232848,0
202603,Medicaid,Coordination of Benefits,Inflow,Random Sample,Inscope,In Scope,35,197190,0
202604,Commercial,Clinical DRG,Approval,Approved,Audit,Field Audit,29,211410,0
202602,Commercial,Clinical DRG,Inscope,In Scope,Initial Selection,Manual,167,1514022,0
202603,Medicare,Technical/Coding,Inflow,Provider Referral,Inscope,In Scope,282,2061984,0
202602,Medicaid,Clinical DRG,Inflow,Data Mining,Inscope,In Scope,70,659260,0
202602,Commercial,Coordination of Benefits,Initial Selection,Query,Final Selection,Coding Review,53,256626,0
202601,Commercial,Coordination of Benefits,Final Selection,Clinical Review,Approval,Approved,44,219956,0
202605,Medicare,Clinical DRG,Inscope,In Scope,Initial Selection,Manual,161,905786,0
202601,Medicaid,Clinical DRG,Approval,Approved,Audit,Field Audit,57,167808,0
202604,Medicare,Technical/Coding,Approval,Approved,Audit,Automated Review,55,368555,0
202603,Medicaid,Coordination of Benefits,Approval,Approved,Audit,Desk Audit,14,108892,0
202605,Medicaid,Coordination of Benefits,Inscope,In Scope,Initial Selection,Experimental,76,195776,0
202606,Medicaid,Data Mining,Inflow,Random Sample,Inscope,In Scope,176,1250128,0
202605,Medicaid,Technical/Coding,Inscope,In Scope,Initial Selection,Manual,166,410684,0
202606,Medicare,Technical/Coding,Approval,Approved,Audit,Automated Review,50,167750,0
202605,Medicaid,Coordination of Benefits,Final Selection,Clinical Review,Approval,Approved,18,112374,0
202603,Medicare,Clinical DRG,Initial Selection,Manual,Final Selection,Clinical Review,31,268088,0
202603,Medicare,Data Mining,Audit,Field Audit,Finding,No Finding,27,129627,0
202605,Medicare,Data Mining,Final Selection,Coding Review,Approval,Rejected,56,482888,0
202602,Medicare,Clinical DRG,Inflow,Provider Referral,Inscope,In Scope,34,318104,0
202603,Medicare,Coordination of Benefits,Final Selection,Coding Review,Approval,Approved,17,40732,0
202601,Medicaid,Technical/Coding,Audit,Desk Audit,Finding,Documentation Error,38,333602,0
202603,Medicare,Coordination of Benefits,Final Selection,Clinical Review,Approval,Approved,8,71680,0
202601,Medicaid,Technical/Coding,Initial Selection,Query,Final Selection,Coding Review,78,709176,0
202602,Medicare,Clinical DRG,Final Selection,Clinical Review,Approval,Approved,16,120592,0
202602,Medicaid,Coordination of Benefits,Initial Selection,Manual,Final Selection,Coding Review,42,88956,0
202606,Commercial,Technical/Coding,Inscope,In Scope,Initial Selection,Manual,84,154896,0
202601,Medicaid,Data Mining,Final Selection,Coding Review,Approval,Approved,6,37944,0
202601,Commercial,Clinical DRG,Initial Selection,Experimental,Final Selection,Clinical Review,52,169520,0
202603,Medicare,Coordination of Benefits,Inscope,In Scope,Initial Selection,Query,164,264860,0
202606,Medicare,Data Mining,Approval,Approved,Audit,Automated Review,49,418950,0
202606,Medicare,Coordination of Benefits,Initial Selection,Manual,Final Selection,Clinical Review,47,391181,0
202604,Commercial,Technical/Coding,Initial Selection,Experimental,Final Selection,Coding Review,68,415684,0
202605,Medicare,Coordination of Benefits,Audit,Automated Review,Finding,No Finding,12,76236,0
202604,Medicaid,Data Mining,Initial Selection,Query,Final Selection,Clinical Review,61,473177,0
202604,Commercial,Data Mining,Initial Selection,Query,Final Selection,Clinical Review,26,230048,0
202602,Medicaid,Coordination of Benefits,Audit,Field Audit,Finding,No Finding,24,207816,0
202606,Medicare,Clinical DRG,Initial Selection,Experimental,Final Selection,Coding Review,81,225828,0
202605,Medicaid,Technical/Coding,Approval,Approved,Audit,Automated Review,50,164300,0
202606,Medicaid,Clinical DRG,Final Selection,Clinical Review,Approval,Pending,48,93264,0
202605,Medicare,Clinical DRG,Initial Selection,Experimental,Final Selection,Coding Review,29,222111,0
202602,Commercial,Coordination of Benefits,Final Selection,Clinical Review,Approval,Approved,52,422656,0
202603,Commercial,Data Mining,Approval,Approved,Audit,Desk Audit,22,170324,0
202604,Commercial,Clinical DRG,Inscope,In Scope,Initial Selection,Manual,153,1366749,0
202602,Commercial,Clinical DRG,Approval,Approved,Audit,Field Audit,10,72920,0
202603,Medicare,Data Mining,Initial Selection,Manual,Final Selection,Clinical Review,17,159715,0
202602,Medicare,Clinical DRG,Inflow,Hotline,Inscope,In Scope,92,770960,0
202606,Medicare,Clinical DRG,Initial Selection,Query,Final Selection,Coding Review,58,541720,0
202603,Commercial,Data Mining,Inflow,Hotline,Inscope,In Scope,105,347235,0
202603,Medicaid,Data Mining,Audit,Automated Review,Finding,No Finding,32,180000,0
202601,Medicaid,Coordination of Benefits,Initial Selection,Manual,Final Selection,Clinical Review,41,354814,0
202604,Commercial,Clinical DRG,Final Selection,Coding Review,Approval,Pending,57,320112,0
202601,Medicaid,Clinical DRG,Final Selection,Clinical Review,Approval,Approved,48,112992,0
202601,Medicare,Clinical DRG,Final Selection,Coding Review,Approval,Approved,29,189776,0
202604,Medicare,Coordination of Benefits,Initial Selection,Experimental,Final Selection,Coding Review,46,155204,0
202605,Medicaid,Clinical DRG,Inflow,Data Mining,Inscope,In Scope,217,1735132,0
202601,Commercial,Data Mining,Inflow,Data Mining,Inscope,In Scope,179,1114812,0
202604,Commercial,Clinical DRG,Initial Selection,Experimental,Final Selection,Clinical Review,56,314888,0
202602,Medicaid,Coordination of Benefits,Inscope,In Scope,Initial Selection,Manual,66,336270,0
202601,Commercial,Technical/Coding,Inflow,Data Mining,Inscope,In Scope,85,139910,0
202604,Commercial,Technical/Coding,Final Selection,Clinical Review,Approval,Approved,21,92085,0
202606,Commercial,Data Mining,Inscope,In Scope,Initial Selection,Experimental,34,82654,0
202602,Medicare,Technical/Coding,Audit,Automated Review,Finding,No Finding,29,164256,0
202603,Commercial,Data Mining,Inflow,Hotline,Inscope,In Scope,45,226305,0
202604,Medicare,Coordination of Benefits,Final Selection,Coding Review,Approval,Approved,12,45024,0
202606,Medicaid,Data Mining,Final Selection,Clinical Review,Approval,Rejected,14,36274,0
202601,Medicare,Clinical DRG,Approval,Approved,Audit,Field Audit,39,273195,0
202605,Medicaid,Coordination of Benefits,Final Selection,Clinical Review,Approval,Pending,44,137236,0
202605,Medicaid,Clinical DRG,Approval,Approved,Audit,Desk Audit,15,60900,0
202602,Commercial,Data Mining,Inflow,Hotline,Inscope,In Scope,199,338101,0
202601,Commercial,Coordination of Benefits,Approval,Approved,Audit,Desk Audit,41,111602,0
202603,Medicare,Data Mining,Inscope,In Scope,Initial Selection,Query,113,623873,0
202602,Medicare,Technical/Coding,Final Selection,Clinical Review,Approval,Approved,18,155286,0
202605,Medicare,Clinical DRG,Final Selection,Clinical Review,Approval,Approved,30,202050,0
202604,Commercial,Coordination of Benefits,Inscope,In Scope,Initial Selection,Manual,126,647262,0
202601,Medicaid,Data Mining,Inflow,Data Mining,Inscope,In Scope,110,528110,0
202604,Commercial,Technical/Coding,Audit,Desk Audit,Finding,No Finding,39,225186,0
202604,Commercial,Technical/Coding,Inscope,In Scope,Initial Selection,Query,30,154350,0
202605,Medicare,Data Mining,Inflow,Provider Referral,Inscope,In Scope,239,667288,0
202606,Medicare,Coordination of Benefits,Initial Selection,Query,Final Selection,Clinical Review,64,525376,0
202603,Medicaid,Coordination of Benefits,Initial Selection,Query,Final Selection,Coding Review,35,273140,0
202606,Commercial,Technical/Coding,Final Selection,Coding Review,Approval,Approved,39,171795,0
202605,Commercial,Clinical DRG,Initial Selection,Experimental,Final Selection,Clinical Review,33,289245,0
202603,Commercial,Technical/Coding,Initial Selection,Query,Final Selection,Coding Review,55,174130,0
202603,Medicaid,Technical/Coding,Initial Selection,Experimental,Final Selection,Coding Review,32,120352,0
202605,Medicaid,Technical/Coding,Approval,Approved,Audit,Automated Review,44,176704,0
202602,Commercial,Coordination of Benefits,Audit,Automated Review,Finding,No Finding,11,89507,0
202604,Commercial,Technical/Coding,Inflow,Hotline,Inscope,In Scope,74,480926,0
202606,Medicaid,Technical/Coding,Audit,Field Audit,Finding,No Finding,22,122474,0
202606,Medicaid,Data Mining,Approval,Approved,Audit,Desk Audit,36,78840,0
202603,Medicare,Data Mining,Approval,Approved,Audit,Desk Audit,17,140267,0
202603,Medicaid,Data Mining,Approval,Approved,Audit,Field Audit,26,84006,0
202603,Medicare,Data Mining,Audit,Field Audit,Finding,No Finding,28,145068,0
202604,Medicaid,Clinical DRG,Inscope,In Scope,Initial Selection,Manual,174,1420536,0
202601,Medicare,Clinical DRG,Initial Selection,Manual,Final Selection,Clinical Review,40,105720,0
202601,Commercial,Data Mining,Inscope,In Scope,Initial Selection,Experimental,108,225720,0
202601,Medicare,Coordination of Benefits,Approval,Approved,Audit,Desk Audit,18,62784,0
202602,Commercial,Coordination of Benefits,Approval,Approved,Audit,Automated Review,11,19668,0
202605,Commercial,Coordination of Benefits,Inscope,In Scope,Initial Selection,Experimental,137,649243,0
202602,Commercial,Clinical DRG,Inscope,In Scope,Initial Selection,Query,138,525642,0
202604,Medicare,Clinical DRG,Inscope,In Scope,Initial Selection,Manual,131,863683,0
202602,Medicare,Technical/Coding,Initial Selection,Manual,Final Selection,Clinical Review,78,321906,0
202604,Commercial,Data Mining,Final Selection,Clinical Review,Approval,Approved,10,49460,0
202606,Medicaid,Data Mining,Inscope,In Scope,Initial Selection,Experimental,143,674102,0
202601,Commercial,Coordination of Benefits,Inscope,In Scope,Initial Selection,Query,92,405168,0
202603,Medicare,Data Mining,Approval,Approved,Audit,Automated Review,42,137886,0
202603,Medicare,Clinical DRG,Approval,Approved,Audit,Desk Audit,36,118656,0
202602,Medicaid,Coordination of Benefits,Final Selection,Coding Review,Approval,Approved,22,197120,0
202602,Medicaid,Data Mining,Inflow,Data Mining,Inscope,In Scope,37,196248,0
202606,Medicare,Data Mining,Approval,Approved,Audit,Desk Audit,7,39347,0
202604,Commercial,Data Mining,Final Selection,Clinical Review,Approval,Approved,27,93744,0
202603,Medicaid,Coordination of Benefits,Final Selection,Clinical Review,Approval,Approved,39,268437,0
202605,Commercial,Technical/Coding,Inflow,Random Sample,Inscope,In Scope,211,732592,0
202601,Commercial,Technical/Coding,Inflow,Provider Referral,Inscope,In Scope,153,1412955,0
202603,Medicaid,Technical/Coding,Initial Selection,Manual,Final Selection,Coding Review,32,279520,0
202602,Medicare,Data Mining,Initial Selection,Manual,Final Selection,Clinical Review,30,262230,0
202601,Commercial,Clinical DRG,Approval,Approved,Audit,Desk Audit,33,307428,0
202604,Medicare,Technical/Coding,Inflow,Data Mining,Inscope,In Scope,51,109701,0
202601,Medicaid,Technical/Coding,Approval,Approved,Audit,Automated Review,36,281952,0
202603,Commercial,Technical/Coding,Inscope,In Scope,Initial Selection,Manual,18,76788,0
202602,Medicaid,Clinical DRG,Approval,Approved,Audit,Desk Audit,16,31936,0
202604,Medicare,Technical/Coding,Inscope,In Scope,Initial Selection,Query,81,436428,0
202602,Medicaid,Technical/Coding,Audit,Desk Audit,Finding,No Finding,11,75273,0
202605,Medicare,Clinical DRG,Final Selection,Clinical Review,Approval,Approved,49,290668,0
202604,Commercial,Data Mining,Approval,Approved,Audit,Automated Review,27,255987,0
202606,Commercial,Coordination of Benefits,Approval,Approved,Audit,Automated Review,28,259672,0
202604,Medicare,Data Mining,Inscope,In Scope,Initial Selection,Manual,137,631570,0
202603,Medicare,Data Mining,Final Selection,Coding Review,Approval,Approved,8,33408,0
202604,Medicare,Clinical DRG,Inscope,In Scope,Initial Selection,Query,201,563805,0
202604,Commercial,Technical/Coding,Audit,Field Audit,Finding,No Finding,10,17340,0
202602,Medicaid,Coordination of Benefits,Final Selection,Coding Review,Approval,Approved,32,148576,0
202602,Medicaid,Technical/Coding,Final Selection,Clinical Review,Approval,Approved,16,143168,0
202606,Medicare,Coordination of Benefits,Initial Selection,Manual,Final Selection,Clinical Review,41,363506,0
202606,Medicaid,Clinical DRG,Approval,Approved,Audit,Desk Audit,37,226366,0
202604,Medicare,Data Mining,Inflow,Hotline,Inscope,In Scope,111,1015872,0
202605,Medicare,Clinical DRG,Inflow,Data Mining,Inscope,In Scope,216,822528,0
202601,Medicare,Technical/Coding,Audit,Automated Review,Finding,No Finding,29,142216,0
202603,Commercial,Data Mining,Initial Selection,Experimental,Final Selection,Clinical Review,35,70595,0
202605,Commercial,Clinical DRG,Final Selection,Coding Review,Approval,Approved,44,83424,0
202606,Commercial,Clinical DRG,Inscope,In Scope,Initial Selection,Manual,157,816871,0
202606,Commercial,Coordination of Benefits,Inscope,In Scope,Initial Selection,Query,43,101609,0
202605,Medicaid,Coordination of Benefits,Final Selection,Clinical Review,Approval,Approved,23,39077,0
202602,Medicare,Data Mining,Approval,Approved,Audit,Desk Audit,55,485870,0
202602,Medicaid,Coordination of Benefits,Inscope,In Scope,Initial Selection,Experimental,40,345400,0
202601,Medicaid,Data Mining,Inflow,Data Mining,Inscope,In Scope,61,559736,0
202606,Medicaid,Clinical DRG,Inflow,Random Sample,Inscope,In Scope,123,818196,0
202606,Medicaid,Data Mining,Initial Selection,Experimental,Final Selection,Coding Review,73,560567,0
202603,Commercial,Coordination of Benefits,Approval,Approved,Audit,Field Audit,42,313740,0
202605,Commercial,Coordination of Benefits,Approval,Approved,Audit,Desk Audit,5,25770,0
202604,Medicaid,Coordination of Benefits,Approval,Approved,Audit,Field Audit,39,191685,0
202601,Commercial,Coordination of Benefits,Initial Selection,Manual,Final Selection,Coding Review,45,154395,0
202602,Medicare,Data Mining,Inscope,In Scope,Initial Selection,Query,119,544187,0
202604,Commercial,Data Mining,Final Selection,Coding Review,Approval,Approved,20,58600,0
202605,Medicaid,Clinical DRG,Initial Selection,Manual,Final Selection,Clinical Review,87,447180,0
202602,Medicaid,Data Mining,Inflow,Hotline,Inscope,Out of Scope,50,206150,0
202602,Medicaid,Data Mining,Final Selection,Clinical Review,Approval,Approved,21,82866,0
202602,Commercial,Technical/Coding,Initial Selection,Manual,Final Selection,Clinical Review,57,267159,0
202601,Medicare,Clinical DRG,Inflow,Provider Referral,Inscope,In Scope,172,969220,0
202601,Commercial,Technical/Coding,Inflow,Provider Referral,Inscope,In Scope,31,83483,0
202603,Medicaid,Coordination of Benefits,Audit,Automated Review,Finding,Overpayment,10,89140,12653
202601,Medicare,Clinical DRG,Inflow,Provider Referral,Inscope,Out of Scope,95,766365,0
202602,Medicaid,Data Mining,Inflow,Hotline,Inscope,In Scope,167,1411985,0
202605,Medicare,Coordination of Benefits,Inscope,In Scope,Initial Selection,Query,64,184896,0
202606,Commercial,Clinical DRG,Final Selection,Clinical Review,Approval,Approved,9,43398,0
202603,Commercial,Technical/Coding,Audit,Field Audit,Finding,No Finding,20,187920,0
202605,Medicaid,Coordination of Benefits,Audit,Automated Review,Finding,No Finding,20,164200,0
202602,Medicaid,Coordination of Benefits,Inscope,In Scope,Initial Selection,Query,124,356004,0
202601,Medicare,Clinical DRG,Approval,Approved,Audit,Desk Audit,39,102687,0
202602,Commercial,Clinical DRG,Initial Selection,Query,Final Selection,Coding Review,62,220658,0
202606,Medicaid,Data Mining,Final Selection,Clinical Review,Approval,Pending,48,447408,0
202606,Commercial,Coordination of Benefits,Audit,Desk Audit,Finding,Documentation Error,27,50679,0
202603,Medicare,Data Mining,Inscope,In Scope,Initial Selection,Manual,25,212250,0
202603,Medicaid,Technical/Coding,Final Selection,Coding Review,Approval,Approved,34,272680,0
202606,Medicaid,Data Mining,Inscope,In Scope,Initial Selection,Query,136,688024,0
202606,Medicaid,Technical/Coding,Inflow,Data Mining,Inscope,Out of Scope,132,311916,0
202604,Medicaid,Technical/Coding,Inflow,Data Mining,Inscope,In Scope,180,1018260,0
202603,Medicare,Technical/Coding,Final Selection,Clinical Review,Approval,Approved,59,268745,0
202606,Medicaid,Coordination of Benefits,Initial Selection,Manual,Final Selection,Clinical Review,63,526176,0
202605,Medicare,Technical/Coding,Inscope,In Scope,Initial Selection,Query,180,1385100,0
202605,Medicaid,Data Mining,Approval,Approved,Audit,Desk Audit,42,342510,0
202601,Medicaid,Coordination of Benefits,Approval,Approved,Audit,Desk Audit,20,34920,0
202604,Commercial,Clinical DRG,Final Selection,Coding Review,Approval,Pending,51,320484,0
202602,Medicaid,Technical/Coding,Final Selection,Coding Review,Approval,Approved,51,437580,0
202601,Medicare,Coordination of Benefits,Final Selection,Coding Review,Approval,Approved,22,42504,0
202602,Medicaid,Technical/Coding,Final Selection,Clinical Review,Approval,Approved,11,89903,0
202603,Commercial,Data Mining,Inflow,Hotline,Inscope,In Scope,171,345249,0
202604,Commercial,Technical/Coding,Approval,Approved,Audit,Automated Review,18,165276,0
202604,Commercial,Coordination of Benefits,Inscope,In Scope,Initial Selection,Manual,78,175656,0
202603,Commercial,Technical/Coding,Final Selection,Clinical Review,Approval,Approved,56,424928,0
202603,Medicare,Coordination of Benefits,Audit,Field Audit,Finding,No Finding,23,75233,0
202606,Medicare,Coordination of Benefits,Inflow,Hotline,Inscope,In Scope,160,1162400,0
202605,Commercial,Clinical DRG,Inflow,Data Mining,Inscope,Out of Scope,26,244686,0
202602,Medicare,Coordination of Benefits,Inscope,In Scope,Initial Selection,Query,78,202332,0
202605,Commercial,Data Mining,Approval,Approved,Audit,Field Audit,35,135765,0
202601,Medicaid,Clinical DRG,Initial Selection,Manual,Final Selection,Clinical Review,27,163809,0
202603,Commercial,Clinical DRG,Approval,Approved,Audit,Automated Review,15,41910,0
202603,Medicare,Technical/Coding,Final Selection,Coding Review,Approval,Approved,39,315627,0
202604,Medicare,Data Mining,Inscope,In Scope,Initial Selection,Manual,145,806200,0
202605,Commercial,Clinical DRG,Audit,Desk Audit,Finding,No Finding,42,237258,0
202605,Medicaid,Data Mining,Initial Selection,Experimental,Final Selection,Clinical Review,10,18980,0
202604,Medicare,Clinical DRG,Approval,Approved,Audit,Desk Audit,55,508750,0
202603,Commercial,Coordination of Benefits,Final Selection,Clinical Review,Approval,Pending,31,71238,0
202602,Medicare,Clinical DRG,Approval,Approved,Audit,Desk Audit,47,287546,0
202606,Medicaid,Clinical DRG,Approval,Approved,Audit,Automated Review,45,188865,0
202602,Medicaid,Data Mining,Initial Selection,Manual,Final Selection,Coding Review,12,111504,0
202603,Commercial,Technical/Coding,Audit,Field Audit,Finding,No Finding,11,42889,0
202603,Medicaid,Clinical DRG,Approval,Approved,Audit,Desk Audit,25,191250,0
202603,Medicaid,Clinical DRG,Inflow,Hotline,Inscope,In Scope,228,538536,0
202602,Commercial,Clinical DRG,Initial Selection,Manual,Final Selection,Clinical Review,33,260403,0
202603,Medicaid,Clinical DRG,Inscope,In Scope,Initial Selection,Query,35,122360,0
202601,Medicaid,Coordination of Benefits,Approval,Approved,Audit,Automated Review,30,277830,0
202605,Commercial,Coordination of Benefits,Approval,Approved,Audit,Desk Audit,22,170764,0
202601,Medicaid,Data Mining,Inflow,Hotline,Inscope,In Scope,35,95235,0
202601,Medicare,Clinical DRG,Inflow,Random Sample,Inscope,In Scope,298,1358284,0
202604,Commercial,Clinical DRG,Initial Selection,Manual,Final Selection,Clinical Review,60,535920,0
202602,Medicare,Coordination of Benefits,Inscope,In Scope,Initial Selection,Query,120,880800,0
202601,Commercial,Clinical DRG,Final Selection,Clinical Review,Approval,Approved,16,47792,0
202606,Commercial,Technical/Coding,Final Selection,Clinical Review,Approval,Approved,24,151776,0
202606,Medicare,Data Mining,Approval,Approved,Audit,Desk Audit,18,119214,0
202606,Medicaid,Technical/Coding,Approval,Approved,Audit,Desk Audit,28,180292,0
202604,Commercial,Coordination of Benefits,Initial Selection,Manual,Final Selection,Clinical Review,15,110850,0
202604,Medicaid,Data Mining,Inflow,Provider Referral,Inscope,In Scope,67,517039,0
202603,Commercial,Technical/Coding,Approval,Approved,Audit,Automated Review,36,92952,0
202606,Medicare,Technical/Coding,Audit,Desk Audit,Finding,Overpayment,18,138636,12381
202601,Commercial,Data Mining,Inscope,In Scope,Initial Selection,Manual,33,208098,0
202601,Commercial,Technical/Coding,Audit,Desk Audit,Finding,No Finding,4,19944,0
202601,Medicaid,Technical/Coding,Final Selection,Clinical Review,Approval,Approved,51,409785,0
202601,Medicaid,Coordination of Benefits,Final Selection,Coding Review,Approval,Approved,45,173385,0
202604,Commercial,Technical/Coding,Audit,Desk Audit,Finding,Overpayment,19,59660,15153
202606,Medicare,Data Mining,Final Selection,Coding Review,Approval,Approved,25,40625,0
202604,Medicaid,Technical/Coding,Inflow,Provider Referral,Inscope,In Scope,160,634880,0
202602,Medicaid,Clinical DRG,Initial Selection,Manual,Final Selection,Clinical Review,26,132366,0
202601,Medicaid,Clinical DRG,Approval,Approved,Audit,Desk Audit,45,154665,0
202604,Medicare,Coordination of Benefits,Final Selection,Coding Review,Approval,Approved,39,132834,0
202604,Medicare,Clinical DRG,Inscope,In Scope,Initial Selection,Manual,153,883575,0
202606,Medicare,Clinical DRG,Initial Selection,Experimental,Final Selection,Clinical Review,39,282789,0
202601,Medicaid,Coordination of Benefits,Audit,Field Audit,Finding,Overpayment,25,236025,60649
202602,Medicaid,Coordination of Benefits,Inscope,In Scope,Initial Selection,Query,97,157819,0
202602,Medicare,Coordination of Benefits,Audit,Automated Review,Finding,No Finding,19,30609,0
202604,Medicare,Technical/Coding,Inflow,Hotline,Inscope,In Scope,156,570492,0
202606,Medicaid,Technical/Coding,Audit,Field Audit,Finding,No Finding,32,199360,0
202605,Medicaid,Clinical DRG,Final Selection,Coding Review,Approval,Approved,25,106500,0
202601,Medicaid,Coordination of Benefits,Final Selection,Clinical Review,Approval,Approved,34,117776,0
202604,Commercial,Clinical DRG,Audit,Desk Audit,Finding,Overpayment,11,38434,6231
202601,Medicare,Data Mining,Final Selection,Clinical Review,Approval,Approved,47,245058,0
202606,Medicare,Technical/Coding,Audit,Desk Audit,Finding,Overpayment,10,18990,2493
202605,Medicaid,Clinical DRG,Initial Selection,Experimental,Final Selection,Coding Review,52,463632,0
202602,Medicare,Coordination of Benefits,Inscope,In Scope,Initial Selection,Manual,63,509040,0
202605,Commercial,Technical/Coding,Inflow,Random Sample,Inscope,In Scope,157,465976,0
202606,Commercial,Clinical DRG,Final Selection,Clinical Review,Approval,Rejected,31,74989,0
202601,Commercial,Technical/Coding,Approval,Approved,Audit,Desk Audit,43,191694,0
202603,Medicaid,Technical/Coding,Inflow,Provider Referral,Inscope,Out of Scope,172,305128,0
202606,Medicaid,Technical/Coding,Inscope,In Scope,Initial Selection,Manual,26,197600,0
202602,Medicare,Technical/Coding,Inscope,In Scope,Initial Selection,Manual,33,231660,0
202604,Medicare,Technical/Coding,Inflow,Provider Referral,Inscope,In Scope,246,804912,0
202603,Commercial,Coordination of Benefits,Audit,Field Audit,Finding,Overpayment,5,42145,10967
202604,Medicaid,Clinical DRG,Inscope,In Scope,Initial Selection,Manual,54,389124,0
202604,Medicare,Clinical DRG,Inscope,In Scope,Initial Selection,Manual,121,301048,0
202604,Medicare,Technical/Coding,Initial Selection,Experimental,Final Selection,Coding Review,66,583440,0
202606,Commercial,Coordination of Benefits,Final Selection,Clinical Review,Approval,Rejected,38,226670,0
202606,Commercial,Technical/Coding,Final Selection,Coding Review,Approval,Approved,62,502820,0
202604,Medicaid,Coordination of Benefits,Initial Selection,Experimental,Final Selection,Clinical Review,60,488340,0
202601,Medicare,Data Mining,Initial Selection,Query,Final Selection,Coding Review,52,478192,0
202601,Commercial,Clinical DRG,Audit,Desk Audit,Finding,Documentation Error,15,114555,0
202606,Commercial,Clinical DRG,Approval,Approved,Audit,Desk Audit,44,279664,0
202606,Commercial,Technical/Coding,Inflow,Data Mining,Inscope,In Scope,81,659664,0
202602,Medicare,Clinical DRG,Approval,Approved,Audit,Desk Audit,47,107348,0
202603,Commercial,Clinical DRG,Initial Selection,Query,Final Selection,Clinical Review,21,176043,0
202602,Medicare,Data Mining,Final Selection,Clinical Review,Approval,Approved,65,221390,0
202606,Commercial,Clinical DRG,Approval,Approved,Audit,Field Audit,10,50580,0
202606,Commercial,Clinical DRG,Audit,Field Audit,Finding,No Finding,37,142931,0
202603,Medicare,Clinical DRG,Inflow,Provider Referral,Inscope,In Scope,258,463884,0
202606,Medicare,Clinical DRG,Initial Selection,Manual,Final Selection,Coding Review,101,688618,0
202605,Medicare,Clinical DRG,Audit,Desk Audit,Finding,No Finding,53,127412,0
202604,Commercial,Coordination of Benefits,Inflow,Provider Referral,Inscope,In Scope,93,387066,0
202604,Commercial,Clinical DRG,Approval,Approved,Audit,Automated Review,21,60984,0
202601,Commercial,Technical/Coding,Approval,Approved,Audit,Desk Audit,33,298848,0
202601,Medicare,Technical/Coding,Initial Selection,Experimental,Final Selection,Coding Review,13,54249,0
202604,Medicaid,Clinical DRG,Approval,Approved,Audit,Desk Audit,8,52064,0
202601,Medicare,Coordination of Benefits,Inscope,In Scope,Initial Selection,Manual,79,183754,0
202603,Commercial,Coordination of Benefits,Approval,Approved,Audit,Desk Audit,30,78210,0
202602,Medicaid,Technical/Coding,Initial Selection,Experimental,Final Selection,Clinical Review,36,166572,0
202606,Medicare,Coordination of Benefits,Initial Selection,Manual,Final Selection,Coding Review,40,303040,0
202601,Commercial,Clinical DRG,Audit,Field Audit,Finding,Overpayment,14,49966,8096
202605,Commercial,Data Mining,Approval,Approved,Audit,Automated Review,5,39635,0
202605,Commercial,Technical/Coding,Inscope,In Scope,Initial Selection,Manual,159,315456,0
202601,Medicaid,Coordination of Benefits,Approval,Approved,Audit,Automated Review,29,221821,0
202601,Medicaid,Coordination of Benefits,Audit,Desk Audit,Finding,No Finding,22,125026,0
202602,Commercial,Technical/Coding,Final Selection,Clinical Review,Approval,Approved,10,48740,0
202603,Medicare,Technical/Coding,Audit,Desk Audit,Finding,Overpayment,26,173446,37391
202606,Medicare,Coordination of Benefits,Final Selection,Coding Review,Approval,Approved,23,202492,0
202604,Commercial,Technical/Coding,Initial Selection,Experimental,Final Selection,Coding Review,52,266708,0
202602,Medicare,Coordination of Benefits,Initial Selection,Manual,Final Selection,Clinical Review,11,91674,0
202604,Medicaid,Data Mining,Inscope,In Scope,Initial Selection,Experimental,79,616674,0
202603,Medicare,Technical/Coding,Final Selection,Clinical Review,Approval,Approved,37,162208,0
202605,Commercial,Technical/Coding,Initial Selection,Manual,Final Selection,Coding Review,69,123510,0
202606,Medicare,Data Mining,Final Selection,Coding Review,Approval,Approved,27,234090,0
202603,Commercial,Clinical DRG,Inscope,In Scope,Initial Selection,Manual,127,928751,0
202605,Commercial,Technical/Coding,Initial Selection,Query,Final Selection,Coding Review,19,102866,0
202605,Commercial,Clinical DRG,Audit,Automated Review,Finding,No Finding,18,130068,0
202606,Medicare,Coordination of Benefits,Inscope,In Scope,Initial Selection,Experimental,55,432685,0
202603,Medicare,Coordination of Benefits,Approval,Approved,Audit,Automated Review,12,57996,0
202606,Medicare,Technical/Coding,Inflow,Provider Referral,Inscope,In Scope,209,1112925,0
202605,Medicaid,Clinical DRG,Approval,Approved,Audit,Field Audit,18,64350,0
202605,Medicare,Technical/Coding,Final Selection,Clinical Review,Approval,Approved,60,254760,0
202602,Medicare,Data Mining,Inflow,Provider Referral,Inscope,Out of Scope,233,1540596,0
202605,Medicaid,Coordination of Benefits,Final Selection,Clinical Review,Approval,Approved,34,293454,0
202604,Commercial,Clinical DRG,Inflow,Data Mining,Inscope,In Scope,32,263712,0
202601,Commercial,Clinical DRG,Initial Selection,Query,Final Selection,Clinical Review,20,169220,0
202605,Commercial,Clinical DRG,Inscope,In Scope,Initial Selection,Manual,143,1052051,0
202604,Medicaid,Coordination of Benefits,Approval,Approved,Audit,Automated Review,24,218616,0
202601,Commercial,Technical/Coding,Final Selection,Coding Review,Approval,Approved,29,78213,0
202601,Medicare,Coordination of Benefits,Approval,Approved,Audit,Automated Review,34,232458,0
202605,Medicaid,Clinical DRG,Approval,Approved,Audit,Desk Audit,30,178200,0
202604,Medicaid,Clinical DRG,Approval,Approved,Audit,Automated Review,31,99045,0
202602,Commercial,Technical/Coding,Inscope,In Scope,Initial Selection,Manual,97,373644,0
202603,Medicaid,Data Mining,Inflow,Provider Referral,Inscope,In Scope,31,226176,0
202606,Commercial,Coordination of Benefits,Inscope,In Scope,Initial Selection,Experimental,20,167900,0
202603,Commercial,Clinical DRG,Initial Selection,Manual,Final Selection,Clinical Review,45,229995,0
202604,Commercial,Clinical DRG,Approval,Approved,Audit,Desk Audit,13,66222,0
202601,Medicare,Technical/Coding,Inflow,Data Mining,Inscope,In Scope,148,1309208,0
202605,Medicare,Clinical DRG,Final Selection,Clinical Review,Approval,Approved,14,59136,0
202606,Medicare,Clinical DRG,Inscope,In Scope,Initial Selection,Manual,103,464942,0
202601,Medicaid,Technical/Coding,Final Selection,Clinical Review,Approval,Approved,40,203080,0
202605,Commercial,Technical/Coding,Approval,Approved,Audit,Automated Review,50,188000,0
202603,Commercial,Clinical DRG,Inflow,Data Mining,Inscope,In Scope,175,287000,0
202605,Medicaid,Technical/Coding,Initial Selection,Query,Final Selection,Clinical Review,66,599082,0
202605,Commercial,Technical/Coding,Final Selection,Clinical Review,Approval,Approved,49,228634,0
202605,Commercial,Clinical DRG,Inflow,Provider Referral,Inscope,In Scope,148,1074628,0
202606,Medicare,Clinical DRG,Approval,Approved,Audit,Automated Review,49,362404,0
202601,Medicaid,Coordination of Benefits,Approval,Approved,Audit,Automated Review,38,201818,0
202603,Commercial,Technical/Coding,Final Selection,Coding Review,Approval,Approved,44,361636,0
202604,Commercial,Coordination of Benefits,Approval,Approved,Audit,Desk Audit,28,112588,0
202602,Commercial,Coordination of Benefits,Approval,Approved,Audit,Field Audit,30,108990,0
202602,Medicaid,Clinical DRG,Initial Selection,Manual,Final Selection,Coding Review,39,244335,0
202605,Medicare,Technical/Coding,Inscope,In Scope,Initial Selection,Manual,189,1551879,0
202602,Medicaid,Technical/Coding,Final Selection,Coding Review,Approval,Approved,10,49400,0
202605,Commercial,Clinical DRG,Approval,Approved,Audit,Desk Audit,43,110252,0
202604,Medicaid,Clinical DRG,Audit,Field Audit,Finding,Overpayment,15,62025,11929
202606,Medicare,Technical/Coding,Initial Selection,Experimental,Final Selection,Coding Review,46,318596,0
202602,Commercial,Technical/Coding,Audit,Automated Review,Finding,No Finding,41,340587,0
202603,Medicare,Coordination of Benefits,Final Selection,Clinical Review,Approval,Pending,53,330614,0
202605,Medicaid,Coordination of Benefits,Inflow,Data Mining,Inscope,In Scope,185,839530,0
202605,Commercial,Technical/Coding,Final Selection,Coding Review,Approval,Approved,43,203476,0
202605,Medicaid,Coordination of Benefits,Final Selection,Clinical Review,Approval,Pending,18,30996,0
202605,Medicaid,Data Mining,Inflow,Data Mining,Inscope,In Scope,212,1256948,0
202603,Commercial,Coordination of Benefits,Inflow,Hotline,Inscope,Out of Scope,180,681660,0
202604,Commercial,Technical/Coding,Inscope,In Scope,Initial Selection,Experimental,65,437320,0
202601,Medicare,Technical/Coding,Final Selection,Clinical Review,Approval,Approved,61,523441,0
202605,Medicaid,Data Mining,Final Selection,Clinical Review,Approval,Pending,13,109577,0
202604,Commercial,Technical/Coding,Inflow,Provider Referral,Inscope,In Scope,225,1487700,0
202603,Medicare,Clinical DRG,Inflow,Random Sample,Inscope,In Scope,233,1610030,0
202603,Medicare,Coordination of Benefits,Audit,Automated Review,Finding,Overpayment,37,156584,14227
202604,Medicare,Technical/Coding,Approval,Approved,Audit,Field Audit,47,130472,0
202601,Commercial,Coordination of Benefits,Inscope,In Scope,Initial Selection,Manual,88,458392,0
202604,Commercial,Coordination of Benefits,Final Selection,Clinical Review,Approval,Approved,30,265590,0
202602,Commercial,Data Mining,Final Selection,Clinical Review,Approval,Approved,26,45734,0
202605,Medicare,Data Mining,Audit,Automated Review,Finding,No Finding,23,210703,0
202601,Medicare,Clinical DRG,Initial Selection,Manual,Final Selection,Clinical Review,69,491694,0
202605,Medicaid,Clinical DRG,Inscope,In Scope,Initial Selection,Manual,66,153780,0
202602,Medicaid,Coordination of Benefits,Audit,Desk Audit,Finding,Overpayment,19,47310,8205
202601,Medicaid,Clinical DRG,Inscope,In Scope,Initial Selection,Query,35,228865,0
202602,Medicare,Data Mining,Inflow,Data Mining,Inscope,In Scope,91,760669,0
202605,Commercial,Coordination of Benefits,Inscope,In Scope,Initial Selection,Query,99,438075,0
202604,Medicare,Technical/Coding,Inscope,In Scope,Initial Selection,Manual,165,1000890,0
202603,Medicaid,Coordination of Benefits,Approval,Approved,Audit,Automated Review,12,104184,0
202605,Medicaid,Clinical DRG,Inscope,In Scope,Initial Selection,Manual,28,232288,0
202601,Medicaid,Coordination of Benefits,Initial Selection,Manual,Final Selection,Clinical Review,22,158114,0
202603,Medicare,Data Mining,Final Selection,Clinical Review,Approval,Pending,41,314429,0
202604,Commercial,Technical/Coding,Inscope,In Scope,Initial Selection,Manual,45,307575,0
202601,Medicaid,Technical/Coding,Inflow,Data Mining,Inscope,In Scope,133,399665,0
202605,Commercial,Coordination of Benefits,Audit,Field Audit,Finding,No Finding,29,190472,0
202604,Medicare,Data Mining,Inscope,In Scope,Initial Selection,Experimental,120,366120,0
202605,Commercial,Coordination of Benefits,Final Selection,Clinical Review,Approval,Approved,37,286602,0
202604,Commercial,Clinical DRG,Final Selection,Coding Review,Approval,Approved,15,79725,0
202604,Commercial,Clinical DRG,Final Selection,Coding Review,Approval,Approved,36,210420,0
202602,Medicare,Coordination of Benefits,Inflow,Random Sample,Inscope,In Scope,45,314865,0
202602,Medicare,Technical/Coding,Audit,Field Audit,Finding,No Finding,13,29978,0
202604,Commercial,Coordination of Benefits,Inflow,Hotline,Inscope,In Scope,112,1038912,0
202601,Commercial,Coordination of Benefits,Final Selection,Clinical Review,Approval,Approved,34,235790,0
202602,Medicare,Technical/Coding,Initial Selection,Experimental,Final Selection,Clinical Review,56,435904,0
202605,Medicare,Coordination of Benefits,Inscope,In Scope,Initial Selection,Query,115,455975,0
202605,Medicare,Technical/Coding,Inscope,In Scope,Initial Selection,Experimental,193,362261,0
202605,Commercial,Technical/Coding,Audit,Automated Review,Finding,No Finding,36,234000,0
202606,Commercial,Coordination of Benefits,Approval,Approved,Audit,Field Audit,17,150093,0
202605,Medicaid,Clinical DRG,Audit,Desk Audit,Finding,No Finding,27,181656,0
202605,Commercial,Data Mining,Inflow,Random Sample,Inscope,In Scope,61,215147,0
202605,Medicaid,Data Mining,Final Selection,Coding Review,Approval,Approved,54,376866,0
202602,Medicare,Data Mining,Initial Selection,Query,Final Selection,Coding Review,66,139920,0
202606,Commercial,Data Mining,Final Selection,Coding Review,Approval,Approved,15,129300,0
202605,Commercial,Data Mining,Approval,Approved,Audit,Field Audit,12,101484,0
202602,Medicaid,Technical/Coding,Final Selection,Clinical Review,Approval,Rejected,43,180901,0
202606,Commercial,Clinical DRG,Final Selection,Clinical Review,Approval,Approved,64,226880,0
202603,Medicare,Coordination of Benefits,Inflow,Hotline,Inscope,In Scope,122,575840,0
202606,Commercial,Coordination of Benefits,Audit,Field Audit,Finding,No Finding,4,28452,0
202601,Medicare,Coordination of Benefits,Approval,Approved,Audit,Automated Review,24,205992,0
202603,Medicaid,Coordination of Benefits,Inscope,In Scope,Initial Selection,Query,76,243656,0
202602,Medicaid,Coordination of Benefits,Inscope,In Scope,Initial Selection,Query,35,251965,0
202605,Commercial,Coordination of Benefits,Final Selection,Clinical Review,Approval,Rejected,16,97184,0
202605,Medicare,Coordination of Benefits,Final Selection,Clinical Review,Approval,Approved,53,380222,0
202603,Medicare,Coordination of Benefits,Audit,Field Audit,Finding,Overpayment,19,90953,10326
202605,Medicare,Data Mining,Approval,Approved,Audit,Automated Review,19,83828,0
202605,Commercial,Coordination of Benefits,Inflow,Data Mining,Inscope,Out of Scope,124,306280,0
202605,Commercial,Data Mining,Initial Selection,Query,Final Selection,Clinical Review,57,319827,0
202605,Medicaid,Data Mining,Approval,Approved,Audit,Desk Audit,21,163653,0
202604,Commercial,Coordination of Benefits,Initial Selection,Manual,Final Selection,Clinical Review,28,188860,0
202605,Medicare,Clinical DRG,Inflow,Random Sample,Inscope,In Scope,86,170624,0
202602,Commercial,Coordination of Benefits,Approval,Approved,Audit,Desk Audit,6,13824,0
202603,Medicare,Data Mining,Initial Selection,Manual,Final Selection,Clinical Review,51,126480,0
202603,Medicaid,Technical/Coding,Inflow,Data Mining,Inscope,In Scope,118,787414,0
202602,Medicaid,Data Mining,Audit,Automated Review,Finding,Overpayment,37,188367,31921
202603,Medicare,Clinical DRG,Approval,Approved,Audit,Automated Review,17,124270,0
202606,Medicare,Coordination of Benefits,Inflow,Provider Referral,Inscope,In Scope,68,363120,0
202604,Commercial,Clinical DRG,Audit,Automated Review,Finding,No Finding,31,64852,0
202605,Commercial,Technical/Coding,Final Selection,Clinical Review,Approval,Approved,15,52875,0
202605,Commercial,Coordination of Benefits,Final Selection,Clinical Review,Approval,Rejected,23,141818,0
202604,Medicaid,Clinical DRG,Initial Selection,Experimental,Final Selection,Clinical Review,85,661215,0
202604,Commercial,Data Mining,Initial Selection,Query,Final Selection,Coding Review,18,101448,0
202606,Medicaid,Coordination of Benefits,Audit,Automated Review,Finding,No Finding,28,122668,0
202606,Commercial,Data Mining,Initial Selection,Query,Final Selection,Coding Review,72,477144,0
202603,Medicare,Technical/Coding,Initial Selection,Experimental,Final Selection,Coding Review,18,148590,0
202606,Medicaid,Coordination of Benefits,Inflow,Data Mining,Inscope,Out of Scope,21,185409,0
202601,Medicare,Technical/Coding,Initial Selection,Query,Final Selection,Coding Review,69,476307,0
202602,Medicare,Technical/Coding,Inscope,In Scope,Initial Selection,Query,89,192863,0
202602,Medicare,Coordination of Benefits,Initial Selection,Query,Final Selection,Clinical Review,25,169700,0
202606,Medicaid,Technical/Coding,Audit,Desk Audit,Finding,No Finding,17,145724,0
202605,Commercial,Data Mining,Final Selection,Coding Review,Approval,Approved,47,435831,0
202602,Medicaid,Data Mining,Audit,Field Audit,Finding,No Finding,16,109888,0
202604,Medicare,Clinical DRG,Inscope,In Scope,Initial Selection,Experimental,198,1458072,0
202602,Medicaid,Coordination of Benefits,Inscope,In Scope,Initial Selection,Query,140,1156960,0
202602,Commercial,Clinical DRG,Audit,Desk Audit,Finding,Overpayment,7,18438,2213
202602,Commercial,Clinical DRG,Audit,Field Audit,Finding,No Finding,7,32823,0
202606,Medicare,Clinical DRG,Approval,Approved,Audit,Desk Audit,42,122262,0
202602,Commercial,Data Mining,Initial Selection,Manual,Final Selection,Clinical Review,66,360558,0
202604,Commercial,Clinical DRG,Audit,Field Audit,Finding,Overpayment,13,116623,17495
202604,Medicaid,Coordination of Benefits,Audit,Field Audit,Finding,No Finding,14,77882,0
202602,Medicaid,Technical/Coding,Approval,Approved,Audit,Desk Audit,40,93560,0
202605,Commercial,Data Mining,Final Selection,Clinical Review,Approval,Approved,29,58986,0
202605,Medicare,Data Mining,Inflow,Random Sample,Inscope,In Scope,152,1099112,0
202602,Medicare,Data Mining,Audit,Automated Review,Finding,Overpayment,32,223008,43823
202602,Medicare,Coordination of Benefits,Inscope,In Scope,Initial Selection,Manual,120,1086120,0
202605,Medicare,Data Mining,Inscope,In Scope,Initial Selection,Query,177,757206,0
202606,Commercial,Clinical DRG,Audit,Field Audit,Finding,Overpayment,31,86118,10962
202602,Medicaid,Coordination of Benefits,Audit,Desk Audit,Finding,No Finding,24,78336,0
202603,Commercial,Coordination of Benefits,Initial Selection,Query,Final Selection,Clinical Review,57,392160,0
202604,Commercial,Data Mining,Inscope,In Scope,Initial Selection,Experimental,62,224688,0
202601,Commercial,Coordination of Benefits,Initial Selection,Query,Final Selection,Coding Review,61,346480,0
202605,Commercial,Clinical DRG,Inscope,In Scope,Initial Selection,Query,132,685608,0
202601,Medicare,Technical/Coding,Final Selection,Clinical Review,Approval,Approved,34,123046,0
202606,Commercial,Data Mining,Approval,Approved,Audit,Field Audit,15,84240,0
202606,Medicaid,Technical/Coding,Approval,Approved,Audit,Desk Audit,7,57778,0
202606,Medicare,Technical/Coding,Initial Selection,Query,Final Selection,Coding Review,83,719527,0
202601,Commercial,Technical/Coding,Inscope,In Scope,Initial Selection,Experimental,63,493542,0
202605,Medicaid,Data Mining,Approval,Approved,Audit,Desk Audit,15,109185,0
202606,Commercial,Coordination of Benefits,Audit,Automated Review,Finding,No Finding,12,81852,0
202605,Medicaid,Clinical DRG,Inflow,Data Mining,Inscope,In Scope,112,395920,0
202604,Commercial,Clinical DRG,Approval,Approved,Audit,Desk Audit,9,39969,0
202602,Medicare,Clinical DRG,Inflow,Data Mining,Inscope,In Scope,86,686538,0
202606,Commercial,Coordination of Benefits,Audit,Desk Audit,Finding,Overpayment,10,55150,7469
202606,Commercial,Technical/Coding,Inflow,Data Mining,Inscope,Out of Scope,166,830664,0
202604,Medicare,Technical/Coding,Audit,Automated Review,Finding,No Finding,38,96634,0
202602,Medicaid,Clinical DRG,Audit,Desk Audit,Finding,No Finding,10,32970,0
202602,Medicare,Data Mining,Final Selection,Coding Review,Approval,Approved,17,34646,0
202601,Commercial,Clinical DRG,Inflow,Provider Referral,Inscope,In Scope,53,140980,0
202602,Medicare,Clinical DRG,Approval,Approved,Audit,Desk Audit,59,260131,0
202606,Commercial,Data Mining,Inscope,In Scope,Initial Selection,Experimental,137,1038049,0
202602,Medicare,Coordination of Benefits,Approval,Approved,Audit,Desk Audit,24,79368,0
202605,Medicare,Technical/Coding,Final Selection,Coding Review,Approval,Approved,16,45200,0
202603,Medicare,Clinical DRG,Inflow,Hotline,Inscope,In Scope,215,1546925,0
202604,Commercial,Technical/Coding,Initial Selection,Manual,Final Selection,Clinical Review,35,94570,0
202602,Commercial,Coordination of Benefits,Final Selection,Clinical Review,Approval,Approved,51,328644,0
202602,Commercial,Coordination of Benefits,Initial Selection,Experimental,Final Selection,Clinical Review,62,132680,0
202606,Commercial,Clinical DRG,Inscope,In Scope,Initial Selection,Manual,153,975987,0
202604,Medicare,Clinical DRG,Inscope,In Scope,Initial Selection,Manual,88,278256,0
202604,Medicaid,Coordination of Benefits,Approval,Approved,Audit,Desk Audit,40,366760,0
202602,Medicare,Clinical DRG,Initial Selection,Manual,Final Selection,Coding Review,98,282142,0
202601,Medicare,Data Mining,Inflow,Random Sample,Inscope,In Scope,195,570570,0
202604,Medicare,Data Mining,Initial Selection,Manual,Final Selection,Clinical Review,66,138798,0
202604,Commercial,Clinical DRG,Final Selection,Coding Review,Approval,Rejected,8,39816,0
202602,Medicare,Technical/Coding,Initial Selection,Experimental,Final Selection,Coding Review,20,88080,0
202603,Medicaid,Technical/Coding,Audit,Automated Review,Finding,No Finding,14,102816,0
202606,Medicaid,Clinical DRG,Inscope,In Scope,Initial Selection,Manual,144,658800,0
202604,Medicaid,Data Mining,Initial Selection,Query,Final Selection,Coding Review,32,214464,0
202601,Medicaid,Data Mining,Approval,Approved,Audit,Desk Audit,26,221234,0
202602,Medicare,Coordination of Benefits,Final Selection,Clinical Review,Approval,Approved,61,223077,0
202604,Medicaid,Clinical DRG,Inflow,Provider Referral,Inscope,In Scope,243,624510,0
202605,Medicare,Clinical DRG,Inscope,In Scope,Initial Selection,Experimental,197,1594124,0
202604,Commercial,Technical/Coding,Inflow,Random Sample,Inscope,In Scope,212,1977112,0
202601,Medicaid,Technical/Coding,Final Selection,Clinical Review,Approval,Approved,42,100716,0
202606,Commercial,Coordination of Benefits,Final Selection,Clinical Review,Approval,Approved,6,52284,0
202606,Medicare,Coordination of Benefits,Audit,Desk Audit,Finding,No Finding,13,74932,0
202601,Medicaid,Data Mining,Inflow,Data Mining,Inscope,In Scope,190,660630,0
202603,Medicare,Clinical DRG,Initial Selection,Query,Final Selection,Coding Review,41,230830,0
202603,Medicare,Data Mining,Inscope,In Scope,Initial Selection,Query,23,40066,0
202605,Medicaid,Technical/Coding,Initial Selection,Experimental,Final Selection,Coding Review,67,302170,0
202604,Medicaid,Data Mining,Approval,Approved,Audit,Field Audit,15,38805,0
202605,Medicare,Coordination of Benefits,Inscope,In Scope,Initial Selection,Query,46,383548,0
202604,Medicaid,Data Mining,Final Selection,Coding Review,Approval,Rejected,11,49423,0
202605,Medicare,Technical/Coding,Inscope,In Scope,Initial Selection,Manual,33,124707,0
202604,Medicaid,Data Mining,Inflow,Hotline,Inscope,Out of Scope,170,1092590,0
202601,Medicare,Clinical DRG,Inflow,Random Sample,Inscope,In Scope,251,1362428,0
202601,Medicaid,Clinical DRG,Inflow,Hotline,Inscope,In Scope,181,1428633,0
202605,Medicare,Coordination of Benefits,Approval,Approved,Audit,Desk Audit,42,310674,0
202601,Medicaid,Technical/Coding,Inflow,Hotline,Inscope,In Scope,154,294140,0
202605,Medicaid,Data Mining,Final Selection,Coding Review,Approval,Approved,47,100251,0
202602,Medicaid,Data Mining,Audit,Desk Audit,Finding,No Finding,20,130780,0
202605,Commercial,Coordination of Benefits,Inflow,Random Sample,Inscope,Out of Scope,40,112640,0
202602,Medicaid,Coordination of Benefits,Inflow,Random Sample,Inscope,In Scope,78,283374,0
202602,Medicare,Coordination of Benefits,Final Selection,Clinical Review,Approval,Approved,53,308566,0
202606,Commercial,Coordination of Benefits,Approval,Approved,Audit,Automated Review,24,197064,0
202601,Medicare,Coordination of Benefits,Inscope,In Scope,Initial Selection,Experimental,137,375791,0
202601,Medicare,Data Mining,Inflow,Random Sample,Inscope,In Scope,175,1490300,0
202602,Medicare,Clinical DRG,Final Selection,Clinical Review,Approval,Rejected,67,472350,0
202606,Medicare,Coordination of Benefits,Inflow,Provider Referral,Inscope,In Scope,197,1447753,0
202605,Commercial,Data Mining,Inscope,In Scope,Initial Selection,Manual,87,825108,0
202601,Commercial,Coordination of Benefits,Audit,Automated Review,Finding,Overpayment,34,291516,27438
202605,Medicaid,Coordination of Benefits,Initial Selection,Experimental,Final Selection,Clinical Review,62,160270,0
202604,Medicaid,Technical/Coding,Approval,Approved,Audit,Automated Review,26,134810,0
202601,Commercial,Technical/Coding,Inflow,Provider Referral,Inscope,In Scope,34,171020,0
202604,Medicaid,Data Mining,Audit,Desk Audit,Finding,No Finding,11,93478,0
202602,Medicaid,Clinical DRG,Initial Selection,Experimental,Final Selection,Clinical Review,82,566456,0
202606,Medicare,Technical/Coding,Approval,Approved,Audit,Field Audit,45,171675,0
202602,Commercial,Data Mining,Approval,Approved,Audit,Desk Audit,42,202104,0
202605,Commercial,Data Mining,Audit,Automated Review,Finding,Overpayment,5,32115,4847
202606,Medicare,Coordination of Benefits,Inflow,Random Sample,Inscope,In Scope,132,258720,0
202604,Commercial,Technical/Coding,Inscope,In Scope,Initial Selection,Manual,160,1161600,0
202605,Commercial,Technical/Coding,Initial Selection,Experimental,Final Selection,Clinical Review,17,135677,0
202604,Commercial,Data Mining,Inscope,In Scope,Initial Selection,Query,113,1038131,0
202604,Commercial,Coordination of Benefits,Approval,Approved,Audit,Desk Audit,15,112515,0
202603,Commercial,Data Mining,Inflow,Hotline,Inscope,In Scope,91,258622,0
202601,Medicaid,Clinical DRG,Inscope,In Scope,Initial Selection,Manual,48,139632,0
202603,Commercial,Technical/Coding,Audit,Field Audit,Finding,No Finding,28,73472,0
202601,Commercial,Technical/Coding,Initial Selection,Experimental,Final Selection,Clinical Review,66,376860,0
202602,Commercial,Clinical DRG,Final Selection,Clinical Review,Approval,Pending,35,193480,0
202602,Commercial,Data Mining,Approval,Approved,Audit,Desk Audit,35,294840,0
202601,Medicare,Coordination of Benefits,Inflow,Data Mining,Inscope,Out of Scope,52,333008,0
202606,Medicare,Coordination of Benefits,Audit,Automated Review,Finding,No Finding,11,91553,0
202602,Commercial,Data Mining,Inflow,Data Mining,Inscope,In Scope,184,908776,0
202601,Medicaid,Technical/Coding,Inscope,In Scope,Initial Selection,Experimental,77,474089,0
202605,Medicare,Data Mining,Initial Selection,Experimental,Final Selection,Clinical Review,24,109224,0
202603,Medicaid,Data Mining,Inscope,In Scope,Initial Selection,Manual,32,163616,0
202603,Commercial,Clinical DRG,Inscope,In Scope,Initial Selection,Manual,172,1074312,0
202604,Medicaid,Clinical DRG,Final Selection,Coding Review,Approval,Rejected,64,136640,0
202605,Medicare,Coordination of Benefits,Approval,Approved,Audit,Field Audit,45,73035,0
202604,Medicaid,Technical/Coding,Inflow,Hotline,Inscope,In Scope,94,468966,0
202605,Medicare,Technical/Coding,Initial Selection,Experimental,Final Selection,Clinical Review,49,329917,0
202604,Medicaid,Data Mining,Approval,Approved,Audit,Field Audit,35,169470,0
202606,Commercial,Data Mining,Initial Selection,Experimental,Final Selection,Clinical Review,31,224471,0
202601,Medicaid,Coordination of Benefits,Approval,Approved,Audit,Automated Review,42,294210,0
202601,Medicare,Clinical DRG,Approval,Approved,Audit,Automated Review,56,172424,0
202601,Commercial,Data Mining,Initial Selection,Manual,Final Selection,Coding Review,36,319788,0
202606,Medicare,Coordination of Benefits,Inflow,Provider Referral,Inscope,In Scope,131,942283,0
202606,Medicare,Technical/Coding,Approval,Approved,Audit,Desk Audit,27,98172,0
202604,Commercial,Technical/Coding,Inflow,Hotline,Inscope,In Scope,171,351747,0
202604,Medicaid,Clinical DRG,Inflow,Provider Referral,Inscope,In Scope,210,1320690,0
202603,Medicare,Coordination of Benefits,Approval,Approved,Audit,Desk Audit,21,191940,0
202604,Medicaid,Coordination of Benefits,Audit,Automated Review,Finding,No Finding,20,113500,0
202604,Medicare,Coordination of Benefits,Final Selection,Coding Review,Approval,Approved,62,500650,0
202603,Medicaid,Data Mining,Initial Selection,Query,Final Selection,Coding Review,35,210105,0
202601,Commercial,Data Mining,Initial Selection,Query,Final Selection,Coding Review,22,176000,0
202605,Commercial,Clinical DRG,Final Selection,Clinical Review,Approval,Approved,64,296128,0
202603,Medicaid,Data Mining,Inscope,In Scope,Initial Selection,Query,73,535747,0
202603,Medicare,Clinical DRG,Final Selection,Coding Review,Approval,Approved,39,135525,0
202601,Medicare,Data Mining,Inscope,In Scope,Initial Selection,Manual,48,192432,0
202602,Medicaid,Data Mining,Final Selection,Coding Review,Approval,Approved,14,109998,0
202603,Commercial,Clinical DRG,Final Selection,Clinical Review,Approval,Approved,19,74119,0
202606,Medicare,Clinical DRG,Initial Selection,Experimental,Final Selection,Coding Review,38,226822,0
202605,Commercial,Data Mining,Inflow,Provider Referral,Inscope,In Scope,143,246246,0
202601,Medicaid,Data Mining,Final Selection,Coding Review,Approval,Pending,14,44856,0
202601,Medicare,Coordination of Benefits,Final Selection,Clinical Review,Approval,Pending,25,131350,0
202602,Commercial,Data Mining,Initial Selection,Manual,Final Selection,Coding Review,39,86697,0
202602,Commercial,Clinical DRG,Inscope,In Scope,Initial Selection,Manual,67,232758,0
202606,Medicaid,Coordination of Benefits,Inscope,In Scope,Initial Selection,Manual,106,803056,0
202604,Commercial,Clinical DRG,Final Selection,Coding Review,Approval,Pending,53,158046,0
202603,Medicaid,Technical/Coding,Initial Selection,Manual,Final Selection,Clinical Review,57,415587,0
202602,Commercial,Coordination of Benefits,Initial Selection,Query,Final Selection,Coding Review,25,49650,0
202601,Commercial,Data Mining,Initial Selection,Query,Final Selection,Coding Review,29,201318,0
202604,Medicaid,Technical/Coding,Inscope,In Scope,Initial Selection,Manual,53,151686,0
202606,Medicaid,Coordination of Benefits,Approval,Approved,Audit,Field Audit,34,258672,0
202601,Medicaid,Data Mining,Final Selection,Clinical Review,Approval,Approved,24,165216,0
202606,Commercial,Technical/Coding,Final Selection,Clinical Review,Approval,Approved,62,381114,0
202605,Medicaid,Technical/Coding,Inflow,Random Sample,Inscope,In Scope,28,195048,0
202605,Medicare,Clinical DRG,Approval,Approved,Audit,Automated Review,66,128106,0
202603,Medicaid,Technical/Coding,Inflow,Random Sample,Inscope,In Scope,228,793440,0
202603,Commercial,Technical/Coding,Initial Selection,Experimental,Final Selection,Coding Review,35,299040,0
202602,Medicaid,Clinical DRG,Inflow,Provider Referral,Inscope,In Scope,229,2003292,0
202604,Medicaid,Data Mining,Approval,Approved,Audit,Field Audit,8,68016,0
202604,Medicaid,Technical/Coding,Initial Selection,Query,Final Selection,Clinical Review,67,631609,0
202603,Medicaid,Coordination of Benefits,Final Selection,Clinical Review,Approval,Rejected,17,141304,0
202605,Medicaid,Clinical DRG,Final Selection,Clinical Review,Approval,Approved,67,410375,0
202601,Medicare,Coordination of Benefits,Inscope,In Scope,Initial Selection,Manual,100,946700,0
202605,Commercial,Coordination of Benefits,Approval,Approved,Audit,Automated Review,30,190350,0
202604,Commercial,Technical/Coding,Audit,Automated Review,Finding,Overpayment,18,99756,19527
202602,Medicaid,Clinical DRG,Initial Selection,Query,Final Selection,Coding Review,33,154671,0
202602,Medicare,Clinical DRG,Audit,Automated Review,Finding,No Finding,28,207760,0
202603,Medicare,Coordination of Benefits,Inscope,In Scope,Initial Selection,Experimental,135,466290,0
202605,Medicaid,Technical/Coding,Approval,Approved,Audit,Desk Audit,50,122250,0
202602,Medicare,Data Mining,Inflow,Random Sample,Inscope,Out of Scope,69,643770,0
202605,Medicare,Technical/Coding,Approval,Approved,Audit,Field Audit,43,394310,0
202602,Medicare,Technical/Coding,Inflow,Provider Referral,Inscope,In Scope,32,99712,0
202602,Medicare,Clinical DRG,Inflow,Provider Referral,Inscope,In Scope,158,849882,0
202604,Medicaid,Clinical DRG,Inflow,Provider Referral,Inscope,In Scope,205,1330245,0
202606,Commercial,Data Mining,Audit,Field Audit,Finding,Overpayment,26,59384,14463
202602,Medicaid,Data Mining,Inflow,Hotline,Inscope,In Scope,193,680711,0
202605,Medicaid,Coordination of Benefits,Audit,Desk Audit,Finding,No Finding,6,38580,0
202605,Medicare,Data Mining,Initial Selection,Query,Final Selection,Coding Review,80,689120,0
202605,Commercial,Technical/Coding,Inscope,In Scope,Initial Selection,Manual,121,507111,0
202606,Medicare,Clinical DRG,Inflow,Data Mining,Inscope,In Scope,37,197728,0
202604,Medicare,Clinical DRG,Initial Selection,Query,Final Selection,Coding Review,94,603386,0
202604,Medicaid,Clinical DRG,Initial Selection,Manual,Final Selection,Coding Review,13,67210,0
202604,Commercial,Data Mining,Final Selection,Coding Review,Approval,Approved,6,54078,0
202606,Medicaid,Coordination of Benefits,Initial Selection,Manual,Final Selection,Coding Review,58,492246,0
202602,Medicaid,Clinical DRG,Final Selection,Coding Review,Approval,Approved,54,448200,0
202605,Medicaid,Data Mining,Inflow,Provider Referral,Inscope,In Scope,154,1205358,0
202602,Medicaid,Data Mining,Approval,Approved,Audit,Desk Audit,12,56340,0
202605,Commercial,Data Mining,Inscope,In Scope,Initial Selection,Query,143,246818,0
202605,Medicare,Data Mining,Approval,Approved,Audit,Desk Audit,47,329470,0
202606,Medicaid,Clinical DRG,Initial Selection,Manual,Final Selection,Clinical Review,66,337392,0
202602,Medicaid,Data Mining,Inflow,Random Sample,Inscope,Out of Scope,27,196506,0
202605,Medicare,Technical/Coding,Inflow,Provider Referral,Inscope,In Scope,239,1878062,0
202603,Medicaid,Technical/Coding,Final Selection,Clinical Review,Approval,Approved,12,73584,0
202601,Commercial,Coordination of Benefits,Inscope,In Scope,Initial Selection,Query,68,295732,0
202605,Medicaid,Clinical DRG,Final Selection,Coding Review,Approval,Approved,61,142679,0
202606,Commercial,Technical/Coding,Final Selection,Coding Review,Approval,Approved,18,144414,0
202601,Medicare,Technical/Coding,Initial Selection,Manual,Final Selection,Clinical Review,70,342930,0
202602,Medicaid,Coordination of Benefits,Inscope,In Scope,Initial Selection,Manual,89,386082,0
202605,Commercial,Clinical DRG,Final Selection,Clinical Review,Approval,Rejected,26,195156,0
202606,Medicaid,Coordination of Benefits,Inscope,In Scope,Initial Selection,Experimental,68,488104,0
202603,Medicaid,Data Mining,Inflow,Hotline,Inscope,In Scope,141,371535,0
202601,Commercial,Technical/Coding,Inscope,In Scope,Initial Selection,Query,17,126106,0
202605,Medicare,Clinical DRG,Inflow,Random Sample,Inscope,In Scope,264,2365440,0
202603,Medicaid,Coordination of Benefits,Inflow,Random Sample,Inscope,In Scope,199,540086,0
202603,Medicaid,Technical/Coding,Approval,Approved,Audit,Automated Review,40,171480,0
202606,Medicaid,Clinical DRG,Inflow,Provider Referral,Inscope,In Scope,210,1962240,0
202605,Medicare,Technical/Coding,Audit,Field Audit,Finding,No Finding,18,42084,0
202602,Medicaid,Clinical DRG,Final Selection,Coding Review,Approval,Approved,12,24984,0
202603,Commercial,Clinical DRG,Inflow,Provider Referral,Inscope,In Scope,26,171600,0
202602,Medicaid,Clinical DRG,Audit,Desk Audit,Finding,No Finding,26,58812,0
202606,Medicare,Coordination of Benefits,Inscope,In Scope,Initial Selection,Manual,120,325800,0
202602,Medicare,Clinical DRG,Final Selection,Clinical Review,Approval,Rejected,61,254431,0
202606,Medicare,Clinical DRG,Final Selection,Coding Review,Approval,Rejected,82,570228,0
202601,Commercial,Coordination of Benefits,Approval,Approved,Audit,Field Audit,14,115374,0
202606,Medicare,Data Mining,Final Selection,Clinical Review,Approval,Rejected,37,163651,0
202602,Commercial,Coordination of Benefits,Initial Selection,Query,Final Selection,Coding Review,35,295785,0
202606,Medicare,Technical/Coding,Final Selection,Clinical Review,Approval,Rejected,73,438730,0
202601,Medicare,Clinical DRG,Inflow,Hotline,Inscope,In Scope,82,367442,0
202605,Commercial,Data Mining,Inscope,In Scope,Initial Selection,Manual,63,210861,0
202606,Medicaid,Data Mining,Initial Selection,Experimental,Final Selection,Coding Review,73,261486,0
202603,Medicare,Data Mining,Approval,Approved,Audit,Desk Audit,22,133540,0
202604,Medicare,Data Mining,Final Selection,Clinical Review,Approval,Approved,23,172017,0
202603,Medicaid,Technical/Coding,Approval,Approved,Audit,Automated Review,23,187565,0
202602,Medicaid,Coordination of Benefits,Final Selection,Clinical Review,Approval,Approved,24,104064,0
202601,Medicaid,Data Mining,Initial Selection,Experimental,Final Selection,Clinical Review,36,190008,0
202605,Medicaid,Coordination of Benefits,Inflow,Hotline,Inscope,Out of Scope,54,177498,0
202605,Medicare,Clinical DRG,Approval,Approved,Audit,Field Audit,31,278721,0
202603,Medicare,Clinical DRG,Final Selection,Coding Review,Approval,Approved,67,436505,0
202601,Medicare,Clinical DRG,Inflow,Provider Referral,Inscope,In Scope,198,1843578,0
202604,Medicare,Clinical DRG,Inscope,In Scope,Initial Selection,Experimental,190,1770800,0
202604,Commercial,Data Mining,Inflow,Data Mining,Inscope,In Scope,27,133002,0
202606,Commercial,Coordination of Benefits,Inscope,In Scope,Initial Selection,Experimental,54,395442,0
202601,Commercial,Technical/Coding,Inflow,Provider Referral,Inscope,In Scope,68,352580,0
202603,Commercial,Coordination of Benefits,Inflow,Provider Referral,Inscope,In Scope,106,829132,0
202606,Medicare,Clinical DRG,Initial Selection,Manual,Final Selection,Clinical Review,91,839202,0
202602,Medicaid,Coordination of Benefits,Final Selection,Coding Review,Approval,Approved,22,43098,0
202604,Medicare,Data Mining,Audit,Desk Audit,Finding,No Finding,27,174771,0
202605,Medicare,Coordination of Benefits,Audit,Automated Review,Finding,No Finding,20,137480,0
202601,Medicare,Clinical DRG,Inflow,Provider Referral,Inscope,Out of Scope,126,1189692,0
202606,Commercial,Technical/Coding,Initial Selection,Experimental,Final Selection,Clinical Review,66,590700,0
202605,Medicare,Clinical DRG,Initial Selection,Query,Final Selection,Clinical Review,14,123116,0
202602,Medicaid,Clinical DRG,Approval,Approved,Audit,Desk Audit,39,158184,0
202606,Commercial,Clinical DRG,Inscope,In Scope,Initial Selection,Experimental,138,1229028,0
202602,Commercial,Coordination of Benefits,Initial Selection,Manual,Final Selection,Coding Review,55,343475,0
202603,Medicare,Clinical DRG,Initial Selection,Query,Final Selection,Clinical Review,17,83946,0
202604,Commercial,Clinical DRG,Audit,Desk Audit,Finding,No Finding,25,233100,0
202605,Medicare,Clinical DRG,Approval,Approved,Audit,Field Audit,41,153832,0
202601,Commercial,Technical/Coding,Final Selection,Coding Review,Approval,Approved,14,104580,0
202602,Commercial,Technical/Coding,Approval,Approved,Audit,Desk Audit,43,408070,0
202603,Medicare,Clinical DRG,Inflow,Random Sample,Inscope,In Scope,155,1211325,0
202602,Medicaid,Coordination of Benefits,Inflow,Data Mining,Inscope,In Scope,96,805056,0
202601,Medicare,Data Mining,Inscope,In Scope,Initial Selection,Manual,44,394372,0
202604,Medicare,Coordination of Benefits,Inflow,Random Sample,Inscope,In Scope,70,445760,0
202601,Commercial,Technical/Coding,Audit,Automated Review,Finding,No Finding,10,33920,0
202602,Medicaid,Coordination of Benefits,Inflow,Provider Referral,Inscope,In Scope,190,353590,0
202605,Medicare,Data Mining,Audit,Desk Audit,Finding,No Finding,5,34095,0
202605,Commercial,Data Mining,Approval,Approved,Audit,Desk Audit,12,106332,0
202601,Medicare,Data Mining,Final Selection,Coding Review,Approval,Approved,17,113016,0
202601,Medicaid,Coordination of Benefits,Final Selection,Coding Review,Approval,Approved,38,234004,0
202605,Medicaid,Coordination of Benefits,Approval,Approved,Audit,Desk Audit,32,244384,0
202605,Medicaid,Coordination of Benefits,Inscope,In Scope,Initial Selection,Manual,145,517360,0
202604,Commercial,Technical/Coding,Inflow,Data Mining,Inscope,In Scope,111,651015,0
202602,Medicare,Coordination of Benefits,Final Selection,Coding Review,Approval,Rejected,53,343493,0
202602,Medicare,Data Mining,Inflow,Provider Referral,Inscope,In Scope,258,755166,0
202602,Commercial,Clinical DRG,Inscope,In Scope,Initial Selection,Query,51,122910,0
202606,Commercial,Technical/Coding,Inflow,Hotline,Inscope,Out of Scope,153,1229508,0
202601,Commercial,Data Mining,Audit,Desk Audit,Finding,No Finding,26,61698,0
202604,Medicare,Clinical DRG,Approval,Approved,Audit,Desk Audit,34,146948,0
202605,Commercial,Clinical DRG,Audit,Automated Review,Finding,Documentation Error,32,247680,0
202604,Commercial,Data Mining,Inscope,In Scope,Initial Selection,Manual,99,194436,0
202606,Medicare,Coordination of Benefits,Inscope,In Scope,Initial Selection,Query,163,1194627,0
202605,Medicare,Clinical DRG,Approval,Approved,Audit,Field Audit,18,103770,0
202605,Medicaid,Technical/Coding,Approval,Approved,Audit,Desk Audit,23,200008,0
202601,Commercial,Clinical DRG,Approval,Approved,Audit,Desk Audit,50,275250,0
202602,Medicare,Clinical DRG,Inscope,In Scope,Initial Selection,Query,150,396600,0
202606,Medicare,Technical/Coding,Audit,Desk Audit,Finding,Overpayment,9,34848,4730
202603,Commercial,Technical/Coding,Audit,Desk Audit,Finding,Documentation Error,27,208575,0
202601,Medicare,Data Mining,Initial Selection,Experimental,Final Selection,Coding Review,27,198261,0
202601,Commercial,Technical/Coding,Audit,Automated Review,Finding,No Finding,9,17055,0
202606,Medicare,Clinical DRG,Initial Selection,Experimental,Final Selection,Coding Review,35,300370,0
202602,Medicare,Data Mining,Final Selection,Coding Review,Approval,Rejected,16,116752,0
202601,Medicare,Coordination of Benefits,Audit,Desk Audit,Finding,Overpayment,39,304980,32367
202601,Medicaid,Coordination of Benefits,Inflow,Random Sample,Inscope,In Scope,63,102249,0
202606,Medicare,Coordination of Benefits,Audit,Automated Review,Finding,Overpayment,42,218568,37458
202603,Medicaid,Clinical DRG,Approval,Approved,Audit,Desk Audit,10,72010,0
202601,Commercial,Technical/Coding,Approval,Approved,Audit,Desk Audit,49,353633,0
202606,Medicare,Data Mining,Initial Selection,Query,Final Selection,Coding Review,12,103800,0
202602,Commercial,Technical/Coding,Inflow,Provider Referral,Inscope,In Scope,231,1773387,0
202605,Medicaid,Clinical DRG,Approval,Approved,Audit,Desk Audit,15,93720,0
202601,Medicare,Clinical DRG,Final Selection,Coding Review,Approval,Approved,13,59865,0
202604,Commercial,Coordination of Benefits,Final Selection,Coding Review,Approval,Approved,47,412848,0
202601,Medicaid,Technical/Coding,Audit,Field Audit,Finding,Documentation Error,8,50176,0
202605,Medicaid,Coordination of Benefits,Initial Selection,Manual,Final Selection,Clinical Review,28,223412,0
202603,Medicaid,Clinical DRG,Final Selection,Coding Review,Approval,Approved,22,158620,0
202603,Commercial,Technical/Coding,Audit,Desk Audit,Finding,No Finding,19,31711,0
202603,Commercial,Data Mining,Inscope,In Scope,Initial Selection,Manual,43,204508,0
202602,Medicaid,Clinical DRG,Inflow,Hotline,Inscope,Out of Scope,99,333927,0
202604,Commercial,Technical/Coding,Audit,Field Audit,Finding,Documentation Error,29,211584,0
202603,Medicaid,Technical/Coding,Inflow,Provider Referral,Inscope,In Scope,152,1425000,0
202605,Commercial,Clinical DRG,Audit,Automated Review,Finding,Documentation Error,11,75218,0
202602,Commercial,Coordination of Benefits,Audit,Desk Audit,Finding,No Finding,24,172608,0
202604,Medicaid,Technical/Coding,Inscope,In Scope,Initial Selection,Experimental,42,314958,0
202603,Medicaid,Technical/Coding,Initial Selection,Experimental,Final Selection,Clinical Review,55,194260,0
202602,Medicare,Coordination of Benefits,Inscope,In Scope,Initial Selection,Experimental,61,136335,0
202601,Commercial,Coordination of Benefits,Audit,Automated Review,Finding,No Finding,4,18648,0
202606,Medicaid,Coordination of Benefits,Final Selection,Coding Review,Approval,Rejected,38,270940,0
202603,Medicaid,Coordination of Benefits,Final Selection,Coding Review,Approval,Approved,47,382251,0
202603,Commercial,Coordination of Benefits,Inscope,In Scope,Initial Selection,Experimental,79,366244,0
202605,Medicaid,Coordination of Benefits,Final Selection,Coding Review,Approval,Pending,40,318560,0
202605,Medicaid,Clinical DRG,Final Selection,Clinical Review,Approval,Rejected,16,35952,0
202602,Medicaid,Coordination of Benefits,Initial Selection,Manual,Final Selection,Clinical Review,7,44037,0
202603,Commercial,Coordination of Benefits,Approval,Approved,Audit,Automated Review,12,93948,0
202604,Commercial,Technical/Coding,Initial Selection,Query,Final Selection,Coding Review,41,167034,0
202604,Medicare,Clinical DRG,Inscope,In Scope,Initial Selection,Query,88,239272,0
202602,Medicaid,Clinical DRG,Initial Selection,Manual,Final Selection,Clinical Review,87,342954,0
202601,Commercial,Coordination of Benefits,Audit,Automated Review,Finding,No Finding,12,97116,0
202602,Medicaid,Clinical DRG,Initial Selection,Query,Final Selection,Coding Review,29,217065,0
202601,Medicaid,Data Mining,Inscope,In Scope,Initial Selection,Manual,132,1188264,0
202601,Medicare,Clinical DRG,Final Selection,Coding Review,Approval,Rejected,21,193914,0
202601,Medicare,Coordination of Benefits,Audit,Automated Review,Finding,No Finding,29,113100,0
202603,Medicare,Technical/Coding,Initial Selection,Experimental,Final Selection,Clinical Review,27,138942,0
202605,Medicaid,Coordination of Benefits,Initial Selection,Experimental,Final Selection,Coding Review,56,318080,0
202601,Medicare,Data Mining,Inscope,In Scope,Initial Selection,Experimental,180,1285740,0
202601,Commercial,Data Mining,Initial Selection,Experimental,Final Selection,Coding Review,24,216312,0
202604,Medicaid,Data Mining,Inscope,In Scope,Initial Selection,Manual,71,350101,0
202602,Medicare,Data Mining,Inflow,Provider Referral,Inscope,In Scope,43,296227,0
202601,Commercial,Coordination of Benefits,Inscope,In Scope,Initial Selection,Experimental,23,41423,0
202603,Medicaid,Clinical DRG,Inflow,Provider Referral,Inscope,Out of Scope,163,1404245,0
202606,Medicare,Technical/Coding,Inflow,Hotline,Inscope,In Scope,168,1180536,0
202602,Medicare,Data Mining,Inflow,Hotline,Inscope,In Scope,183,1330593,0
202601,Medicare,Data Mining,Approval,Approved,Audit,Field Audit,15,135615,0
202601,Medicare,Clinical DRG,Inscope,In Scope,Initial Selection,Query,105,777945,0
202602,Commercial,Data Mining,Inscope,In Scope,Initial Selection,Query,45,284175,0
202606,Commercial,Data Mining,Inscope,In Scope,Initial Selection,Manual,76,504716,0
202603,Commercial,Technical/Coding,Inscope,In Scope,Initial Selection,Manual,130,946140,0
202604,Medicare,Technical/Coding,Approval,Approved,Audit,Desk Audit,30,257580,0
202604,Commercial,Technical/Coding,Initial Selection,Manual,Final Selection,Clinical Review,43,219128,0
202601,Commercial,Coordination of Benefits,Inflow,Random Sample,Inscope,In Scope,29,177335,0
202604,Medicare,Technical/Coding,Final Selection,Coding Review,Approval,Rejected,17,133654,0
202605,Medicare,Technical/Coding,Final Selection,Clinical Review,Approval,Approved,47,123187,0
202602,Medicaid,Clinical DRG,Initial Selection,Experimental,Final Selection,Coding Review,88,539880,0
202602,Commercial,Technical/Coding,Audit,Desk Audit,Finding,Documentation Error,26,183482,0
202606,Medicaid,Coordination of Benefits,Approval,Approved,Audit,Automated Review,27,87480,0
202603,Medicaid,Coordination of Benefits,Inscope,In Scope,Initial Selection,Manual,48,348432,0
202602,Medicare,Technical/Coding,Audit,Automated Review,Finding,Overpayment,11,85569,17240
202603,Medicare,Coordination of Benefits,Approval,Approved,Audit,Field Audit,42,302988,0
202606,Medicare,Technical/Coding,Audit,Field Audit,Finding,No Finding,25,77475,0
202605,Medicaid,Technical/Coding,Initial Selection,Experimental,Final Selection,Clinical Review,42,150528,0
202606,Commercial,Data Mining,Inscope,In Scope,Initial Selection,Experimental,34,202436,0
202601,Medicaid,Data Mining,Audit,Field Audit,Finding,No Finding,39,137865,0
202601,Medicaid,Coordination of Benefits,Inscope,In Scope,Initial Selection,Query,116,719316,0
202603,Medicare,Clinical DRG,Audit,Desk Audit,Finding,Overpayment,28,84812,13591
202601,Commercial,Coordination of Benefits,Audit,Field Audit,Finding,Overpayment,34,254966,44543
202603,Medicaid,Clinical DRG,Initial Selection,Experimental,Final Selection,Clinical Review,54,106272,0
202603,Medicaid,Coordination of Benefits,Approval,Approved,Audit,Automated Review,34,238136,0
202601,Medicaid,Clinical DRG,Final Selection,Coding Review,Approval,Approved,50,393900,0
202606,Medicaid,Coordination of Benefits,Final Selection,Coding Review,Approval,Approved,44,103312,0
202605,Commercial,Data Mining,Approval,Approved,Audit,Field Audit,27,164214,0
202604,Medicaid,Technical/Coding,Inflow,Random Sample,Inscope,In Scope,233,634459,0
202601,Medicaid,Technical/Coding,Final Selection,Clinical Review,Approval,Approved,11,73711,0
202606,Medicaid,Clinical DRG,Inscope,In Scope,Initial Selection,Manual,34,316438,0
202602,Commercial,Technical/Coding,Audit,Field Audit,Finding,Documentation Error,31,152055,0
202604,Commercial,Data Mining,Final Selection,Clinical Review,Approval,Approved,37,203019,0
202602,Medicare,Technical/Coding,Final Selection,Coding Review,Approval,Rejected,26,58604,0
202605,Medicare,Technical/Coding,Final Selection,Coding Review,Approval,Approved,10,53710,0
202603,Commercial,Data Mining,Audit,Automated Review,Finding,No Finding,13,110318,0
202606,Medicare,Coordination of Benefits,Inscope,In Scope,Initial Selection,Query,131,1035817,0
202604,Medicaid,Coordination of Benefits,Inscope,In Scope,Initial Selection,Experimental,119,897141,0
202605,Commercial,Coordination of Benefits,Inscope,In Scope,Initial Selection,Manual,20,57960,0
202601,Commercial,Clinical DRG,Initial Selection,Manual,Final Selection,Coding Review,53,435395,0
202604,Medicaid,Coordination of Benefits,Approval,Approved,Audit,Automated Review,18,99558,0
202601,Commercial,Clinical DRG,Inflow,Data Mining,Inscope,In Scope,177,956331,0
202604,Medicaid,Coordination of Benefits,Approval,Approved,Audit,Field Audit,18,113202,0
202604,Commercial,Data Mining,Initial Selection,Manual,Final Selection,Clinical Review,22,104698,0
202603,Medicaid,Clinical DRG,Initial Selection,Query,Final Selection,Clinical Review,48,172848,0
202603,Medicaid,Technical/Coding,Final Selection,Clinical Review,Approval,Approved,58,276254,0
202603,Commercial,Data Mining,Approval,Approved,Audit,Automated Review,26,58422,0
202601,Commercial,Coordination of Benefits,Inscope,In Scope,Initial Selection,Manual,44,88220,0
202606,Medicaid,Data Mining,Audit,Desk Audit,Finding,Overpayment,18,45036,5057
202602,Medicaid,Data Mining,Audit,Desk Audit,Finding,No Finding,14,31374,0
202603,Commercial,Coordination of Benefits,Approval,Approved,Audit,Field Audit,20,183140,0
202603,Medicaid,Data Mining,Inscope,In Scope,Initial Selection,Experimental,143,535392,0
202603,Commercial,Technical/Coding,Initial Selection,Experimental,Final Selection,Clinical Review,14,113190,0
202603,Commercial,Clinical DRG,Final Selection,Clinical Review,Approval,Approved,24,202320,0
202606,Medicaid,Coordination of Benefits,Approval,Approved,Audit,Desk Audit,31,273296,0
202603,Medicaid,Coordination of Benefits,Inflow,Data Mining,Inscope,In Scope,31,200260,0
202603,Commercial,Data Mining,Inscope,In Scope,Initial Selection,Query,50,315750,0
202606,Commercial,Coordination of Benefits,Inflow,Data Mining,Inscope,In Scope,21,187425,0
202605,Medicaid,Technical/Coding,Inflow,Data Mining,Inscope,In Scope,148,1160172,0
202601,Medicaid,Coordination of Benefits,Initial Selection,Experimental,Final Selection,Clinical Review,28,189364,0
202606,Medicaid,Coordination of Benefits,Initial Selection,Query,Final Selection,Coding Review,16,138208,0
202602,Medicare,Technical/Coding,Inflow,Provider Referral,Inscope,In Scope,199,1023855,0
202603,Medicaid,Clinical DRG,Inscope,In Scope,Initial Selection,Query,186,339264,0
202602,Commercial,Coordination of Benefits,Inflow,Data Mining,Inscope,In Scope,62,471882,0
202604,Medicaid,Data Mining,Initial Selection,Experimental,Final Selection,Coding Review,39,123201,0
202603,Commercial,Coordination of Benefits,Audit,Automated Review,Finding,No Finding,3,18447,0
202604,Medicare,Technical/Coding,Inflow,Hotline,Inscope,In Scope,195,788580,0
202602,Medicaid,Coordination of Benefits,Final Selection,Coding Review,Approval,Approved,9,30825,0
202605,Commercial,Coordination of Benefits,Inflow,Data Mining,Inscope,In Scope,57,180120,0
202604,Medicare,Technical/Coding,Inflow,Data Mining,Inscope,In Scope,166,663668,0
202602,Medicaid,Data Mining,Inscope,In Scope,Initial Selection,Manual,55,386815,0
202604,Commercial,Data Mining,Approval,Approved,Audit,Automated Review,31,260679,0
202601,Medicare,Coordination of Benefits,Audit,Automated Review,Finding,Documentation Error,30,259440,0
202603,Medicaid,Clinical DRG,Inscope,In Scope,Initial Selection,Query,118,612302,0
202603,Medicare,Data Mining,Initial Selection,Manual,Final Selection,Coding Review,37,122174,0
202603,Medicare,Technical/Coding,Inscope,In Scope,Initial Selection,Experimental,55,160930,0
202605,Commercial,Coordination of Benefits,Final Selection,Coding Review,Approval,Approved,30,232710,0
202603,Commercial,Technical/Coding,Inscope,In Scope,Initial Selection,Manual,44,295152,0
202602,Medicare,Technical/Coding,Inflow,Data Mining,Inscope,In Scope,201,499083,0
202602,Medicare,Clinical DRG,Inscope,In Scope,Initial Selection,Manual,82,405408,0
202604,Medicaid,Clinical DRG,Audit,Automated Review,Finding,Overpayment,26,208416,35693
202601,Medicaid,Data Mining,Inscope,In Scope,Initial Selection,Query,74,573574,0
202603,Medicare,Clinical DRG,Inscope,In Scope,Initial Selection,Query,72,148248,0
202601,Medicare,Technical/Coding,Audit,Automated Review,Finding,No Finding,19,157415,0
202604,Medicare,Technical/Coding,Inflow,Data Mining,Inscope,In Scope,266,712614,0
202601,Medicare,Coordination of Benefits,Final Selection,Clinical Review,Approval,Pending,60,381780,0
202606,Medicare,Clinical DRG,Final Selection,Clinical Review,Approval,Pending,67,544643,0
202602,Medicaid,Clinical DRG,Initial Selection,Manual,Final Selection,Clinical Review,78,389064,0
202603,Commercial,Data Mining,Audit,Desk Audit,Finding,No Finding,23,157780,0
202606,Commercial,Data Mining,Initial Selection,Query,Final Selection,Clinical Review,55,442420,0
202605,Medicare,Coordination of Benefits,Inflow,Random Sample,Inscope,In Scope,160,553920,0
202605,Medicaid,Technical/Coding,Audit,Field Audit,Finding,No Finding,20,114860,0
202601,Medicare,Technical/Coding,Initial Selection,Experimental,Final Selection,Clinical Review,69,552345,0
202606,Medicaid,Data Mining,Final Selection,Coding Review,Approval,Approved,38,286368,0
202606,Medicare,Technical/Coding,Final Selection,Clinical Review,Approval,Approved,44,277068,0
202601,Medicare,Clinical DRG,Inscope,In Scope,Initial Selection,Manual,34,87584,0
202605,Medicaid,Clinical DRG,Inscope,In Scope,Initial Selection,Experimental,131,655917,0
202606,Commercial,Clinical DRG,Audit,Desk Audit,Finding,No Finding,7,60683,0
202604,Medicaid,Clinical DRG,Audit,Desk Audit,Finding,No Finding,22,53856,0
202605,Commercial,Coordination of Benefits,Audit,Field Audit,Finding,Overpayment,15,114330,29399
202601,Medicaid,Clinical DRG,Inscope,In Scope,Initial Selection,Manual,120,1121280,0
202604,Commercial,Coordination of Benefits,Inscope,In Scope,Initial Selection,Query,41,120499,0
202601,Medicaid,Coordination of Benefits,Inscope,In Scope,Initial Selection,Manual,42,196854,0
202606,Medicaid,Coordination of Benefits,Approval,Approved,Audit,Automated Review,13,117572,0
202602,Commercial,Clinical DRG,Audit,Automated Review,Finding,No Finding,14,55636,0
202603,Medicaid,Data Mining,Inflow,Hotline,Inscope,In Scope,144,819072,0
202605,Commercial,Coordination of Benefits,Inflow,Hotline,Inscope,In Scope,186,550746,0
202601,Medicaid,Data Mining,Approval,Approved,Audit,Desk Audit,44,385748,0
202603,Medicare,Data Mining,Final Selection,Coding Review,Approval,Approved,20,97080,0
202604,Commercial,Technical/Coding,Inscope,In Scope,Initial Selection,Manual,64,199360,0
202604,Medicaid,Data Mining,Initial Selection,Manual,Final Selection,Clinical Review,36,224856,0
202602,Medicare,Data Mining,Inflow,Random Sample,Inscope,In Scope,49,135289,0
202605,Medicare,Clinical DRG,Audit,Field Audit,Finding,No Finding,15,42540,0
202605,Medicaid,Clinical DRG,Inflow,Hotline,Inscope,Out of Scope,243,1205766,0
202602,Medicare,Technical/Coding,Approval,Approved,Audit,Desk Audit,50,367150,0
202605,Medicaid,Technical/Coding,Final Selection,Clinical Review,Approval,Approved,56,462224,0
202602,Commercial,Data Mining,Inscope,In Scope,Initial Selection,Query,45,87750,0
202604,Medicaid,Clinical DRG,Initial Selection,Experimental,Final Selection,Clinical Review,58,105618,0
202606,Commercial,Coordination of Benefits,Inflow,Data Mining,Inscope,In Scope,42,143934,0
202606,Commercial,Clinical DRG,Inflow,Hotline,Inscope,In Scope,86,633820,0
202602,Medicare,Clinical DRG,Inscope,In Scope,Initial Selection,Manual,219,660504,0
202601,Medicaid,Coordination of Benefits,Approval,Approved,Audit,Field Audit,30,85740,0
202604,Commercial,Data Mining,Approval,Approved,Audit,Automated Review,19,169480,0
202601,Medicare,Clinical DRG,Approval,Approved,Audit,Desk Audit,45,93555,0
202604,Medicaid,Coordination of Benefits,Inscope,In Scope,Initial Selection,Manual,75,229125,0
202605,Commercial,Data Mining,Final Selection,Coding Review,Approval,Approved,25,146650,0
202603,Commercial,Data Mining,Audit,Field Audit,Finding,No Finding,20,154700,0
202603,Commercial,Clinical DRG,Approval,Approved,Audit,Automated Review,18,72468,0
202606,Medicare,Clinical DRG,Approval,Approved,Audit,Field Audit,38,312512,0
202602,Medicare,Clinical DRG,Inscope,In Scope,Initial Selection,Manual,186,394878,0
202601,Medicaid,Technical/Coding,Approval,Approved,Audit,Field Audit,50,126150,0
202603,Commercial,Data Mining,Approval,Approved,Audit,Desk Audit,35,183995,0
202602,Medicaid,Coordination of Benefits,Approval,Approved,Audit,Field Audit,28,204960,0
202602,Medicare,Clinical DRG,Inflow,Data Mining,Inscope,Out of Scope,171,847647,0
202601,Commercial,Technical/Coding,Audit,Desk Audit,Finding,Overpayment,19,176111,21017
202602,Commercial,Coordination of Benefits,Inscope,In Scope,Initial Selection,Manual,28,45668,0
202603,Commercial,Clinical DRG,Initial Selection,Manual,Final Selection,Clinical Review,57,511005,0
202602,Commercial,Clinical DRG,Initial Selection,Experimental,Final Selection,Coding Review,47,399547,0
202605,Medicare,Clinical DRG,Inflow,Random Sample,Inscope,In Scope,261,1341540,0
202602,Medicaid,Data Mining,Inscope,In Scope,Initial Selection,Manual,110,977570,0
202602,Commercial,Data Mining,Audit,Desk Audit,Finding,Overpayment,23,113574,29532
202601,Commercial,Coordination of Benefits,Audit,Desk Audit,Finding,Documentation Error,23,208817,0
202604,Medicare,Data Mining,Final Selection,Clinical Review,Approval,Approved,48,196608,0
202601,Medicare,Clinical DRG,Inscope,In Scope,Initial Selection,Query,210,605640,0
202602,Medicare,Technical/Coding,Inflow,Data Mining,Inscope,In Scope,84,451668,0
202606,Commercial,Clinical DRG,Approval,Approved,Audit,Desk Audit,51,389181,0
202606,Medicare,Data Mining,Final Selection,Coding Review,Approval,Approved,55,107525,0
202604,Commercial,Coordination of Benefits,Approval,Approved,Audit,Desk Audit,28,164668,0
202601,Commercial,Coordination of Benefits,Inscope,In Scope,Initial Selection,Query,83,545310,0
202604,Medicaid,Clinical DRG,Final Selection,Clinical Review,Approval,Approved,52,261664,0
202605,Commercial,Technical/Coding,Approval,Approved,Audit,Desk Audit,32,97888,0
202606,Commercial,Clinical DRG,Audit,Automated Review,Finding,Overpayment,23,107801,16572
202604,Commercial,Data Mining,Inscope,In Scope,Initial Selection,Query,31,84723,0
202603,Medicaid,Technical/Coding,Initial Selection,Experimental,Final Selection,Clinical Review,57,507243,0
202602,Medicaid,Coordination of Benefits,Inscope,In Scope,Initial Selection,Query,112,763056,0
202601,Medicaid,Coordination of Benefits,Inscope,In Scope,Initial Selection,Query,112,615104,0
202602,Commercial,Data Mining,Final Selection,Coding Review,Approval,Approved,32,201664,0
202605,Medicaid,Data Mining,Inflow,Provider Referral,Inscope,In Scope,163,871398,0
202603,Commercial,Data Mining,Initial Selection,Experimental,Final Selection,Clinical Review,54,462672,0
202605,Medicaid,Data Mining,Initial Selection,Manual,Final Selection,Coding Review,23,188025,0
202605,Commercial,Coordination of Benefits,Inflow,Random Sample,Inscope,In Scope,79,669288,0
202604,Commercial,Coordination of Benefits,Inscope,In Scope,Initial Selection,Query,94,772868,0
202605,Medicare,Data Mining,Initial Selection,Experimental,Final Selection,Coding Review,33,131175,0
202603,Medicare,Technical/Coding,Audit,Automated Review,Finding,No Finding,26,228124,0
202601,Medicaid,Technical/Coding,Inflow,Provider Referral,Inscope,In Scope,60,568380,0
202604,Medicare,Data Mining,Final Selection,Coding Review,Approval,Approved,11,19228,0
202605,Medicare,Coordination of Benefits,Approval,Approved,Audit,Desk Audit,11,86999,0
202602,Medicare,Technical/Coding,Audit,Desk Audit,Finding,No Finding,21,148302,0
202605,Commercial,Technical/Coding,Approval,Approved,Audit,Desk Audit,45,111060,0
202605,Medicaid,Data Mining,Inscope,In Scope,Initial Selection,Manual,92,741244,0
202603,Medicare,Clinical DRG,Inflow,Data Mining,Inscope,In Scope,145,1087355,0
202604,Commercial,Data Mining,Inflow,Hotline,Inscope,In Scope,25,226600,0
202603,Medicaid,Coordination of Benefits,Inflow,Hotline,Inscope,In Scope,62,518444,0
202604,Commercial,Coordination of Benefits,Final Selection,Coding Review,Approval,Approved,33,258555,0
202604,Commercial,Clinical DRG,Audit,Desk Audit,Finding,No Finding,12,59940,0
202606,Medicare,Clinical DRG,Inflow,Data Mining,Inscope,In Scope,258,672348,0
202601,Medicare,Coordination of Benefits,Initial Selection,Query,Final Selection,Coding Review,29,77633,0
202605,Commercial,Clinical DRG,Final Selection,Coding Review,Approval,Approved,31,292020,0
202604,Commercial,Data Mining,Initial Selection,Manual,Final Selection,Clinical Review,10,46950,0
202602,Medicare,Clinical DRG,Initial Selection,Query,Final Selection,Coding Review,59,515955,0
202604,Medicare,Coordination of Benefits,Final Selection,Clinical Review,Approval,Approved,18,47214,0
202605,Medicare,Coordination of Benefits,Inscope,In Scope,Initial Selection,Experimental,134,938670,0
202603,Medicaid,Clinical DRG,Initial Selection,Query,Final Selection,Clinical Review,46,187956,0
202605,Medicaid,Coordination of Benefits,Initial Selection,Experimental,Final Selection,Clinical Review,39,166608,0
202602,Medicare,Technical/Coding,Approval,Approved,Audit,Desk Audit,38,319276,0
202601,Medicare,Coordination of Benefits,Initial Selection,Experimental,Final Selection,Clinical Review,17,50337,0
202606,Commercial,Clinical DRG,Inflow,Data Mining,Inscope,In Scope,204,635256,0
202601,Medicare,Data Mining,Inscope,In Scope,Initial Selection,Query,110,621720,0
202602,Medicaid,Coordination of Benefits,Approval,Approved,Audit,Field Audit,31,131099,0
202606,Commercial,Coordination of Benefits,Approval,Approved,Audit,Desk Audit,30,212310,0
202603,Medicare,Coordination of Benefits,Inscope,In Scope,Initial Selection,Manual,38,217170,0
202603,Medicaid,Coordination of Benefits,Approval,Approved,Audit,Desk Audit,7,30464,0
202601,Commercial,Clinical DRG,Initial Selection,Query,Final Selection,Coding Review,32,168672,0
202604,Medicaid,Coordination of Benefits,Final Selection,Clinical Review,Approval,Approved,42,141078,0
202603,Medicare,Coordination of Benefits,Final Selection,Coding Review,Approval,Approved,60,510840,0
202604,Medicare,Coordination of Benefits,Approval,Approved,Audit,Field Audit,37,198431,0
202602,Medicaid,Coordination of Benefits,Approval,Approved,Audit,Desk Audit,15,84000,0
202605,Commercial,Clinical DRG,Inscope,In Scope,Initial Selection,Manual,60,303060,0
202601,Medicare,Technical/Coding,Inscope,In Scope,Initial Selection,Query,28,162456,0
202604,Commercial,Technical/Coding,Approval,Approved,Audit,Desk Audit,14,77434,0
202605,Medicaid,Technical/Coding,Inflow,Hotline,Inscope,Out of Scope,137,425522,0
202603,Commercial,Clinical DRG,Initial Selection,Manual,Final Selection,Clinical Review,72,295488,0
202604,Medicaid,Technical/Coding,Initial Selection,Experimental,Final Selection,Clinical Review,79,647800,0
202605,Medicare,Clinical DRG,Approval,Approved,Audit,Desk Audit,56,309008,0
202602,Medicaid,Coordination of Benefits,Final Selection,Coding Review,Approval,Approved,33,172458,0
202606,Medicaid,Technical/Coding,Approval,Approved,Audit,Field Audit,9,37278,0
202602,Medicare,Data Mining,Inscope,In Scope,Initial Selection,Experimental,143,1158729,0
202604,Medicaid,Coordination of Benefits,Inflow,Provider Referral,Inscope,In Scope,44,87780,0
202605,Commercial,Coordination of Benefits,Final Selection,Clinical Review,Approval,Approved,35,315735,0
202602,Commercial,Coordination of Benefits,Inscope,In Scope,Initial Selection,Query,95,614555,0
202604,Commercial,Coordination of Benefits,Initial Selection,Manual,Final Selection,Coding Review,34,131512,0
202606,Commercial,Coordination of Benefits,Approval,Approved,Audit,Field Audit,24,71952,0
202605,Medicaid,Data Mining,Initial Selection,Experimental,Final Selection,Coding Review,35,272230,0
202605,Medicare,Clinical DRG,Approval,Approved,Audit,Desk Audit,12,62556,0
202606,Commercial,Data Mining,Audit,Automated Review,Finding,No Finding,30,255840,0
202606,Medicare,Technical/Coding,Initial Selection,Experimental,Final Selection,Coding Review,75,493800,0
202604,Medicare,Data Mining,Inflow,Hotline,Inscope,In Scope,172,696772,0
202603,Medicaid,Clinical DRG,Initial Selection,Manual,Final Selection,Clinical Review,82,718156,0
202602,Commercial,Data Mining,Approval,Approved,Audit,Desk Audit,40,135280,0
202606,Medicare,Technical/Coding,Approval,Approved,Audit,Automated Review,41,103894,0
202601,Commercial,Technical/Coding,Approval,Approved,Audit,Automated Review,9,34677,0
202603,Commercial,Clinical DRG,Inflow,Data Mining,Inscope,Out of Scope,146,793218,0
202605,Medicare,Coordination of Benefits,Initial Selection,Manual,Final Selection,Clinical Review,44,403656,0
202604,Commercial,Technical/Coding,Inscope,In Scope,Initial Selection,Manual,164,1145048,0
202603,Commercial,Clinical DRG,Audit,Field Audit,Finding,Documentation Error,5,39490,0
202606,Medicaid,Technical/Coding,Inscope,In Scope,Initial Selection,Manual,156,404820,0
202601,Commercial,Technical/Coding,Approval,Approved,Audit,Desk Audit,34,89386,0
202605,Medicaid,Coordination of Benefits,Inscope,In Scope,Initial Selection,Manual,52,391352,0
202604,Medicare,Clinical DRG,Audit,Automated Review,Finding,No Finding,37,300921,0
202601,Commercial,Clinical DRG,Inflow,Hotline,Inscope,In Scope,62,251224,0
202602,Commercial,Data Mining,Inscope,In Scope,Initial Selection,Manual,71,656040,0
202606,Commercial,Data Mining,Inscope,In Scope,Initial Selection,Query,38,345610,0
202604,Medicare,Technical/Coding,Audit,Field Audit,Finding,No Finding,37,180708,0
202605,Medicare,Technical/Coding,Initial Selection,Manual,Final Selection,Coding Review,15,110535,0
202601,Commercial,Coordination of Benefits,Approval,Approved,Audit,Automated Review,38,322772,0
202604,Medicare,Coordination of Benefits,Audit,Field Audit,Finding,No Finding,15,34560,0
202606,Medicaid,Data Mining,Final Selection,Clinical Review,Approval,Approved,42,131166,0
202603,Medicaid,Clinical DRG,Inflow,Random Sample,Inscope,In Scope,138,1302030,0
202606,Commercial,Clinical DRG,Audit,Desk Audit,Finding,No Finding,16,87392,0
202604,Medicare,Data Mining,Inflow,Data Mining,Inscope,In Scope,141,1109952,0
202606,Medicaid,Data Mining,Inflow,Hotline,Inscope,Out of Scope,92,280600,0
202605,Medicare,Data Mining,Initial Selection,Query,Final Selection,Clinical Review,74,532356,0
202604,Medicare,Clinical DRG,Inflow,Random Sample,Inscope,Out of Scope,137,931326,0
202602,Medicaid,Coordination of Benefits,Final Selection,Coding Review,Approval,Approved,27,256257,0
202601,Medicare,Technical/Coding,Audit,Automated Review,Finding,No Finding,12,67404,0
202602,Medicare,Coordination of Benefits,Inscope,In Scope,Initial Selection,Manual,94,253800,0
202605,Medicare,Coordination of Benefits,Audit,Field Audit,Finding,No Finding,25,63750,0
202605,Commercial,Technical/Coding,Approval,Approved,Audit,Automated Review,6,37878,0
202604,Commercial,Clinical DRG,Final Selection,Coding Review,Approval,Approved,57,444258,0
202606,Commercial,Clinical DRG,Approval,Approved,Audit,Desk Audit,37,290598,0
202603,Commercial,Data Mining,Initial Selection,Query,Final Selection,Coding Review,34,85544,0
202606,Medicare,Coordination of Benefits,Approval,Approved,Audit,Desk Audit,32,83488,0
202604,Medicaid,Technical/Coding,Inflow,Random Sample,Inscope,In Scope,169,436189,0
202601,Medicaid,Coordination of Benefits,Audit,Desk Audit,Finding,Overpayment,11,70818,12802
202605,Medicare,Data Mining,Inscope,In Scope,Initial Selection,Query,167,758514,0
202605,Medicare,Technical/Coding,Inscope,In Scope,Initial Selection,Manual,123,649686,0
202601,Medicaid,Clinical DRG,Inscope,In Scope,Initial Selection,Query,146,1325680,0
202601,Medicaid,Technical/Coding,Approval,Approved,Audit,Automated Review,15,90960,0
202602,Medicaid,Technical/Coding,Initial Selection,Query,Final Selection,Coding Review,11,100848,0
202603,Medicare,Technical/Coding,Inscope,In Scope,Initial Selection,Query,177,1229088,0
202603,Medicaid,Data Mining,Inscope,In Scope,Initial Selection,Manual,63,135009,0
202601,Medicare,Data Mining,Audit,Automated Review,Finding,No Finding,18,43488,0
202605,Medicare,Technical/Coding,Initial Selection,Query,Final Selection,Coding Review,34,288388,0
202605,Commercial,Clinical DRG,Inflow,Random Sample,Inscope,In Scope,110,264990,0
202606,Medicare,Technical/Coding,Initial Selection,Experimental,Final Selection,Coding Review,12,76932,0
202606,Commercial,Data Mining,Inscope,In Scope,Initial Selection,Experimental,109,537697,0
202602,Medicare,Technical/Coding,Initial Selection,Manual,Final Selection,Coding Review,95,384275,0
202602,Medicare,Coordination of Benefits,Inflow,Hotline,Inscope,Out of Scope,199,1370911,0
202606,Medicare,Technical/Coding,Final Selection,Clinical Review,Approval,Approved,75,502050,0
202601,Medicare,Technical/Coding,Initial Selection,Query,Final Selection,Coding Review,19,137408,0
202604,Medicare,Clinical DRG,Final Selection,Clinical Review,Approval,Approved,44,232100,0
202606,Commercial,Technical/Coding,Inflow,Data Mining,Inscope,In Scope,31,200570,0
202603,Medicare,Data Mining,Final Selection,Clinical Review,Approval,Approved,33,105930,0
202604,Commercial,Clinical DRG,Inflow,Hotline,Inscope,In Scope,189,786996,0
202601,Medicare,Clinical DRG,Final Selection,Clinical Review,Approval,Approved,79,490748,0
202601,Medicare,Data Mining,Inscope,In Scope,Initial Selection,Manual,167,1332493,0
202601,Commercial,Data Mining,Inscope,In Scope,Initial Selection,Manual,48,289344,0
202604,Commercial,Clinical DRG,Audit,Automated Review,Finding,No Finding,8,55728,0
202604,Medicaid,Technical/Coding,Inscope,In Scope,Initial Selection,Manual,170,625430,0
202603,Commercial,Coordination of Benefits,Audit,Field Audit,Finding,No Finding,22,55176,0
202605,Medicare,Clinical DRG,Final Selection,Clinical Review,Approval,Approved,35,126210,0
202604,Medicare,Technical/Coding,Inscope,In Scope,Initial Selection,Manual,191,1761784,0
202602,Medicare,Coordination of Benefits,Inscope,In Scope,Initial Selection,Query,19,52820,0
202603,Medicare,Technical/Coding,Approval,Approved,Audit,Automated Review,15,141270,0
202606,Commercial,Clinical DRG,Approval,Approved,Audit,Desk Audit,54,283716,0
202604,Medicare,Data Mining,Approval,Approved,Audit,Desk Audit,16,80736,0
202606,Commercial,Coordination of Benefits,Initial Selection,Manual,Final Selection,Clinical Review,15,81780,0
202604,Medicare,Data Mining,Approval,Approved,Audit,Automated Review,7,50029,0
202602,Medicaid,Coordination of Benefits,Audit,Field Audit,Finding,No Finding,17,42789,0
202604,Medicare,Technical/Coding,Inflow,Provider Referral,Inscope,In Scope,62,261516,0
202605,Commercial,Clinical DRG,Inscope,In Scope,Initial Selection,Query,97,757085,0
202606,Medicaid,Data Mining,Initial Selection,Query,Final Selection,Coding Review,71,624729,0
202605,Commercial,Data Mining,Inscope,In Scope,Initial Selection,Query,25,225925,0
202601,Commercial,Coordination of Benefits,Initial Selection,Query,Final Selection,Clinical Review,42,324954,0
202602,Medicaid,Clinical DRG,Approval,Approved,Audit,Field Audit,36,143568,0
202605,Commercial,Technical/Coding,Inflow,Random Sample,Inscope,In Scope,35,171710,0
202605,Commercial,Technical/Coding,Final Selection,Clinical Review,Approval,Rejected,58,247660,0
202602,Medicaid,Coordination of Benefits,Approval,Approved,Audit,Desk Audit,6,34380,0
202602,Medicare,Technical/Coding,Approval,Approved,Audit,Desk Audit,34,106590,0
202602,Commercial,Clinical DRG,Inscope,In Scope,Initial Selection,Experimental,57,438330,0
202606,Medicaid,Technical/Coding,Inflow,Hotline,Inscope,Out of Scope,25,219925,0
202602,Medicare,Clinical DRG,Inflow,Provider Referral,Inscope,In Scope,202,946774,0
202602,Medicaid,Data Mining,Final Selection,Clinical Review,Approval,Approved,45,73755,0
202601,Commercial,Clinical DRG,Inflow,Hotline,Inscope,In Scope,242,392282,0
202601,Commercial,Clinical DRG,Final Selection,Clinical Review,Approval,Rejected,17,122655,0
202604,Medicare,Data Mining,Audit,Automated Review,Finding,No Finding,42,265776,0
202606,Medicaid,Clinical DRG,Final Selection,Clinical Review,Approval,Approved,63,274617,0
202603,Commercial,Clinical DRG,Approval,Approved,Audit,Field Audit,21,100422,0
202602,Medicare,Clinical DRG,Inflow,Hotline,Inscope,In Scope,113,582967,0
202601,Medicare,Technical/Coding,Final Selection,Clinical Review,Approval,Pending,50,441400,0
202601,Medicaid,Clinical DRG,Audit,Automated Review,Finding,No Finding,23,167601,0
202603,Medicaid,Technical/Coding,Approval,Approved,Audit,Desk Audit,6,18894,0
202606,Medicaid,Clinical DRG,Inflow,Hotline,Inscope,In Scope,242,861278,0
202603,Medicaid,Data Mining,Inflow,Random Sample,Inscope,In Scope,158,1038692,0
202605,Medicaid,Coordination of Benefits,Approval,Approved,Audit,Automated Review,25,130425,0
202602,Commercial,Clinical DRG,Inflow,Provider Referral,Inscope,In Scope,98,864262,0
202606,Commercial,Clinical DRG,Inscope,In Scope,Initial Selection,Query,47,429627,0
202602,Commercial,Technical/Coding,Approval,Approved,Audit,Field Audit,46,182482,0
202601,Medicare,Data Mining,Inscope,In Scope,Initial Selection,Query,118,1046424,0
202601,Medicaid,Coordination of Benefits,Audit,Field Audit,Finding,Documentation Error,21,72702,0
202603,Commercial,Technical/Coding,Final Selection,Coding Review,Approval,Approved,21,92841,0
202604,Medicare,Clinical DRG,Initial Selection,Manual,Final Selection,Clinical Review,21,166320,0
202605,Medicare,Coordination of Benefits,Inflow,Provider Referral,Inscope,In Scope,41,276627,0
202602,Commercial,Coordination of Benefits,Initial Selection,Experimental,Final Selection,Clinical Review,53,460888,0
202604,Medicare,Clinical DRG,Inflow,Random Sample,Inscope,In Scope,104,213512,0
202603,Medicaid,Data Mining,Inflow,Provider Referral,Inscope,In Scope,154,551936,0
202605,Medicare,Data Mining,Inflow,Provider Referral,Inscope,In Scope,231,2086623,0
202602,Medicare,Technical/Coding,Approval,Approved,Audit,Desk Audit,12,31488,0
202601,Commercial,Coordination of Benefits,Approval,Approved,Audit,Desk Audit,37,189329,0
202604,Medicaid,Technical/Coding,Audit,Field Audit,Finding,No Finding,38,75088,0
202603,Commercial,Technical/Coding,Inscope,In Scope,Initial Selection,Manual,56,480480,0
202606,Medicaid,Data Mining,Inflow,Provider Referral,Inscope,In Scope,101,357338,0
202601,Medicaid,Data Mining,Audit,Automated Review,Finding,No Finding,12,113964,0
202606,Medicaid,Data Mining,Inscope,In Scope,Initial Selection,Manual,110,1042030,0
202604,Medicare,Data Mining,Final Selection,Clinical Review,Approval,Approved,30,234000,0
202601,Commercial,Technical/Coding,Final Selection,Clinical Review,Approval,Approved,6,34632,0
202604,Medicaid,Data Mining,Initial Selection,Experimental,Final Selection,Coding Review,20,172220,0
202602,Medicaid,Clinical DRG,Approval,Approved,Audit,Automated Review,31,266042,0
202605,Medicaid,Coordination of Benefits,Approval,Approved,Audit,Desk Audit,44,99396,0
202606,Medicare,Clinical DRG,Audit,Desk Audit,Finding,No Finding,7,34867,0
202601,Commercial,Coordination of Benefits,Approval,Approved,Audit,Automated Review,11,28908,0
202602,Medicaid,Coordination of Benefits,Inscope,In Scope,Initial Selection,Manual,127,639318,0
202606,Medicaid,Technical/Coding,Inflow,Data Mining,Inscope,In Scope,228,1554732,0
202604,Medicaid,Coordination of Benefits,Inscope,In Scope,Initial Selection,Manual,137,412233,0
202601,Medicaid,Coordination of Benefits,Initial Selection,Experimental,Final Selection,Coding Review,63,164619,0
202601,Commercial,Data Mining,Inscope,In Scope,Initial Selection,Query,90,327600,0
202601,Commercial,Data Mining,Inscope,In Scope,Initial Selection,Manual,125,800750,0
202603,Commercial,Technical/Coding,Audit,Desk Audit,Finding,No Finding,16,102496,0
202604,Commercial,Clinical DRG,Final Selection,Coding Review,Approval,Approved,63,110187,0
202603,Medicare,Clinical DRG,Inflow,Data Mining,Inscope,In Scope,300,2637900,0
202603,Medicaid,Technical/Coding,Audit,Automated Review,Finding,No Finding,41,309509,0
202602,Medicare,Clinical DRG,Inflow,Random Sample,Inscope,In Scope,233,1792702,0
202605,Medicaid,Clinical DRG,Inscope,In Scope,Initial Selection,Manual,164,1243120,0
202606,Commercial,Data Mining,Inflow,Provider Referral,Inscope,In Scope,35,256375,0
202602,Medicare,Data Mining,Approval,Approved,Audit,Desk Audit,54,208494,0
202601,Medicare,Technical/Coding,Initial Selection,Query,Final Selection,Coding Review,34,84184,0
202606,Medicaid,Clinical DRG,Approval,Approved,Audit,Automated Review,40,199960,0
202601,Commercial,Clinical DRG,Audit,Field Audit,Finding,Documentation Error,12,93960,0
202603,Commercial,Clinical DRG,Audit,Automated Review,Finding,No Finding,32,221056,0
202603,Commercial,Data Mining,Approval,Approved,Audit,Automated Review,5,33750,0
202601,Medicare,Technical/Coding,Final Selection,Coding Review,Approval,Approved,50,147800,0
202606,Medicare,Clinical DRG,Final Selection,Clinical Review,Approval,Approved,68,591872,0
202604,Commercial,Clinical DRG,Final Selection,Clinical Review,Approval,Approved,50,391450,0
202601,Commercial,Technical/Coding,Final Selection,Clinical Review,Approval,Pending,13,66235,0
202601,Commercial,Clinical DRG,Approval,Approved,Audit,Automated Review,14,37282,0
202602,Commercial,Data Mining,Initial Selection,Query,Final Selection,Coding Review,16,95776,0
202602,Medicaid,Coordination of Benefits,Inscope,In Scope,Initial Selection,Query,80,494720,0
202601,Medicare,Technical/Coding,Initial Selection,Experimental,Final Selection,Clinical Review,83,619844,0
202605,Medicaid,Coordination of Benefits,Final Selection,Clinical Review,Approval,Approved,43,159272,0
202606,Medicaid,Technical/Coding,Inscope,In Scope,Initial Selection,Experimental,52,152308,0
202601,Medicaid,Clinical DRG,Final Selection,Coding Review,Approval,Approved,42,156492,0
202604,Commercial,Data Mining,Inflow,Random Sample,Inscope,In Scope,175,1258600,0
202603,Medicare,Data Mining,Approval,Approved,Audit,Desk Audit,27,197343,0
202606,Medicare,Clinical DRG,Initial Selection,Manual,Final Selection,Coding Review,104,512720,0
202603,Medicare,Data Mining,Inflow,Provider Referral,Inscope,In Scope,29,98078,0
202602,Medicaid,Clinical DRG,Audit,Automated Review,Finding,No Finding,44,126808,0
202603,Medicare,Clinical DRG,Approval,Approved,Audit,Field Audit,27,163026,0
202603,Commercial,Clinical DRG,Inscope,In Scope,Initial Selection,Manual,39,298350,0
202604,Commercial,Clinical DRG,Inflow,Hotline,Inscope,Out of Scope,38,106666,0
202601,Medicaid,Clinical DRG,Final Selection,Coding Review,Approval,Approved,65,533975,0
202606,Commercial,Data Mining,Audit,Field Audit,Finding,No Finding,36,129852,0
202602,Commercial,Coordination of Benefits,Inscope,In Scope,Initial Selection,Query,27,43875,0
202603,Medicare,Clinical DRG,Initial Selection,Query,Final Selection,Clinical Review,96,275808,0
202604,Commercial,Data Mining,Inflow,Hotline,Inscope,In Scope,146,636560,0
202603,Commercial,Clinical DRG,Inscope,In Scope,Initial Selection,Experimental,115,494385,0
202601,Medicare,Technical/Coding,Approval,Approved,Audit,Automated Review,39,224250,0
202601,Medicaid,Coordination of Benefits,Initial Selection,Manual,Final Selection,Clinical Review,53,104569,0
202606,Commercial,Data Mining,Inscope,In Scope,Initial Selection,Query,18,51426,0
202603,Medicaid,Data Mining,Audit,Field Audit,Finding,No Finding,22,174526,0
202604,Medicaid,Technical/Coding,Inflow,Hotline,Inscope,In Scope,51,92973,0
202604,Medicare,Clinical DRG,Approval,Approved,Audit,Desk Audit,34,278732,0
202603,Commercial,Data Mining,Approval,Approved,Audit,Field Audit,40,84040,0
202602,Medicare,Data Mining,Initial Selection,Query,Final Selection,Coding Review,58,100340,0
202602,Medicaid,Coordination of Benefits,Inflow,Hotline,Inscope,In Scope,91,671580,0
202604,Commercial,Technical/Coding,Final Selection,Clinical Review,Approval,Approved,17,73474,0
202603,Medicaid,Data Mining,Inscope,In Scope,Initial Selection,Manual,104,876824,0
202603,Medicare,Data Mining,Final Selection,Coding Review,Approval,Approved,7,36736,0
202606,Medicaid,Technical/Coding,Inscope,In Scope,Initial Selection,Experimental,172,1270392,0
202602,Medicaid,Technical/Coding,Audit,Automated Review,Finding,Documentation Error,23,126454,0
202604,Commercial,Technical/Coding,Initial Selection,Experimental,Final Selection,Clinical Review,52,266864,0
202606,Commercial,Data Mining,Approval,Approved,Audit,Desk Audit,38,276830,0
202601,Medicaid,Data Mining,Approval,Approved,Audit,Desk Audit,40,173640,0
202603,Medicare,Coordination of Benefits,Inflow,Hotline,Inscope,In Scope,197,1162103,0
202605,Medicare,Data Mining,Inscope,In Scope,Initial Selection,Query,83,538089,0
202604,Medicaid,Coordination of Benefits,Inflow,Hotline,Inscope,In Scope,162,1238328,0
202603,Medicaid,Data Mining,Inflow,Random Sample,Inscope,In Scope,131,745914,0
202606,Medicaid,Coordination of Benefits,Initial Selection,Manual,Final Selection,Clinical Review,12,76872,0
202606,Medicare,Technical/Coding,Approval,Approved,Audit,Desk Audit,18,99108,0
202602,Medicaid,Technical/Coding,Final Selection,Clinical Review,Approval,Approved,55,167310,0
202602,Commercial,Technical/Coding,Final Selection,Clinical Review,Approval,Approved,11,92917,0
202604,Medicaid,Data Mining,Final Selection,Clinical Review,Approval,Pending,12,60768,0
202602,Medicare,Coordination of Benefits,Inscope,In Scope,Initial Selection,Manual,65,549705,0
202605,Medicaid,Technical/Coding,Inflow,Hotline,Inscope,In Scope,51,430644,0
202604,Commercial,Clinical DRG,Inscope,In Scope,Initial Selection,Manual,54,416772,0
202604,Commercial,Clinical DRG,Inflow,Hotline,Inscope,In Scope,133,505400,0
202604,Medicare,Clinical DRG,Final Selection,Clinical Review,Approval,Rejected,48,259440,0
202601,Medicare,Clinical DRG,Final Selection,Clinical Review,Approval,Approved,77,147994,0
202603,Commercial,Clinical DRG,Inflow,Hotline,Inscope,In Scope,82,255266,0
202604,Medicaid,Technical/Coding,Initial Selection,Query,Final Selection,Clinical Review,28,240408,0
202601,Medicaid,Technical/Coding,Approval,Approved,Audit,Automated Review,29,103791,0
202605,Medicare,Technical/Coding,Approval,Approved,Audit,Automated Review,56,516040,0
202603,Medicaid,Clinical DRG,Inscope,In Scope,Initial Selection,Query,143,1186471,0
202605,Medicaid,Clinical DRG,Audit,Automated Review,Finding,Overpayment,35,120470,12702
202606,Medicare,Data Mining,Inscope,In Scope,Initial Selection,Manual,132,338580,0
202604,Medicare,Coordination of Benefits,Audit,Desk Audit,Finding,No Finding,39,242307,0
202604,Medicare,Technical/Coding,Final Selection,Coding Review,Approval,Approved,60,258720,0
202602,Medicaid,Technical/Coding,Approval,Approved,Audit,Desk Audit,17,109089,0
202604,Medicaid,Coordination of Benefits,Inflow,Random Sample,Inscope,In Scope,130,1122940,0
202605,Medicaid,Coordination of Benefits,Inflow,Random Sample,Inscope,In Scope,99,769428,0
202604,Medicare,Technical/Coding,Inflow,Provider Referral,Inscope,In Scope,59,367452,0
202602,Commercial,Clinical DRG,Inscope,In Scope,Initial Selection,Query,91,724542,0
202603,Medicare,Clinical DRG,Initial Selection,Query,Final Selection,Coding Review,14,89460,0
202602,Medicare,Technical/Coding,Initial Selection,Manual,Final Selection,Clinical Review,27,44631,0
202602,Medicare,Coordination of Benefits,Inflow,Provider Referral,Inscope,In Scope,118,1064360,0
202606,Medicaid,Coordination of Benefits,Inflow,Provider Referral,Inscope,In Scope,178,614634,0
202603,Medicaid,Coordination of Benefits,Audit,Automated Review,Finding,Documentation Error,12,103272,0
202604,Commercial,Coordination of Benefits,Audit,Desk Audit,Finding,No Finding,31,246605,0
202602,Medicare,Technical/Coding,Initial Selection,Manual,Final Selection,Clinical Review,26,167700,0
202604,Medicare,Clinical DRG,Approval,Approved,Audit,Desk Audit,61,467565,0
202605,Commercial,Technical/Coding,Inflow,Data Mining,Inscope,Out of Scope,218,829926,0
202603,Medicare,Technical/Coding,Approval,Approved,Audit,Desk Audit,28,217140,0
202605,Medicaid,Coordination of Benefits,Approval,Approved,Audit,Automated Review,10,27680,0
202602,Medicaid,Data Mining,Inscope,In Scope,Initial Selection,Query,69,442704,0
202603,Medicaid,Technical/Coding,Inflow,Provider Referral,Inscope,In Scope,178,1414566,0
202603,Commercial,Clinical DRG,Approval,Approved,Audit,Automated Review,26,174096,0
202601,Commercial,Technical/Coding,Inscope,In Scope,Initial Selection,Query,141,490116,0
202601,Medicaid,Coordination of Benefits,Inscope,In Scope,Initial Selection,Manual,80,688240,0
202603,Medicaid,Coordination of Benefits,Inscope,In Scope,Initial Selection,Manual,31,277450,0
202602,Commercial,Clinical DRG,Approval,Approved,Audit,Desk Audit,54,425412,0
202602,Medicare,Clinical DRG,Approval,Approved,Audit,Field Audit,45,404640,0
202603,Medicaid,Technical/Coding,Initial Selection,Manual,Final Selection,Clinical Review,70,172690,0
202601,Medicaid,Technical/Coding,Initial Selection,Query,Final Selection,Clinical Review,16,61104,0
202602,Commercial,Technical/Coding,Inflow,Provider Referral,Inscope,In Scope,188,1596496,0
202601,Commercial,Data Mining,Final Selection,Coding Review,Approval,Approved,21,113778,0
202605,Medicare,Coordination of Benefits,Audit,Automated Review,Finding,No Finding,10,28560,0
202601,Commercial,Technical/Coding,Audit,Field Audit,Finding,No Finding,34,143888,0
202606,Commercial,Clinical DRG,Approval,Approved,Audit,Automated Review,6,24468,0
202605,Medicaid,Data Mining,Inflow,Random Sample,Inscope,In Scope,112,940240,0
202605,Medicare,Technical/Coding,Inscope,In Scope,Initial Selection,Query,141,722202,0
202603,Medicare,Coordination of Benefits,Approval,Approved,Audit,Desk Audit,31,231508,0
202605,Commercial,Coordination of Benefits,Final Selection,Coding Review,Approval,Approved,34,147288,0
202606,Commercial,Coordination of Benefits,Audit,Automated Review,Finding,No Finding,34,260168,0
202605,Medicare,Coordination of Benefits,Audit,Field Audit,Finding,No Finding,26,70330,0
202604,Medicare,Clinical DRG,Audit,Automated Review,Finding,No Finding,34,89284,0
202606,Commercial,Technical/Coding,Initial Selection,Query,Final Selection,Coding Review,73,498079,0
202603,Commercial,Coordination of Benefits,Inflow,Random Sample,Inscope,In Scope,52,156728,0
202602,Medicaid,Clinical DRG,Inflow,Data Mining,Inscope,In Scope,251,1766036,0
202606,Medicaid,Technical/Coding,Initial Selection,Query,Final Selection,Clinical Review,44,138380,0
202605,Medicaid,Technical/Coding,Audit,Desk Audit,Finding,Overpayment,12,97140,10928
202603,Medicare,Coordination of Benefits,Approval,Approved,Audit,Field Audit,49,83790,0
202605,Commercial,Data Mining,Final Selection,Clinical Review,Approval,Rejected,32,61600,0
202602,Medicaid,Data Mining,Inflow,Hotline,Inscope,Out of Scope,103,863449,0
202601,Commercial,Coordination of Benefits,Final Selection,Clinical Review,Approval,Approved,32,270336,0
202603,Commercial,Clinical DRG,Inflow,Data Mining,Inscope,In Scope,39,297960,0
202601,Commercial,Technical/Coding,Inscope,In Scope,Initial Selection,Query,112,747264,0
202602,Medicare,Technical/Coding,Initial Selection,Query,Final Selection,Clinical Review,70,239400,0
202604,Medicare,Clinical DRG,Final Selection,Clinical Review,Approval,Pending,21,112959,0
202604,Commercial,Clinical DRG,Initial Selection,Query,Final Selection,Clinical Review,19,174135,0
202606,Commercial,Data Mining,Inflow,Random Sample,Inscope,Out of Scope,51,244902,0
202603,Medicare,Coordination of Benefits,Inflow,Provider Referral,Inscope,In Scope,81,436833,0
202602,Medicare,Coordination of Benefits,Final Selection,Clinical Review,Approval,Approved,35,244930,0
202602,Medicare,Clinical DRG,Inscope,In Scope,Initial Selection,Query,50,85050,0
202606,Commercial,Coordination of Benefits,Initial Selection,Experimental,Final Selection,Clinical Review,37,149998,0
202602,Medicare,Clinical DRG,Final Selection,Coding Review,Approval,Approved,81,320436,0
202601,Commercial,Technical/Coding,Final Selection,Clinical Review,Approval,Approved,50,446450,0
202604,Commercial,Coordination of Benefits,Final Selection,Coding Review,Approval,Rejected,47,87373,0
202604,Commercial,Technical/Coding,Initial Selection,Experimental,Final Selection,Clinical Review,60,118080,0
202603,Medicaid,Clinical DRG,Final Selection,Coding Review,Approval,Rejected,14,81074,0
202605,Medicaid,Clinical DRG,Inflow,Random Sample,Inscope,In Scope,186,585156,0
202602,Medicaid,Technical/Coding,Inflow,Data Mining,Inscope,In Scope,81,425007,0
202603,Medicaid,Coordination of Benefits,Inflow,Random Sample,Inscope,In Scope,78,345462,0
202604,Medicaid,Technical/Coding,Approval,Approved,Audit,Field Audit,30,188130,0
202601,Medicare,Coordination of Benefits,Initial Selection,Experimental,Final Selection,Clinical Review,27,126900,0
202602,Medicaid,Clinical DRG,Initial Selection,Experimental,Final Selection,Clinical Review,28,163072,0
202604,Commercial,Coordination of Benefits,Inflow,Provider Referral,Inscope,Out of Scope,20,129580,0
202603,Medicare,Coordination of Benefits,Audit,Field Audit,Finding,No Finding,16,48448,0
202601,Medicaid,Coordination of Benefits,Inscope,In Scope,Initial Selection,Query,108,186948,0
202601,Commercial,Technical/Coding,Final Selection,Clinical Review,Approval,Approved,34,68272,0
202603,Medicaid,Data Mining,Audit,Desk Audit,Finding,No Finding,23,131974,0
202605,Medicaid,Coordination of Benefits,Inscope,In Scope,Initial Selection,Manual,128,598144,0
202601,Commercial,Data Mining,Audit,Field Audit,Finding,Documentation Error,14,125160,0
202604,Medicaid,Technical/Coding,Audit,Field Audit,Finding,No Finding,23,141059,0
202601,Medicaid,Coordination of Benefits,Audit,Desk Audit,Finding,No Finding,35,204365,0
202606,Commercial,Clinical DRG,Inflow,Data Mining,Inscope,In Scope,214,634938,0
202605,Medicare,Clinical DRG,Approval,Approved,Audit,Desk Audit,57,303354,0
202606,Commercial,Data Mining,Inflow,Hotline,Inscope,Out of Scope,104,517296,0
202604,Medicare,Coordination of Benefits,Inflow,Data Mining,Inscope,In Scope,136,515032,0
202604,Commercial,Technical/Coding,Inscope,In Scope,Initial Selection,Manual,132,686928,0
202606,Medicare,Clinical DRG,Final Selection,Coding Review,Approval,Approved,19,115691,0
202602,Medicare,Technical/Coding,Final Selection,Coding Review,Approval,Rejected,46,416944,0
202605,Commercial,Coordination of Benefits,Inflow,Provider Referral,Inscope,In Scope,113,651106,0
202606,Commercial,Data Mining,Initial Selection,Manual,Final Selection,Clinical Review,32,228448,0
202605,Medicare,Data Mining,Final Selection,Clinical Review,Approval,Approved,22,90090,0
202606,Medicare,Data Mining,Final Selection,Clinical Review,Approval,Approved,30,244290,0
202606,Medicaid,Clinical DRG,Audit,Automated Review,Finding,No Finding,11,30118,0
202601,Commercial,Data Mining,Inflow,Hotline,Inscope,In Scope,148,749028,0
202606,Medicare,Data Mining,Audit,Automated Review,Finding,No Finding,24,115224,0
202602,Medicare,Clinical DRG,Inflow,Random Sample,Inscope,In Scope,221,2038946,0
202606,Medicare,Data Mining,Inscope,In Scope,Initial Selection,Query,119,1008525,0
202605,Medicare,Technical/Coding,Final Selection,Clinical Review,Approval,Approved,41,301514,0
202603,Medicare,Technical/Coding,Final Selection,Clinical Review,Approval,Approved,8,47784,0
202604,Medicaid,Coordination of Benefits,Inscope,In Scope,Initial Selection,Query,39,72033,0
202602,Commercial,Technical/Coding,Inflow,Data Mining,Inscope,Out of Scope,98,708344,0
202606,Commercial,Clinical DRG,Inflow,Hotline,Inscope,In Scope,178,1174978,0
202604,Medicaid,Clinical DRG,Final Selection,Clinical Review,Approval,Approved,33,274329,0
202605,Medicaid,Technical/Coding,Inflow,Hotline,Inscope,In Scope,181,1076045,0
202602,Medicaid,Technical/Coding,Approval,Approved,Audit,Field Audit,19,156731,0
202601,Commercial,Technical/Coding,Audit,Automated Review,Finding,No Finding,7,37912,0
202606,Commercial,Clinical DRG,Final Selection,Coding Review,Approval,Approved,7,33355,0
202606,Medicaid,Coordination of Benefits,Audit,Desk Audit,Finding,No Finding,17,150161,0
202606,Commercial,Clinical DRG,Inflow,Random Sample,Inscope,In Scope,94,829926,0
202605,Commercial,Technical/Coding,Audit,Automated Review,Finding,Overpayment,4,12944,3467
202601,Medicare,Data Mining,Inflow,Data Mining,Inscope,In Scope,108,210384,0
202604,Medicare,Technical/Coding,Inflow,Provider Referral,Inscope,In Scope,48,255408,0
202602,Medicaid,Technical/Coding,Approval,Approved,Audit,Field Audit,29,177103,0
202602,Commercial,Coordination of Benefits,Initial Selection,Experimental,Final Selection,Clinical Review,8,56080,0
202601,Medicaid,Technical/Coding,Approval,Approved,Audit,Automated Review,15,102825,0
202606,Medicaid,Coordination of Benefits,Inflow,Provider Referral,Inscope,In Scope,21,106365,0
202605,Commercial,Clinical DRG,Audit,Automated Review,Finding,Documentation Error,23,198559,0
202601,Medicare,Data Mining,Final Selection,Coding Review,Approval,Approved,48,89808,0
202605,Medicare,Clinical DRG,Inscope,In Scope,Initial Selection,Query,173,1350092,0
202602,Medicaid,Technical/Coding,Audit,Field Audit,Finding,No Finding,14,59794,0
202605,Medicaid,Technical/Coding,Audit,Field Audit,Finding,No Finding,28,200872,0
202604,Medicare,Clinical DRG,Inscope,In Scope,Initial Selection,Query,92,757988,0
202606,Commercial,Technical/Coding,Initial Selection,Manual,Final Selection,Coding Review,39,131040,0
202604,Commercial,Clinical DRG,Approval,Approved,Audit,Automated Review,14,132132,0
202602,Medicaid,Coordination of Benefits,Inscope,In Scope,Initial Selection,Manual,56,351008,0
202604,Medicaid,Clinical DRG,Inscope,In Scope,Initial Selection,Query,110,176660,0
202602,Medicaid,Technical/Coding,Final Selection,Coding Review,Approval,Approved,59,525218,0
202606,Medicaid,Clinical DRG,Initial Selection,Query,Final Selection,Clinical Review,82,416560,0
202603,Commercial,Clinical DRG,Audit,Automated Review,Finding,No Finding,43,198144,0
202603,Commercial,Clinical DRG,Inscope,In Scope,Initial Selection,Experimental,71,602364,0
202605,Commercial,Technical/Coding,Inflow,Hotline,Inscope,Out of Scope,164,869200,0
202604,Medicare,Coordination of Benefits,Initial Selection,Experimental,Final Selection,Clinical Review,21,67578,0
202602,Medicare,Data Mining,Inflow,Random Sample,Inscope,In Scope,153,1002150,0
202605,Commercial,Data Mining,Initial Selection,Experimental,Final Selection,Clinical Review,36,229068,0
202603,Commercial,Data Mining,Audit,Desk Audit,Finding,Overpayment,5,46965,6167
202605,Commercial,Data Mining,Inscope,In Scope,Initial Selection,Experimental,107,714546,0
202602,Medicare,Data Mining,Final Selection,Coding Review,Approval,Approved,40,374840,0
202605,Commercial,Data Mining,Inscope,In Scope,Initial Selection,Experimental,76,501524,0
202605,Commercial,Technical/Coding,Approval,Approved,Audit,Desk Audit,46,281888,0
202606,Medicaid,Data Mining,Approval,Approved,Audit,Field Audit,28,184912,0
202602,Medicaid,Data Mining,Inflow,Hotline,Inscope,In Scope,82,483964,0
202602,Medicare,Coordination of Benefits,Approval,Approved,Audit,Desk Audit,16,104640,0
202605,Commercial,Technical/Coding,Approval,Approved,Audit,Desk Audit,12,58752,0
202601,Medicare,Clinical DRG,Inflow,Hotline,Inscope,In Scope,247,1727024,0
202606,Medicaid,Data Mining,Inscope,In Scope,Initial Selection,Experimental,68,521628,0
202606,Commercial,Technical/Coding,Inflow,Hotline,Inscope,In Scope,163,355177,0
202602,Medicaid,Clinical DRG,Inflow,Data Mining,Inscope,In Scope,189,1069740,0
202603,Medicare,Data Mining,Inscope,In Scope,Initial Selection,Query,126,650286,0
202606,Medicaid,Data Mining,Initial Selection,Manual,Final Selection,Coding Review,61,567239,0
202606,Medicare,Coordination of Benefits,Inflow,Hotline,Inscope,In Scope,203,1403948,0
202602,Medicare,Technical/Coding,Inscope,In Scope,Initial Selection,Experimental,27,169317,0
202604,Medicaid,Data Mining,Approval,Approved,Audit,Field Audit,18,111168,0
202605,Medicaid,Technical/Coding,Approval,Approved,Audit,Field Audit,26,127270,0
202605,Medicare,Clinical DRG,Inflow,Random Sample,Inscope,In Scope,112,755328,0
202601,Medicaid,Data Mining,Final Selection,Clinical Review,Approval,Pending,33,207372,0
202603,Medicaid,Technical/Coding,Audit,Automated Review,Finding,No Finding,40,159120,0
202601,Medicaid,Technical/Coding,Initial Selection,Query,Final Selection,Clinical Review,70,205660,0
202603,Medicare,Clinical DRG,Audit,Desk Audit,Finding,No Finding,42,175812,0
202604,Medicare,Clinical DRG,Inflow,Random Sample,Inscope,In Scope,96,658752,0
202602,Medicare,Data Mining,Initial Selection,Manual,Final Selection,Clinical Review,17,132702,0
202605,Commercial,Technical/Coding,Inflow,Data Mining,Inscope,In Scope,229,1533155,0
202606,Commercial,Clinical DRG,Approval,Approved,Audit,Field Audit,17,56440,0
202604,Medicare,Technical/Coding,Initial Selection,Experimental,Final Selection,Clinical Review,39,334503,0
202603,Medicaid,Data Mining,Initial Selection,Experimental,Final Selection,Coding Review,70,267330,0
202604,Medicaid,Clinical DRG,Final Selection,Coding Review,Approval,Rejected,66,227502,0
202603,Medicare,Clinical DRG,Audit,Field Audit,Finding,No Finding,10,79680,0
202605,Medicare,Data Mining,Audit,Desk Audit,Finding,Documentation Error,38,234270,0
202603,Medicare,Data Mining,Audit,Desk Audit,Finding,Documentation Error,12,104112,0
202605,Commercial,Coordination of Benefits,Inflow,Hotline,Inscope,In Scope,59,218005,0
202601,Commercial,Clinical DRG,Approval,Approved,Audit,Field Audit,26,115362,0
202605,Commercial,Clinical DRG,Audit,Automated Review,Finding,No Finding,20,178660,0
202604,Medicaid,Coordination of Benefits,Audit,Automated Review,Finding,No Finding,17,61846,0
202605,Commercial,Clinical DRG,Final Selection,Clinical Review,Approval,Approved,67,366691,0
202601,Medicare,Coordination of Benefits,Inflow,Data Mining,Inscope,Out of Scope,226,384878,0
202606,Medicaid,Coordination of Benefits,Initial Selection,Manual,Final Selection,Clinical Review,8,62680,0
202602,Commercial,Technical/Coding,Inscope,In Scope,Initial Selection,Experimental,21,150738,0
202602,Commercial,Data Mining,Final Selection,Clinical Review,Approval,Approved,51,387141,0
202601,Medicare,Coordination of Benefits,Approval,Approved,Audit,Field Audit,20,134940,0
202606,Commercial,Clinical DRG,Audit,Field Audit,Finding,No Finding,5,14205,0
202604,Medicaid,Technical/Coding,Approval,Approved,Audit,Desk Audit,27,105678,0
202606,Medicaid,Technical/Coding,Inscope,In Scope,Initial Selection,Manual,95,254790,0
202602,Medicare,Technical/Coding,Approval,Approved,Audit,Desk Audit,7,40047,0
202605,Medicare,Data Mining,Final Selection,Clinical Review,Approval,Approved,51,314874,0
202604,Medicare,Technical/Coding,Inflow,Provider Referral,Inscope,In Scope,214,504826,0
202605,Commercial,Coordination of Benefits,Inscope,In Scope,Initial Selection,Manual,115,990495,0
202602,Medicaid,Data Mining,Inflow,Provider Referral,Inscope,In Scope,87,533658,0
202603,Commercial,Clinical DRG,Initial Selection,Manual,Final Selection,Coding Review,30,93810,0
202606,Medicare,Clinical DRG,Approval,Approved,Audit,Desk Audit,39,317577,0
202606,Commercial,Technical/Coding,Inscope,In Scope,Initial Selection,Manual,123,1108599,0
202604,Commercial,Clinical DRG,Final Selection,Coding Review,Approval,Pending,33,245025,0
202603,Medicaid,Data Mining,Audit,Automated Review,Finding,Documentation Error,6,52044,0
202605,Commercial,Technical/Coding,Audit,Desk Audit,Finding,Overpayment,37,78440,10813
202606,Medicare,Coordination of Benefits,Audit,Desk Audit,Finding,No Finding,23,201917,0
202604,Medicaid,Data Mining,Inscope,In Scope,Initial Selection,Manual,71,522489,0
202605,Medicaid,Clinical DRG,Initial Selection,Manual,Final Selection,Coding Review,22,170192,0
202604,Medicare,Coordination of Benefits,Inflow,Data Mining,Inscope,In Scope,229,1408350,0
202604,Medicare,Technical/Coding,Final Selection,Coding Review,Approval,Approved,73,147752,0
202604,Medicare,Clinical DRG,Final Selection,Coding Review,Approval,Approved,82,136776,0
202603,Medicare,Technical/Coding,Audit,Automated Review,Finding,Documentation Error,9,62100,0
202606,Medicaid,Coordination of Benefits,Inflow,Provider Referral,Inscope,In Scope,67,429135,0
202601,Commercial,Clinical DRG,Inscope,In Scope,Initial Selection,Experimental,64,437440,0
202601,Medicare,Coordination of Benefits,Inscope,In Scope,Initial Selection,Query,78,225732,0
202606,Medicare,Data Mining,Initial Selection,Experimental,Final Selection,Clinical Review,64,294592,0
202602,Medicare,Technical/Coding,Final Selection,Clinical Review,Approval,Approved,66,393954,0
202604,Medicare,Technical/Coding,Final Selection,Coding Review,Approval,Rejected,47,434938,0
202603,Commercial,Coordination of Benefits,Initial Selection,Query,Final Selection,Coding Review,48,451056,0
202602,Medicare,Coordination of Benefits,Initial Selection,Experimental,Final Selection,Coding Review,59,230454,0
202606,Medicaid,Coordination of Benefits,Inscope,In Scope,Initial Selection,Manual,17,115022,0
202605,Medicare,Data Mining,Initial Selection,Experimental,Final Selection,Clinical Review,28,109788,0
202603,Medicaid,Data Mining,Final Selection,Clinical Review,Approval,Rejected,44,356664,0
202606,Medicaid,Technical/Coding,Inflow,Random Sample,Inscope,In Scope,38,158802,0
202606,Medicaid,Data Mining,Inflow,Data Mining,Inscope,Out of Scope,118,287920,0
202604,Medicare,Coordination of Benefits,Approval,Approved,Audit,Desk Audit,5,20135,0
202604,Commercial,Technical/Coding,Final Selection,Coding Review,Approval,Approved,19,85386,0
202601,Medicaid,Coordination of Benefits,Inflow,Provider Referral,Inscope,In Scope,63,452151,0
202601,Medicare,Data Mining,Inscope,In Scope,Initial Selection,Query,179,424051,0
202603,Medicaid,Clinical DRG,Initial Selection,Experimental,Final Selection,Clinical Review,15,69885,0
202602,Medicare,Coordination of Benefits,Initial Selection,Manual,Final Selection,Clinical Review,58,247834,0
202603,Medicaid,Coordination of Benefits,Inflow,Random Sample,Inscope,Out of Scope,179,1379195,0
202603,Medicare,Clinical DRG,Audit,Field Audit,Finding,No Finding,33,210540,0
202601,Medicaid,Data Mining,Inflow,Provider Referral,Inscope,In Scope,146,995720,0
202605,Commercial,Data Mining,Final Selection,Coding Review,Approval,Rejected,30,190710,0
202602,Medicaid,Coordination of Benefits,Final Selection,Clinical Review,Approval,Approved,16,141088,0
202603,Commercial,Data Mining,Initial Selection,Experimental,Final Selection,Coding Review,42,203406,0
202605,Medicare,Coordination of Benefits,Audit,Field Audit,Finding,Overpayment,12,43068,12005
202606,Medicaid,Data Mining,Audit,Desk Audit,Finding,No Finding,14,120512,0
202601,Commercial,Clinical DRG,Approval,Approved,Audit,Desk Audit,41,186468,0
202604,Medicaid,Technical/Coding,Inscope,In Scope,Initial Selection,Experimental,44,319176,0
202606,Commercial,Data Mining,Inscope,In Scope,Initial Selection,Manual,81,321408,0
202603,Medicare,Technical/Coding,Approval,Approved,Audit,Desk Audit,56,164752,0
202604,Medicaid,Data Mining,Approval,Approved,Audit,Desk Audit,27,147906,0
202602,Commercial,Technical/Coding,Inscope,In Scope,Initial Selection,Query,25,67975,0
202602,Commercial,Technical/Coding,Inflow,Provider Referral,Inscope,In Scope,24,51216,0
202604,Commercial,Technical/Coding,Inscope,In Scope,Initial Selection,Query,69,188508,0
202602,Medicaid,Data Mining,Audit,Desk Audit,Finding,No Finding,26,73398,0
202605,Medicare,Data Mining,Initial Selection,Query,Final Selection,Coding Review,39,331617,0
202603,Commercial,Coordination of Benefits,Inscope,In Scope,Initial Selection,Manual,80,340000,0
202604,Commercial,Clinical DRG,Inscope,In Scope,Initial Selection,Manual,19,141930,0
202604,Medicaid,Technical/Coding,Inscope,In Scope,Initial Selection,Manual,158,812594,0
202606,Commercial,Technical/Coding,Inscope,In Scope,Initial Selection,Query,100,338800,0
202602,Medicare,Data Mining,Audit,Automated Review,Finding,No Finding,6,56532,0
202604,Medicaid,Coordination of Benefits,Audit,Field Audit,Finding,Overpayment,34,177752,14342
202605,Medicaid,Clinical DRG,Inscope,In Scope,Initial Selection,Query,87,576984,0
202603,Medicare,Coordination of Benefits,Inscope,In Scope,Initial Selection,Manual,166,316562,0
202606,Medicaid,Coordination of Benefits,Audit,Desk Audit,Finding,Overpayment,22,83886,7021
202606,Medicaid,Data Mining,Initial Selection,Experimental,Final Selection,Clinical Review,44,221848,0
202602,Medicaid,Clinical DRG,Final Selection,Clinical Review,Approval,Approved,10,36070,0
202606,Medicaid,Technical/Coding,Approval,Approved,Audit,Field Audit,50,411600,0
202604,Medicaid,Data Mining,Audit,Desk Audit,Finding,No Finding,23,87147,0
202603,Commercial,Data Mining,Audit,Automated Review,Finding,Overpayment,25,229500,28347
202605,Commercial,Data Mining,Audit,Automated Review,Finding,No Finding,32,124000,0
202605,Medicare,Coordination of Benefits,Approval,Approved,Audit,Desk Audit,46,307280,0
202603,Medicaid,Clinical DRG,Initial Selection,Experimental,Final Selection,Coding Review,72,237600,0
202602,Medicaid,Data Mining,Initial Selection,Manual,Final Selection,Clinical Review,67,229274,0
202605,Medicaid,Data Mining,Inflow,Data Mining,Inscope,In Scope,191,1162999,0
202605,Commercial,Clinical DRG,Audit,Desk Audit,Finding,No Finding,18,111726,0
202603,Medicare,Coordination of Benefits,Inflow,Provider Referral,Inscope,In Scope,69,497559,0
202604,Medicaid,Technical/Coding,Inscope,In Scope,Initial Selection,Experimental,116,853760,0
202603,Medicaid,Coordination of Benefits,Inscope,In Scope,Initial Selection,Manual,126,677502,0
202606,Commercial,Data Mining,Inflow,Data Mining,Inscope,Out of Scope,50,163950,0
202604,Commercial,Data Mining,Inflow,Hotline,Inscope,In Scope,87,187224,0
202604,Commercial,Clinical DRG,Final Selection,Clinical Review,Approval,Pending,21,153657,0
202606,Medicaid,Coordination of Benefits,Final Selection,Coding Review,Approval,Approved,39,253890,0
202605,Medicaid,Data Mining,Inflow,Hotline,Inscope,In Scope,184,963240,0
202605,Medicaid,Data Mining,Inscope,In Scope,Initial Selection,Experimental,121,1044109,0
202604,Medicare,Technical/Coding,Final Selection,Clinical Review,Approval,Approved,52,108472,0
202605,Medicare,Data Mining,Inflow,Random Sample,Inscope,In Scope,27,65070,0
202604,Medicaid,Coordination of Benefits,Initial Selection,Experimental,Final Selection,Clinical Review,44,216832,0
202603,Medicaid,Data Mining,Audit,Automated Review,Finding,Documentation Error,17,72845,0
202603,Medicaid,Coordination of Benefits,Inflow,Data Mining,Inscope,In Scope,114,438786,0
202601,Medicare,Clinical DRG,Final Selection,Coding Review,Approval,Approved,78,641862,0
202604,Commercial,Technical/Coding,Initial Selection,Experimental,Final Selection,Clinical Review,14,69958,0
202604,Medicaid,Coordination of Benefits,Initial Selection,Manual,Final Selection,Clinical Review,25,216450,0
202603,Medicaid,Clinical DRG,Approval,Approved,Audit,Automated Review,6,16662,0
202602,Medicare,Data Mining,Approval,Approved,Audit,Desk Audit,52,182572,0
202603,Medicaid,Clinical DRG,Audit,Desk Audit,Finding,No Finding,17,84048,0
202602,Medicare,Coordination of Benefits,Initial Selection,Manual,Final Selection,Coding Review,52,357084,0
202604,Medicare,Technical/Coding,Inflow,Hotline,Inscope,In Scope,191,1262319,0
202606,Commercial,Technical/Coding,Inflow,Hotline,Inscope,In Scope,76,289104,0
202606,Commercial,Clinical DRG,Approval,Approved,Audit,Field Audit,54,355050,0
202604,Commercial,Data Mining,Approval,Approved,Audit,Desk Audit,18,78426,0
202602,Commercial,Coordination of Benefits,Inflow,Data Mining,Inscope,In Scope,146,556844,0
202605,Medicare,Coordination of Benefits,Initial Selection,Manual,Final Selection,Clinical Review,38,295336,0
202604,Commercial,Data Mining,Initial Selection,Experimental,Final Selection,Coding Review,8,50352,0
202603,Medicaid,Technical/Coding,Approval,Approved,Audit,Field Audit,24,153312,0
202606,Commercial,Clinical DRG,Inscope,In Scope,Initial Selection,Manual,158,1051332,0
202603,Medicaid,Technical/Coding,Audit,Desk Audit,Finding,No Finding,8,35984,0
202605,Commercial,Technical/Coding,Initial Selection,Experimental,Final Selection,Clinical Review,78,681330,0
202601,Medicaid,Technical/Coding,Initial Selection,Manual,Final Selection,Clinical Review,16,99456,0
202606,Medicaid,Data Mining,Final Selection,Coding Review,Approval,Approved,35,159950,0
202605,Medicaid,Clinical DRG,Audit,Field Audit,Finding,Overpayment,26,198744,26524
202606,Commercial,Technical/Coding,Inscope,In Scope,Initial Selection,Query,151,1137030,0
202602,Commercial,Coordination of Benefits,Audit,Automated Review,Finding,Documentation Error,29,168577,0
202603,Medicare,Data Mining,Inscope,In Scope,Initial Selection,Query,62,184636,0
202604,Medicare,Coordination of Benefits,Audit,Automated Review,Finding,No Finding,32,249568,0
202603,Medicare,Data Mining,Final Selection,Coding Review,Approval,Approved,45,149310,0
202601,Medicaid,Technical/Coding,Audit,Desk Audit,Finding,No Finding,12,102108,0
202605,Medicare,Clinical DRG,Initial Selection,Manual,Final Selection,Coding Review,70,641410,0
202601,Medicaid,Technical/Coding,Initial Selection,Manual,Final Selection,Coding Review,80,365040,0
202603,Commercial,Coordination of Benefits,Final Selection,Clinical Review,Approval,Pending,13,45877,0
202602,Medicaid,Technical/Coding,Inscope,In Scope,Initial Selection,Manual,133,760361,0
202605,Medicare,Technical/Coding,Inscope,In Scope,Initial Selection,Query,199,1252705,0
202601,Medicare,Data Mining,Initial Selection,Query,Final Selection,Coding Review,75,453075,0
202606,Commercial,Data Mining,Inflow,Hotline,Inscope,In Scope,122,775676,0
202603,Commercial,Coordination of Benefits,Inflow,Random Sample,Inscope,In Scope,85,354535,0
202602,Commercial,Clinical DRG,Approval,Approved,Audit,Automated Review,50,166050,0
202604,Commercial,Clinical DRG,Initial Selection,Experimental,Final Selection,Clinical Review,54,352890,0
202601,Commercial,Coordination of Benefits,Initial Selection,Experimental,Final Selection,Coding Review,60,446040,0
202606,Medicaid,Technical/Coding,Final Selection,Clinical Review,Approval,Approved,44,254848,0
202604,Medicaid,Technical/Coding,Approval,Approved,Audit,Automated Review,6,43278,0
202604,Medicaid,Clinical DRG,Inscope,In Scope,Initial Selection,Query,158,393578,0
202602,Medicare,Clinical DRG,Audit,Field Audit,Finding,No Finding,38,334248,0
202605,Medicare,Technical/Coding,Approval,Approved,Audit,Automated Review,58,455010,0
202601,Commercial,Technical/Coding,Inflow,Random Sample,Inscope,In Scope,122,582916,0
202606,Commercial,Clinical DRG,Inflow,Provider Referral,Inscope,In Scope,61,207217,0
202604,Medicare,Technical/Coding,Final Selection,Clinical Review,Approval,Approved,65,376285,0
202606,Medicaid,Coordination of Benefits,Approval,Approved,Audit,Automated Review,16,119152,0
202603,Medicare,Data Mining,Final Selection,Coding Review,Approval,Approved,52,259428,0
202605,Commercial,Technical/Coding,Inscope,In Scope,Initial Selection,Manual,96,163968,0
202604,Medicaid,Technical/Coding,Audit,Desk Audit,Finding,No Finding,43,352471,0
202606,Medicare,Clinical DRG,Initial Selection,Query,Final Selection,Clinical Review,15,107715,0
202603,Medicaid,Clinical DRG,Initial Selection,Manual,Final Selection,Coding Review,59,325621,0
202605,Commercial,Technical/Coding,Approval,Approved,Audit,Field Audit,20,75140,0
202601,Medicaid,Coordination of Benefits,Approval,Approved,Audit,Desk Audit,8,33200,0
202601,Medicaid,Data Mining,Inflow,Provider Referral,Inscope,In Scope,76,525084,0
202603,Medicare,Technical/Coding,Final Selection,Coding Review,Approval,Approved,58,449152,0
202604,Commercial,Clinical DRG,Audit,Desk Audit,Finding,No Finding,26,228670,0
202604,Commercial,Data Mining,Approval,Approved,Audit,Automated Review,11,38511,0
202606,Medicaid,Coordination of Benefits,Initial Selection,Query,Final Selection,Coding Review,26,129350,0
202604,Commercial,Coordination of Benefits,Inflow,Data Mining,Inscope,In Scope,107,807208,0
202604,Medicaid,Clinical DRG,Inflow,Random Sample,Inscope,In Scope,65,430430,0
202603,Medicaid,Technical/Coding,Final Selection,Clinical Review,Approval,Rejected,31,197470,0
202604,Medicaid,Data Mining,Audit,Desk Audit,Finding,No Finding,34,240822,0
202602,Commercial,Data Mining,Inscope,In Scope,Initial Selection,Query,106,841640,0
202606,Medicare,Clinical DRG,Inscope,In Scope,Initial Selection,Manual,110,1006610,0
202606,Commercial,Coordination of Benefits,Audit,Desk Audit,Finding,Documentation Error,12,41472,0
202602,Medicaid,Clinical DRG,Final Selection,Coding Review,Approval,Approved,33,222222,0
202606,Medicaid,Technical/Coding,Approval,Approved,Audit,Automated Review,6,56130,0
202604,Medicare,Coordination of Benefits,Initial Selection,Query,Final Selection,Coding Review,69,254265,0
202604,Medicare,Clinical DRG,Initial Selection,Experimental,Final Selection,Coding Review,50,303100,0
202603,Commercial,Clinical DRG,Audit,Field Audit,Finding,No Finding,34,86394,0
202604,Medicare,Data Mining,Inflow,Hotline,Inscope,In Scope,70,626640,0
202602,Medicare,Clinical DRG,Final Selection,Clinical Review,Approval,Approved,34,302634,0
202601,Medicare,Coordination of Benefits,Initial Selection,Experimental,Final Selection,Clinical Review,68,604180,0
202601,Commercial,Coordination of Benefits,Approval,Approved,Audit,Field Audit,41,216644,0
202603,Medicare,Technical/Coding,Approval,Approved,Audit,Field Audit,25,176075,0
202606,Medicare,Technical/Coding,Inflow,Data Mining,Inscope,In Scope,219,974331,0
202606,Medicare,Data Mining,Audit,Desk Audit,Finding,Overpayment,14,70056,10888
202604,Medicare,Data Mining,Final Selection,Coding Review,Approval,Approved,12,19344,0
202602,Medicaid,Data Mining,Inscope,In Scope,Initial Selection,Manual,21,56721,0
202602,Medicare,Technical/Coding,Initial Selection,Experimental,Final Selection,Coding Review,13,28496,0
202602,Commercial,Data Mining,Final Selection,Clinical Review,Approval,Rejected,35,158655,0
202605,Commercial,Clinical DRG,Inflow,Random Sample,Inscope,Out of Scope,192,420672,0
202603,Medicare,Coordination of Benefits,Initial Selection,Query,Final Selection,Clinical Review,33,60060,0
202605,Medicare,Technical/Coding,Inscope,In Scope,Initial Selection,Manual,86,737450,0
202604,Medicaid,Data Mining,Initial Selection,Manual,Final Selection,Coding Review,37,305768,0
202601,Medicare,Data Mining,Inscope,In Scope,Initial Selection,Query,94,318378,0
202601,Commercial,Coordination of Benefits,Audit,Automated Review,Finding,No Finding,26,176566,0
202603,Medicaid,Technical/Coding,Audit,Desk Audit,Finding,No Finding,24,112248,0
202603,Medicare,Coordination of Benefits,Approval,Approved,Audit,Desk Audit,49,447370,0
202605,Medicaid,Clinical DRG,Inscope,In Scope,Initial Selection,Manual,167,1254838,0
202602,Medicaid,Coordination of Benefits,Audit,Field Audit,Finding,Documentation Error,19,105279,0
202602,Medicare,Technical/Coding,Approval,Approved,Audit,Desk Audit,56,200200,0
202602,Medicare,Coordination of Benefits,Initial Selection,Query,Final Selection,Clinical Review,71,518229,0
202601,Medicaid,Data Mining,Initial Selection,Experimental,Final Selection,Coding Review,19,86051,0
202601,Medicare,Coordination of Benefits,Audit,Automated Review,Finding,No Finding,27,146394,0
202605,Medicaid,Technical/Coding,Inflow,Data Mining,Inscope,Out of Scope,27,107217,0
202601,Commercial,Coordination of Benefits,Initial Selection,Manual,Final Selection,Clinical Review,52,268684,0
202604,Medicare,Technical/Coding,Inflow,Hotline,Inscope,In Scope,47,113646,0
202606,Commercial,Data Mining,Inscope,In Scope,Initial Selection,Manual,110,251900,0
202603,Medicare,Clinical DRG,Initial Selection,Manual,Final Selection,Clinical Review,70,348530,0
202602,Commercial,Clinical DRG,Inflow,Random Sample,Inscope,In Scope,46,280370,0
202604,Medicare,Clinical DRG,Approval,Approved,Audit,Field Audit,30,152010,0
202603,Medicare,Coordination of Benefits,Final Selection,Clinical Review,Approval,Approved,43,298334,0
202601,Medicare,Data Mining,Approval,Approved,Audit,Desk Audit,54,405540,0
202601,Medicaid,Coordination of Benefits,Inscope,In Scope,Initial Selection,Manual,20,40640,0
202602,Medicare,Clinical DRG,Inscope,In Scope,Initial Selection,Experimental,176,1278288,0
202603,Commercial,Clinical DRG,Audit,Field Audit,Finding,Documentation Error,11,32747,0
202603,Commercial,Clinical DRG,Inflow,Hotline,Inscope,In Scope,32,157024,0
202604,Medicaid,Clinical DRG,Inflow,Hotline,Inscope,In Scope,117,895050,0
202605,Commercial,Technical/Coding,Inflow,Provider Referral,Inscope,Out of Scope,122,619272,0
202602,Medicare,Technical/Coding,Inscope,In Scope,Initial Selection,Experimental,81,154386,0
202601,Medicaid,Technical/Coding,Approval,Approved,Audit,Desk Audit,15,29790,0
202603,Medicaid,Technical/Coding,Audit,Desk Audit,Finding,Overpayment,35,267925,54332
202601,Medicare,Clinical DRG,Inscope,In Scope,Initial Selection,Query,72,247032,0
202605,Medicare,Technical/Coding,Inscope,In Scope,Initial Selection,Manual,132,620796,0
202601,Medicare,Technical/Coding,Inscope,In Scope,Initial Selection,Manual,110,788040,0
202603,Medicaid,Technical/Coding,Inscope,In Scope,Initial Selection,Manual,92,372048,0
202603,Commercial,Data Mining,Final Selection,Clinical Review,Approval,Approved,41,237554,0
202604,Medicaid,Technical/Coding,Initial Selection,Manual,Final Selection,Coding Review,72,593064,0
202605,Medicaid,Technical/Coding,Final Selection,Coding Review,Approval,Approved,39,262080,0
202602,Medicaid,Coordination of Benefits,Inscope,In Scope,Initial Selection,Experimental,70,344050,0
202601,Medicaid,Technical/Coding,Final Selection,Coding Review,Approval,Approved,29,180061,0
202601,Medicaid,Data Mining,Final Selection,Clinical Review,Approval,Approved,21,183666,0
202606,Commercial,Clinical DRG,Approval,Approved,Audit,Desk Audit,11,41613,0
202604,Medicaid,Technical/Coding,Inscope,In Scope,Initial Selection,Experimental,147,681786,0
202602,Medicaid,Data Mining,Initial Selection,Query,Final Selection,Clinical Review,33,233079,0
202602,Medicaid,Technical/Coding,Approval,Approved,Audit,Desk Audit,41,361374,0
202605,Commercial,Coordination of Benefits,Audit,Desk Audit,Finding,Overpayment,11,96657,25339
202604,Medicaid,Technical/Coding,Initial Selection,Manual,Final Selection,Clinical Review,15,43245,0
202606,Medicaid,Data Mining,Inscope,In Scope,Initial Selection,Manual,52,483704,0
202606,Medicaid,Data Mining,Approval,Approved,Audit,Field Audit,27,97686,0
202606,Commercial,Clinical DRG,Final Selection,Clinical Review,Approval,Approved,46,129030,0
202603,Commercial,Data Mining,Approval,Approved,Audit,Field Audit,42,373212,0
202605,Commercial,Clinical DRG,Final Selection,Clinical Review,Approval,Approved,23,163737,0
202605,Medicare,Clinical DRG,Final Selection,Clinical Review,Approval,Approved,16,29424,0
202602,Medicare,Data Mining,Inscope,In Scope,Initial Selection,Manual,30,163860,0
202606,Medicare,Clinical DRG,Inflow,Hotline,Inscope,In Scope,171,1414512,0
202604,Commercial,Clinical DRG,Approval,Approved,Audit,Desk Audit,22,138600,0
202602,Medicare,Technical/Coding,Inflow,Hotline,Inscope,In Scope,88,567600,0
202603,Medicaid,Data Mining,Inscope,In Scope,Initial Selection,Query,158,439240,0
202606,Commercial,Technical/Coding,Final Selection,Coding Review,Approval,Approved,33,108240,0
202602,Commercial,Clinical DRG,Final Selection,Clinical Review,Approval,Approved,49,423801,0
202605,Commercial,Coordination of Benefits,Inflow,Data Mining,Inscope,In Scope,138,517224,0
202605,Commercial,Clinical DRG,Audit,Desk Audit,Finding,Overpayment,24,176520,46285
202606,Medicaid,Data Mining,Inflow,Random Sample,Inscope,In Scope,181,327429,0
202604,Commercial,Technical/Coding,Inscope,In Scope,Initial Selection,Manual,36,67284,0
202601,Medicaid,Clinical DRG,Inscope,In Scope,Initial Selection,Query,135,246375,0
202601,Medicaid,Technical/Coding,Approval,Approved,Audit,Automated Review,7,54859,0
202601,Medicare,Technical/Coding,Inscope,In Scope,Initial Selection,Experimental,67,368567,0
202606,Medicaid,Data Mining,Audit,Desk Audit,Finding,Documentation Error,15,89550,0
202601,Medicaid,Clinical DRG,Approval,Approved,Audit,Desk Audit,9,84807,0
202601,Medicaid,Data Mining,Approval,Approved,Audit,Desk Audit,18,162792,0
202605,Medicare,Clinical DRG,Final Selection,Clinical Review,Approval,Pending,60,417660,0
202606,Commercial,Clinical DRG,Inflow,Provider Referral,Inscope,Out of Scope,203,1819692,0
202602,Medicare,Technical/Coding,Approval,Approved,Audit,Automated Review,14,68754,0
202605,Medicare,Clinical DRG,Approval,Approved,Audit,Desk Audit,17,44183,0
202602,Medicaid,Coordination of Benefits,Initial Selection,Experimental,Final Selection,Clinical Review,18,37620,0
202602,Medicaid,Technical/Coding,Inflow,Random Sample,Inscope,In Scope,148,922336,0
202606,Medicare,Data Mining,Approval,Approved,Audit,Desk Audit,38,179740,0
202601,Medicare,Coordination of Benefits,Final Selection,Clinical Review,Approval,Rejected,12,96924,0
202604,Medicare,Technical/Coding,Inscope,In Scope,Initial Selection,Query,88,808456,0
202601,Medicare,Coordination of Benefits,Final Selection,Clinical Review,Approval,Approved,42,258342,0
202606,Medicare,Coordination of Benefits,Inflow,Provider Referral,Inscope,In Scope,158,847354,0
202606,Medicaid,Coordination of Benefits,Inscope,In Scope,Initial Selection,Experimental,26,206154,0
202605,Medicare,Data Mining,Final Selection,Coding Review,Approval,Approved,29,250734,0
202604,Medicare,Clinical DRG,Inscope,In Scope,Initial Selection,Manual,174,990060,0
202603,Commercial,Clinical DRG,Audit,Field Audit,Finding,Overpayment,32,126240,14374
202606,Medicare,Clinical DRG,Initial Selection,Query,Final Selection,Coding Review,19,140904,0
202602,Medicare,Coordination of Benefits,Inscope,In Scope,Initial Selection,Manual,125,879375,0
202604,Commercial,Technical/Coding,Final Selection,Clinical Review,Approval,Approved,23,190187,0
202603,Medicaid,Technical/Coding,Initial Selection,Manual,Final Selection,Coding Review,52,398216,0
202603,Medicare,Clinical DRG,Inscope,In Scope,Initial Selection,Manual,193,1587425,0
202601,Commercial,Data Mining,Approval,Approved,Audit,Field Audit,22,111958,0
202604,Commercial,Coordination of Benefits,Approval,Approved,Audit,Automated Review,5,23120,0
202601,Commercial,Coordination of Benefits,Final Selection,Coding Review,Approval,Approved,42,382704,0
202604,Medicare,Coordination of Benefits,Initial Selection,Experimental,Final Selection,Clinical Review,20,171540,0
202602,Medicaid,Clinical DRG,Final Selection,Clinical Review,Approval,Approved,17,133093,0
202606,Medicaid,Data Mining,Initial Selection,Manual,Final Selection,Clinical Review,8,44016,0
202601,Commercial,Clinical DRG,Inflow,Hotline,Inscope,Out of Scope,203,1856232,0
202603,Medicare,Technical/Coding,Inflow,Random Sample,Inscope,In Scope,155,1341370,0
202602,Medicaid,Clinical DRG,Audit,Automated Review,Finding,No Finding,45,109800,0
202601,Medicare,Data Mining,Final Selection,Clinical Review,Approval,Approved,66,516318,0
202601,Medicaid,Technical/Coding,Approval,Approved,Audit,Desk Audit,28,83440,0
202602,Commercial,Clinical DRG,Inflow,Hotline,Inscope,Out of Scope,204,595884,0
202602,Medicare,Technical/Coding,Approval,Approved,Audit,Desk Audit,43,123367,0
202603,Medicare,Coordination of Benefits,Final Selection,Coding Review,Approval,Rejected,42,133434,0
202603,Commercial,Coordination of Benefits,Inflow,Provider Referral,Inscope,In Scope,27,203823,0
202605,Medicaid,Data Mining,Approval,Approved,Audit,Desk Audit,45,109485,0
202606,Medicare,Technical/Coding,Initial Selection,Experimental,Final Selection,Clinical Review,89,371575,0
202602,Medicaid,Data Mining,Inscope,In Scope,Initial Selection,Query,106,683700,0
202602,Medicare,Data Mining,Initial Selection,Manual,Final Selection,Coding Review,71,322624,0
202604,Commercial,Clinical DRG,Approval,Approved,Audit,Field Audit,7,18515,0
202605,Medicare,Clinical DRG,Inflow,Hotline,Inscope,In Scope,126,1140804,0
202606,Medicaid,Technical/Coding,Initial Selection,Manual,Final Selection,Clinical Review,75,197550,0
202605,Medicare,Coordination of Benefits,Initial Selection,Query,Final Selection,Coding Review,76,404320,0
202603,Commercial,Technical/Coding,Approval,Approved,Audit,Desk Audit,40,231080,0
202606,Commercial,Technical/Coding,Inflow,Random Sample,Inscope,In Scope,109,618793,0
202605,Commercial,Clinical DRG,Audit,Desk Audit,Finding,No Finding,33,261789,0
202601,Commercial,Technical/Coding,Inflow,Data Mining,Inscope,Out of Scope,176,1327392,0
202606,Medicaid,Coordination of Benefits,Inscope,In Scope,Initial Selection,Query,17,71604,0
202603,Commercial,Coordination of Benefits,Initial Selection,Query,Final Selection,Coding Review,48,301776,0
202603,Commercial,Clinical DRG,Approval,Approved,Audit,Desk Audit,49,78645,0
202604,Commercial,Data Mining,Approval,Approved,Audit,Field Audit,22,196284,0
202602,Commercial,Data Mining,Inflow,Random Sample,Inscope,In Scope,32,153024,0
202603,Medicaid,Data Mining,Inscope,In Scope,Initial Selection,Query,62,287742,0
202604,Medicare,Clinical DRG,Final Selection,Coding Review,Approval,Approved,45,106335,0
202602,Medicaid,Clinical DRG,Initial Selection,Experimental,Final Selection,Coding Review,14,38444,0
202603,Medicare,Clinical DRG,Approval,Approved,Audit,Desk Audit,59,286976,0
202605,Commercial,Technical/Coding,Audit,Automated Review,Finding,No Finding,17,64702,0
202603,Medicaid,Data Mining,Inscope,In Scope,Initial Selection,Experimental,153,256122,0
202605,Medicaid,Technical/Coding,Inscope,In Scope,Initial Selection,Experimental,50,167050,0
202603,Commercial,Clinical DRG,Inflow,Hotline,Inscope,In Scope,217,571144,0
202603,Medicare,Coordination of Benefits,Initial Selection,Manual,Final Selection,Coding Review,42,273756,0
202601,Medicaid,Coordination of Benefits,Initial Selection,Query,Final Selection,Clinical Review,49,450947,0
202601,Medicaid,Technical/Coding,Final Selection,Coding Review,Approval,Approved,26,76622,0
202603,Medicaid,Clinical DRG,Inscope,In Scope,Initial Selection,Manual,48,320784,0
202603,Commercial,Coordination of Benefits,Initial Selection,Manual,Final Selection,Coding Review,12,50868,0
202606,Commercial,Technical/Coding,Approval,Approved,Audit,Desk Audit,20,35300,0
202602,Commercial,Data Mining,Final Selection,Clinical Review,Approval,Rejected,47,312832,0
202605,Medicare,Data Mining,Inscope,In Scope,Initial Selection,Query,50,325850,0
202602,Medicare,Clinical DRG,Initial Selection,Manual,Final Selection,Clinical Review,71,653058,0
202602,Medicare,Coordination of Benefits,Audit,Desk Audit,Finding,No Finding,22,104126,0
202605,Medicare,Data Mining,Inflow,Random Sample,Inscope,In Scope,61,507032,0
202603,Medicare,Technical/Coding,Inflow,Data Mining,Inscope,In Scope,179,352451,0
202603,Commercial,Coordination of Benefits,Inflow,Data Mining,Inscope,In Scope,106,252280,0
202606,Commercial,Clinical DRG,Inflow,Data Mining,Inscope,In Scope,83,386863,0
202605,Medicare,Data Mining,Approval,Approved,Audit,Desk Audit,9,14544,0
202601,Commercial,Clinical DRG,Inscope,In Scope,Initial Selection,Query,92,257324,0
202602,Medicaid,Data Mining,Audit,Automated Review,Finding,No Finding,33,185856,0
202601,Commercial,Coordination of Benefits,Initial Selection,Experimental,Final Selection,Clinical Review,58,306356,0
202605,Commercial,Technical/Coding,Inscope,In Scope,Initial Selection,Manual,155,684945,0
202606,Medicare,Technical/Coding,Audit,Desk Audit,Finding,Overpayment,26,180232,37038
202604,Commercial,Clinical DRG,Initial Selection,Query,Final Selection,Clinical Review,49,372988,0
202603,Medicare,Data Mining,Inflow,Provider Referral,Inscope,In Scope,234,1050426,0
202602,Commercial,Clinical DRG,Inflow,Random Sample,Inscope,Out of Scope,141,711486,0
202606,Medicaid,Coordination of Benefits,Inflow,Hotline,Inscope,In Scope,122,842898,0
202604,Medicare,Technical/Coding,Inflow,Data Mining,Inscope,In Scope,276,2024736,0
202606,Medicaid,Data Mining,Approval,Approved,Audit,Desk Audit,8,65040,0
202606,Commercial,Clinical DRG,Inscope,In Scope,Initial Selection,Manual,150,379800,0
202604,Medicaid,Data Mining,Inflow,Random Sample,Inscope,In Scope,135,915570,0
202604,Medicare,Coordination of Benefits,Inscope,In Scope,Initial Selection,Manual,141,787203,0
202601,Commercial,Coordination of Benefits,Approval,Approved,Audit,Desk Audit,10,47010,0
202606,Commercial,Coordination of Benefits,Audit,Automated Review,Finding,No Finding,11,99737,0
202604,Medicare,Clinical DRG,Initial Selection,Manual,Final Selection,Clinical Review,32,56832,0
202601,Medicare,Technical/Coding,Final Selection,Coding Review,Approval,Approved,27,169209,0
202605,Commercial,Technical/Coding,Inscope,In Scope,Initial Selection,Manual,63,326466,0
202603,Commercial,Data Mining,Final Selection,Clinical Review,Approval,Approved,35,272440,0
202605,Commercial,Coordination of Benefits,Inflow,Random Sample,Inscope,In Scope,61,498065,0
202606,Medicaid,Data Mining,Initial Selection,Experimental,Final Selection,Clinical Review,35,312760,0
202602,Commercial,Technical/Coding,Inflow,Provider Referral,Inscope,In Scope,91,643006,0
202601,Medicaid,Coordination of Benefits,Inscope,In Scope,Initial Selection,Manual,43,220633,0
202604,Medicare,Coordination of Benefits,Inflow,Data Mining,Inscope,In Scope,94,393672,0
202603,Medicare,Technical/Coding,Final Selection,Coding Review,Approval,Approved,33,304293,0
202604,Commercial,Data Mining,Final Selection,Coding Review,Approval,Approved,36,144144,0
202605,Medicaid,Technical/Coding,Inscope,In Scope,Initial Selection,Experimental,124,490916,0
202606,Medicaid,Clinical DRG,Inflow,Hotline,Inscope,In Scope,66,275814,0
202601,Medicaid,Technical/Coding,Approval,Approved,Audit,Desk Audit,35,322280,0
202603,Medicare,Technical/Coding,Audit,Desk Audit,Finding,Documentation Error,46,121210,0
202604,Medicaid,Data Mining,Inscope,In Scope,Initial Selection,Query,135,240030,0
202605,Medicaid,Technical/Coding,Initial Selection,Experimental,Final Selection,Coding Review,20,43940,0
202602,Commercial,Clinical DRG,Initial Selection,Query,Final Selection,Coding Review,69,320229,0
202601,Medicare,Technical/Coding,Inscope,In Scope,Initial Selection,Experimental,121,738826,0
202606,Commercial,Clinical DRG,Initial Selection,Query,Final Selection,Coding Review,75,468450,0
202604,Medicare,Coordination of Benefits,Inflow,Hotline,Inscope,In Scope,37,198283,0
202601,Medicare,Technical/Coding,Audit,Automated Review,Finding,No Finding,10,39970,0
202604,Commercial,Technical/Coding,Inscope,In Scope,Initial Selection,Query,147,1295805,0
202602,Commercial,Clinical DRG,Approval,Approved,Audit,Desk Audit,48,439536,0
202604,Medicaid,Data Mining,Audit,Field Audit,Finding,Overpayment,12,59208,12198
202606,Medicare,Data Mining,Inscope,In Scope,Initial Selection,Manual,46,406410,0
202602,Medicare,Clinical DRG,Audit,Automated Review,Finding,No Finding,35,319235,0
202603,Medicare,Data Mining,Initial Selection,Experimental,Final Selection,Clinical Review,79,263860,0
202604,Medicaid,Data Mining,Inflow,Data Mining,Inscope,Out of Scope,185,1114625,0
202605,Medicaid,Data Mining,Audit,Automated Review,Finding,No Finding,33,108702,0
202604,Medicare,Coordination of Benefits,Audit,Automated Review,Finding,No Finding,17,151232,0
202604,Commercial,Technical/Coding,Inflow,Hotline,Inscope,Out of Scope,92,575460,0
202606,Medicare,Clinical DRG,Inscope,In Scope,Initial Selection,Manual,110,864050,0
202601,Commercial,Technical/Coding,Initial Selection,Manual,Final Selection,Coding Review,8,17872,0
202601,Medicaid,Coordination of Benefits,Final Selection,Clinical Review,Approval,Approved,51,457419,0
202605,Commercial,Clinical DRG,Approval,Approved,Audit,Desk Audit,37,281570,0
202605,Commercial,Clinical DRG,Initial Selection,Query,Final Selection,Coding Review,14,54712,0
202601,Medicaid,Technical/Coding,Inflow,Hotline,Inscope,In Scope,156,683904,0
202601,Commercial,Technical/Coding,Initial Selection,Manual,Final Selection,Clinical Review,63,153972,0
202603,Commercial,Technical/Coding,Final Selection,Coding Review,Approval,Approved,29,166518,0
202601,Medicare,Clinical DRG,Approval,Approved,Audit,Desk Audit,36,209844,0
202603,Medicaid,Coordination of Benefits,Final Selection,Clinical Review,Approval,Approved,53,280476,0
202605,Medicaid,Clinical DRG,Inflow,Provider Referral,Inscope,In Scope,157,1267618,0
202606,Medicare,Data Mining,Approval,Approved,Audit,Field Audit,12,62052,0
202601,Medicare,Coordination of Benefits,Approval,Approved,Audit,Desk Audit,49,286062,0
202604,Medicare,Clinical DRG,Approval,Approved,Audit,Automated Review,34,176528,0
202603,Commercial,Technical/Coding,Audit,Desk Audit,Finding,Overpayment,7,38521,9782
202606,Medicaid,Clinical DRG,Initial Selection,Experimental,Final Selection,Clinical Review,27,99711,0
202603,Commercial,Clinical DRG,Approval,Approved,Audit,Desk Audit,31,228780,0
202602,Commercial,Coordination of Benefits,Inscope,In Scope,Initial Selection,Experimental,51,323289,0
202606,Commercial,Technical/Coding,Initial Selection,Manual,Final Selection,Clinical Review,63,174069,0
202601,Medicaid,Data Mining,Initial Selection,Experimental,Final Selection,Clinical Review,62,266910,0
202605,Medicaid,Data Mining,Final Selection,Coding Review,Approval,Approved,19,31065,0
202602,Medicare,Technical/Coding,Approval,Approved,Audit,Desk Audit,61,328424,0
202602,Medicaid,Data Mining,Final Selection,Clinical Review,Approval,Approved,10,68260,0
202603,Commercial,Clinical DRG,Inscope,In Scope,Initial Selection,Manual,119,551684,0
202603,Medicaid,Clinical DRG,Inscope,In Scope,Initial Selection,Experimental,114,946428,0
202602,Medicare,Data Mining,Inscope,In Scope,Initial Selection,Query,170,1425960,0
202602,Commercial,Technical/Coding,Final Selection,Coding Review,Approval,Approved,56,525448,0
202601,Medicare,Coordination of Benefits,Inscope,In Scope,Initial Selection,Manual,150,830700,0
202606,Commercial,Data Mining,Inscope,In Scope,Initial Selection,Query,25,41750,0
202604,Medicare,Technical/Coding,Inflow,Provider Referral,Inscope,Out of Scope,244,2104500,0
202603,Medicare,Technical/Coding,Initial Selection,Experimental,Final Selection,Clinical Review,31,275218,0
202606,Medicare,Coordination of Benefits,Audit,Automated Review,Finding,No Finding,41,297906,0
202606,Medicaid,Data Mining,Inflow,Random Sample,Inscope,Out of Scope,182,1155336,0
202605,Commercial,Data Mining,Inflow,Random Sample,Inscope,In Scope,159,820281,0
202603,Medicaid,Data Mining,Final Selection,Coding Review,Approval,Approved,44,290048,0
202606,Commercial,Data Mining,Approval,Approved,Audit,Desk Audit,43,162497,0
202601,Medicare,Coordination of Benefits,Inscope,In Scope,Initial Selection,Experimental,169,660114,0
202602,Commercial,Data Mining,Audit,Automated Review,Finding,No Finding,35,187565,0
202605,Medicare,Technical/Coding,Inscope,In Scope,Initial Selection,Query,185,687460,0
202602,Commercial,Clinical DRG,Final Selection,Clinical Review,Approval,Approved,27,148959,0
202606,Medicare,Data Mining,Inflow,Provider Referral,Inscope,In Scope,242,1656974,0
202605,Medicare,Clinical DRG,Initial Selection,Manual,Final Selection,Coding Review,21,41139,0
202601,Medicaid,Technical/Coding,Final Selection,Clinical Review,Approval,Approved,8,21616,0
202604,Medicaid,Technical/Coding,Audit,Field Audit,Finding,No Finding,20,129940,0
202604,Commercial,Technical/Coding,Inscope,In Scope,Initial Selection,Manual,106,789276,0
202602,Medicaid,Data Mining,Inflow,Data Mining,Inscope,In Scope,157,769300,0
202604,Commercial,Clinical DRG,Initial Selection,Query,Final Selection,Clinical Review,74,424686,0
202604,Commercial,Data Mining,Initial Selection,Experimental,Final Selection,Coding Review,69,198444,0
202601,Medicare,Clinical DRG,Final Selection,Clinical Review,Approval,Rejected,44,222948,0
202603,Medicare,Technical/Coding,Initial Selection,Query,Final Selection,Coding Review,36,310716,0
202605,Medicare,Data Mining,Audit,Desk Audit,Finding,No Finding,6,49452,0
202601,Commercial,Technical/Coding,Inflow,Random Sample,Inscope,In Scope,45,184095,0
202606,Commercial,Data Mining,Inflow,Hotline,Inscope,In Scope,27,166941,0
202603,Medicaid,Technical/Coding,Inscope,In Scope,Initial Selection,Experimental,92,866456,0
202606,Medicare,Clinical DRG,Audit,Automated Review,Finding,No Finding,19,80237,0
202604,Commercial,Technical/Coding,Final Selection,Clinical Review,Approval,Rejected,12,108360,0
202601,Medicare,Clinical DRG,Approval,Approved,Audit,Field Audit,50,321100,0
202602,Medicare,Data Mining,Approval,Approved,Audit,Automated Review,54,502416,0
202603,Commercial,Clinical DRG,Inscope,In Scope,Initial Selection,Manual,73,155344,0
202603,Commercial,Technical/Coding,Approval,Approved,Audit,Field Audit,17,34068,0
202603,Commercial,Technical/Coding,Audit,Field Audit,Finding,No Finding,8,28688,0
202604,Medicaid,Technical/Coding,Approval,Approved,Audit,Field Audit,51,115974,0
202602,Medicare,Data Mining,Approval,Approved,Audit,Desk Audit,51,320586,0
202603,Medicaid,Coordination of Benefits,Final Selection,Clinical Review,Approval,Rejected,47,159988,0
202601,Medicare,Clinical DRG,Initial Selection,Experimental,Final Selection,Coding Review,34,242216,0
202606,Medicare,Clinical DRG,Approval,Approved,Audit,Field Audit,21,137613,0
202604,Commercial,Coordination of Benefits,Inscope,In Scope,Initial Selection,Query,32,247008,0
202603,Medicare,Data Mining,Approval,Approved,Audit,Desk Audit,30,228240,0
202603,Commercial,Clinical DRG,Audit,Desk Audit,Finding,No Finding,28,142772,0
202604,Commercial,Clinical DRG,Approval,Approved,Audit,Desk Audit,13,90883,0
202605,Commercial,Technical/Coding,Final Selection,Clinical Review,Approval,Approved,41,369902,0
202606,Commercial,Coordination of Benefits,Inflow,Provider Referral,Inscope,In Scope,102,897702,0
202606,Medicare,Data Mining,Final Selection,Clinical Review,Approval,Approved,20,101640,0
202604,Medicaid,Data Mining,Approval,Approved,Audit,Field Audit,40,127800,0
202604,Commercial,Data Mining,Inflow,Random Sample,Inscope,Out of Scope,95,283480,0
202602,Commercial,Clinical DRG,Final Selection,Coding Review,Approval,Approved,24,197328,0
202603,Commercial,Clinical DRG,Inscope,In Scope,Initial Selection,Manual,111,614274,0
202604,Medicare,Data Mining,Initial Selection,Experimental,Final Selection,Coding Review,44,177188,0
202601,Commercial,Technical/Coding,Approval,Approved,Audit,Automated Review,34,61234,0
202603,Medicare,Clinical DRG,Audit,Field Audit,Finding,Overpayment,31,77345,19985
202604,Medicaid,Data Mining,Approval,Approved,Audit,Field Audit,47,128733,0
202605,Medicaid,Data Mining,Initial Selection,Manual,Final Selection,Clinical Review,42,94794,0
202606,Medicare,Coordination of Benefits,Approval,Approved,Audit,Desk Audit,41,186837,0
202601,Medicare,Technical/Coding,Initial Selection,Query,Final Selection,Coding Review,75,231150,0
202605,Medicaid,Data Mining,Initial Selection,Experimental,Final Selection,Clinical Review,11,74041,0
202602,Commercial,Clinical DRG,Inscope,In Scope,Initial Selection,Manual,38,288382,0
202602,Medicaid,Clinical DRG,Inflow,Random Sample,Inscope,Out of Scope,37,208717,0
202603,Medicare,Clinical DRG,Final Selection,Coding Review,Approval,Approved,24,70248,0
202602,Medicare,Data Mining,Approval,Approved,Audit,Automated Review,44,272536,0
202601,Medicaid,Technical/Coding,Inflow,Provider Referral,Inscope,In Scope,153,1045602,0
202602,Medicare,Technical/Coding,Initial Selection,Manual,Final Selection,Coding Review,76,563996,0
202604,Medicare,Coordination of Benefits,Audit,Automated Review,Finding,No Finding,15,81690,0
202606,Commercial,Coordination of Benefits,Inflow,Hotline,Inscope,In Scope,182,1320410,0
202601,Commercial,Coordination of Benefits,Initial Selection,Query,Final Selection,Coding Review,48,221280,0
202604,Commercial,Data Mining,Initial Selection,Manual,Final Selection,Coding Review,48,431952,0
202604,Medicare,Coordination of Benefits,Audit,Field Audit,Finding,No Finding,21,71232,0
202603,Medicaid,Clinical DRG,Initial Selection,Query,Final Selection,Coding Review,61,365634,0
202606,Medicaid,Coordination of Benefits,Approval,Approved,Audit,Field Audit,17,97750,0
202602,Medicaid,Technical/Coding,Audit,Field Audit,Finding,No Finding,24,162240,0
202602,Medicaid,Data Mining,Inscope,In Scope,Initial Selection,Experimental,157,636635,0
202605,Medicaid,Technical/Coding,Inscope,In Scope,Initial Selection,Experimental,168,902832,0
202604,Medicaid,Data Mining,Inflow,Hotline,Inscope,In Scope,204,1803360,0
202606,Medicaid,Technical/Coding,Audit,Automated Review,Finding,No Finding,15,131055,0
202606,Medicaid,Coordination of Benefits,Approval,Approved,Audit,Desk Audit,40,301240,0
202603,Medicaid,Clinical DRG,Initial Selection,Experimental,Final Selection,Clinical Review,25,148950,0
202603,Medicaid,Data Mining,Inscope,In Scope,Initial Selection,Manual,49,190904,0
202602,Commercial,Technical/Coding,Approval,Approved,Audit,Field Audit,29,100369,0
202606,Medicaid,Technical/Coding,Approval,Approved,Audit,Desk Audit,50,457650,0
202603,Commercial,Clinical DRG,Inscope,In Scope,Initial Selection,Manual,45,195480,0
202605,Medicaid,Clinical DRG,Initial Selection,Manual,Final Selection,Coding Review,75,548325,0
202606,Medicare,Coordination of Benefits,Initial Selection,Manual,Final Selection,Coding Review,56,132776,0
202603,Medicare,Coordination of Benefits,Inscope,In Scope,Initial Selection,Manual,101,655187,0
202603,Commercial,Technical/Coding,Inscope,In Scope,Initial Selection,Query,165,1289145,0
202603,Medicare,Clinical DRG,Audit,Automated Review,Finding,Documentation Error,12,33180,0
202602,Commercial,Coordination of Benefits,Approval,Approved,Audit,Desk Audit,11,53735,0
202603,Medicare,Data Mining,Initial Selection,Manual,Final Selection,Clinical Review,87,620658,0
202604,Medicare,Coordination of Benefits,Inflow,Provider Referral,Inscope,In Scope,148,507640,0
202605,Medicare,Coordination of Benefits,Initial Selection,Query,Final Selection,Clinical Review,15,55890,0
202606,Medicaid,Clinical DRG,Approval,Approved,Audit,Field Audit,25,59200,0
202601,Medicaid,Coordination of Benefits,Initial Selection,Query,Final Selection,Clinical Review,57,193857,0
202606,Medicaid,Clinical DRG,Final Selection,Clinical Review,Approval,Approved,48,409104,0
202601,Medicaid,Data Mining,Inscope,In Scope,Initial Selection,Query,81,192942,0
202602,Medicare,Coordination of Benefits,Final Selection,Coding Review,Approval,Pending,55,413215,0
202606,Medicare,Data Mining,Initial Selection,Manual,Final Selection,Clinical Review,48,88080,0
202605,Medicaid,Clinical DRG,Approval,Approved,Audit,Desk Audit,6,38556,0
202605,Medicare,Data Mining,Approval,Approved,Audit,Desk Audit,56,287504,0
202602,Medicare,Technical/Coding,Approval,Approved,Audit,Automated Review,35,269500,0
202604,Medicare,Coordination of Benefits,Initial Selection,Manual,Final Selection,Coding Review,70,464940,0
202605,Commercial,Technical/Coding,Inscope,In Scope,Initial Selection,Query,137,1121208,0
202601,Medicare,Technical/Coding,Initial Selection,Manual,Final Selection,Coding Review,63,575442,0
202605,Commercial,Clinical DRG,Initial Selection,Experimental,Final Selection,Clinical Review,17,118762,0
202603,Commercial,Technical/Coding,Inflow,Data Mining,Inscope,In Scope,225,806400,0
202604,Medicaid,Coordination of Benefits,Inflow,Data Mining,Inscope,In Scope,190,1428230,0
202602,Medicare,Technical/Coding,Initial Selection,Manual,Final Selection,Clinical Review,88,408232,0
202604,Medicaid,Data Mining,Inscope,In Scope,Initial Selection,Manual,72,287856,0
202605,Medicare,Coordination of Benefits,Audit,Field Audit,Finding,Overpayment,8,46960,11747
202602,Commercial,Coordination of Benefits,Inscope,In Scope,Initial Selection,Experimental,69,237567,0
202601,Medicare,Technical/Coding,Audit,Automated Review,Finding,No Finding,11,78705,0
202606,Medicare,Coordination of Benefits,Inflow,Random Sample,Inscope,In Scope,171,434169,0
202606,Medicaid,Technical/Coding,Final Selection,Coding Review,Approval,Rejected,38,127300,0
202602,Commercial,Clinical DRG,Final Selection,Clinical Review,Approval,Approved,13,99983,0
202601,Commercial,Data Mining,Inscope,In Scope,Initial Selection,Manual,111,677655,0
202602,Medicaid,Clinical DRG,Initial Selection,Query,Final Selection,Clinical Review,53,273692,0
202604,Medicare,Clinical DRG,Initial Selection,Manual,Final Selection,Clinical Review,87,460752,0
202604,Medicare,Data Mining,Audit,Field Audit,Finding,No Finding,34,260644,0
202605,Commercial,Clinical DRG,Initial Selection,Manual,Final Selection,Clinical Review,34,142902,0
202601,Medicare,Technical/Coding,Inflow,Data Mining,Inscope,In Scope,142,1090702,0
202605,Medicare,Data Mining,Approval,Approved,Audit,Automated Review,50,465050,0
202603,Commercial,Coordination of Benefits,Inflow,Data Mining,Inscope,In Scope,123,599502,0
202604,Medicaid,Clinical DRG,Inscope,In Scope,Initial Selection,Manual,142,1135432,0
202606,Medicare,Coordination of Benefits,Final Selection,Coding Review,Approval,Approved,26,174798,0
202601,Commercial,Technical/Coding,Inscope,In Scope,Initial Selection,Query,34,66810,0
202601,Medicare,Technical/Coding,Final Selection,Clinical Review,Approval,Approved,68,283424,0
202601,Medicare,Technical/Coding,Initial Selection,Query,Final Selection,Clinical Review,65,269295,0
202602,Medicare,Clinical DRG,Inflow,Data Mining,Inscope,In Scope,212,632608,0
202603,Medicare,Technical/Coding,Inflow,Data Mining,Inscope,In Scope,51,449871,0
202606,Medicaid,Clinical DRG,Audit,Automated Review,Finding,No Finding,26,220740,0
202601,Medicare,Clinical DRG,Audit,Automated Review,Finding,No Finding,20,152940,0
202604,Commercial,Clinical DRG,Final Selection,Coding Review,Approval,Approved,38,210862,0
202602,Medicare,Clinical DRG,Inflow,Hotline,Inscope,In Scope,115,842260,0
202606,Medicare,Clinical DRG,Final Selection,Clinical Review,Approval,Approved,47,168119,0
202603,Commercial,Coordination of Benefits,Inflow,Hotline,Inscope,In Scope,64,342912,0
202601,Commercial,Coordination of Benefits,Inflow,Provider Referral,Inscope,Out of Scope,140,1088080,0
202601,Commercial,Coordination of Benefits,Audit,Field Audit,Finding,No Finding,17,85731,0
202605,Medicaid,Technical/Coding,Approval,Approved,Audit,Desk Audit,27,225153,0
202601,Commercial,Technical/Coding,Final Selection,Coding Review,Approval,Approved,22,114334,0
202604,Commercial,Clinical DRG,Audit,Automated Review,Finding,No Finding,24,185856,0
202602,Medicaid,Technical/Coding,Approval,Approved,Audit,Desk Audit,13,99827,0
202604,Medicaid,Data Mining,Approval,Approved,Audit,Automated Review,24,109848,0
202604,Medicare,Data Mining,Inflow,Data Mining,Inscope,In Scope,170,937380,0
202606,Medicaid,Clinical DRG,Inscope,In Scope,Initial Selection,Manual,152,1398248,0
202606,Medicaid,Data Mining,Inflow,Hotline,Inscope,In Scope,115,1018440,0
202604,Medicare,Data Mining,Final Selection,Clinical Review,Approval,Approved,7,28217,0
202606,Medicare,Clinical DRG,Final Selection,Coding Review,Approval,Approved,69,278898,0
202602,Commercial,Clinical DRG,Initial Selection,Manual,Final Selection,Clinical Review,29,73167,0
202605,Medicaid,Data Mining,Inscope,In Scope,Initial Selection,Manual,20,169900,0
202603,Medicaid,Coordination of Benefits,Final Selection,Coding Review,Approval,Approved,33,303369,0
202601,Medicare,Data Mining,Approval,Approved,Audit,Desk Audit,22,132748,0
202602,Medicaid,Technical/Coding,Final Selection,Clinical Review,Approval,Approved,12,94452,0
202603,Commercial,Technical/Coding,Audit,Desk Audit,Finding,No Finding,35,327810,0
202605,Medicare,Technical/Coding,Final Selection,Clinical Review,Approval,Approved,56,191912,0
202603,Medicare,Clinical DRG,Initial Selection,Manual,Final Selection,Clinical Review,87,242643,0
202605,Medicare,Clinical DRG,Approval,Approved,Audit,Desk Audit,44,126940,0
202603,Medicaid,Clinical DRG,Approval,Approved,Audit,Desk Audit,39,98865,0
202604,Commercial,Data Mining,Audit,Desk Audit,Finding,No Finding,23,99843,0
202606,Medicaid,Coordination of Benefits,Approval,Approved,Audit,Automated Review,32,212224,0
202604,Commercial,Clinical DRG,Initial Selection,Manual,Final Selection,Coding Review,21,51912,0
202604,Medicare,Clinical DRG,Initial Selection,Experimental,Final Selection,Coding Review,99,430650,0
202604,Medicaid,Clinical DRG,Approval,Approved,Audit,Automated Review,6,30864,0
202601,Medicaid,Technical/Coding,Audit,Automated Review,Finding,Documentation Error,37,154179,0
202604,Medicare,Clinical DRG,Final Selection,Clinical Review,Approval,Rejected,23,149155,0
202604,Medicaid,Coordination of Benefits,Final Selection,Clinical Review,Approval,Approved,49,244706,0
202601,Medicaid,Coordination of Benefits,Approval,Approved,Audit,Desk Audit,31,178374,0
202601,Medicare,Technical/Coding,Approval,Approved,Audit,Desk Audit,17,124355,0
202601,Medicare,Technical/Coding,Audit,Desk Audit,Finding,No Finding,28,158032,0
202603,Medicare,Technical/Coding,Inflow,Random Sample,Inscope,In Scope,236,753548,0
202604,Medicare,Technical/Coding,Inflow,Random Sample,Inscope,In Scope,186,799428,0
202603,Commercial,Clinical DRG,Inflow,Hotline,Inscope,In Scope,251,517311,0
202602,Medicaid,Technical/Coding,Approval,Approved,Audit,Automated Review,26,151476,0
202603,Commercial,Technical/Coding,Initial Selection,Experimental,Final Selection,Clinical Review,77,670439,0
202602,Commercial,Clinical DRG,Inscope,In Scope,Initial Selection,Experimental,161,544824,0
202605,Commercial,Technical/Coding,Inscope,In Scope,Initial Selection,Query,77,189959,0
202604,Medicaid,Clinical DRG,Approval,Approved,Audit,Desk Audit,10,67550,0
202606,Medicaid,Data Mining,Final Selection,Clinical Review,Approval,Rejected,12,99696,0
202606,Medicare,Technical/Coding,Final Selection,Clinical Review,Approval,Approved,51,246687,0
202602,Commercial,Coordination of Benefits,Initial Selection,Query,Final Selection,Clinical Review,21,158025,0
202605,Medicaid,Coordination of Benefits,Inscope,In Scope,Initial Selection,Manual,48,381888,0
202601,Commercial,Technical/Coding,Inflow,Random Sample,Inscope,In Scope,152,1066736,0
202606,Medicaid,Clinical DRG,Audit,Automated Review,Finding,No Finding,38,155990,0
202603,Commercial,Data Mining,Inscope,In Scope,Initial Selection,Experimental,20,124140,0
202606,Commercial,Technical/Coding,Audit,Desk Audit,Finding,No Finding,32,254720,0
202602,Medicaid,Clinical DRG,Final Selection,Coding Review,Approval,Approved,12,105444,0
202602,Medicare,Data Mining,Inscope,In Scope,Initial Selection,Query,113,821736,0
202602,Medicare,Data Mining,Audit,Desk Audit,Finding,No Finding,5,36930,0
202602,Medicaid,Technical/Coding,Audit,Desk Audit,Finding,No Finding,38,325698,0
202603,Medicare,Technical/Coding,Inflow,Random Sample,Inscope,In Scope,102,317628,0
202606,Medicare,Data Mining,Initial Selection,Query,Final Selection,Coding Review,17,151351,0
202605,Medicare,Coordination of Benefits,Initial Selection,Query,Final Selection,Clinical Review,73,447344,0
202603,Medicare,Clinical DRG,Inscope,In Scope,Initial Selection,Manual,221,1718496,0
202603,Medicare,Coordination of Benefits,Final Selection,Coding Review,Approval,Approved,12,30792,0
202606,Commercial,Data Mining,Audit,Desk Audit,Finding,Documentation Error,20,76880,0
202601,Commercial,Coordination of Benefits,Inflow,Hotline,Inscope,In Scope,59,394533,0
202605,Commercial,Clinical DRG,Inscope,In Scope,Initial Selection,Manual,79,664074,0
202606,Medicare,Coordination of Benefits,Initial Selection,Manual,Final Selection,Coding Review,61,125477,0
202605,Medicare,Data Mining,Inflow,Provider Referral,Inscope,In Scope,81,340767,0
202604,Medicaid,Coordination of Benefits,Inscope,In Scope,Initial Selection,Manual,41,146821,0
202604,Medicaid,Data Mining,Final Selection,Coding Review,Approval,Approved,55,163625,0
202605,Medicaid,Technical/Coding,Inscope,In Scope,Initial Selection,Manual,64,151040,0
202601,Commercial,Technical/Coding,Approval,Approved,Audit,Automated Review,48,167424,0
202603,Medicare,Coordination of Benefits,Audit,Automated Review,Finding,Documentation Error,17,27506,0
202604,Medicaid,Technical/Coding,Approval,Approved,Audit,Desk Audit,16,52016,0
202603,Commercial,Technical/Coding,Inscope,In Scope,Initial Selection,Manual,82,199998,0
202606,Commercial,Data Mining,Final Selection,Coding Review,Approval,Approved,36,185760,0
202603,Medicaid,Technical/Coding,Initial Selection,Manual,Final Selection,Coding Review,23,109089,0
202605,Medicare,Coordination of Benefits,Initial Selection,Manual,Final Selection,Clinical Review,25,109625,0
202601,Commercial,Coordination of Benefits,Inscope,In Scope,Initial Selection,Query,85,723350,0
202606,Medicare,Technical/Coding,Approval,Approved,Audit,Automated Review,46,402776,0
202604,Medicaid,Coordination of Benefits,Inscope,In Scope,Initial Selection,Query,145,1255700,0
202604,Medicaid,Coordination of Benefits,Inflow,Hotline,Inscope,In Scope,194,1183594,0
202605,Medicare,Clinical DRG,Inflow,Hotline,Inscope,In Scope,212,1222392,0
202604,Medicare,Coordination of Benefits,Initial Selection,Experimental,Final Selection,Coding Review,63,308196,0
202606,Medicaid,Data Mining,Final Selection,Coding Review,Approval,Approved,45,285570,0
202603,Medicaid,Clinical DRG,Final Selection,Clinical Review,Approval,Approved,56,99792,0
202604,Commercial,Clinical DRG,Inflow,Hotline,Inscope,In Scope,48,108528,0
202601,Medicare,Coordination of Benefits,Audit,Field Audit,Finding,Overpayment,22,121770,29937
202604,Medicaid,Coordination of Benefits,Inflow,Hotline,Inscope,In Scope,178,1021364,0
202604,Medicare,Clinical DRG,Final Selection,Coding Review,Approval,Approved,31,192541,0
202606,Commercial,Technical/Coding,Inscope,In Scope,Initial Selection,Query,82,541364,0
202606,Medicaid,Coordination of Benefits,Inflow,Hotline,Inscope,In Scope,24,165336,0
202603,Medicaid,Data Mining,Audit,Automated Review,Finding,No Finding,13,72384,0
202603,Medicaid,Clinical DRG,Inscope,In Scope,Initial Selection,Experimental,181,1121295,0
202604,Medicare,Data Mining,Audit,Automated Review,Finding,No Finding,21,171486,0
202604,Medicare,Coordination of Benefits,Inflow,Data Mining,Inscope,In Scope,196,1693244,0
202602,Commercial,Coordination of Benefits,Audit,Field Audit,Finding,No Finding,10,77890,0
202604,Medicaid,Clinical DRG,Audit,Field Audit,Finding,No Finding,17,99229,0
202606,Medicaid,Technical/Coding,Audit,Field Audit,Finding,Documentation Error,6,42588,0
202604,Medicare,Coordination of Benefits,Approval,Approved,Audit,Desk Audit,45,381600,0
202601,Medicare,Clinical DRG,Inscope,In Scope,Initial Selection,Query,112,730688,0
202603,Medicare,Technical/Coding,Inflow,Hotline,Inscope,In Scope,179,1546918,0
202603,Medicare,Data Mining,Final Selection,Coding Review,Approval,Approved,63,345807,0
202601,Medicare,Data Mining,Initial Selection,Query,Final Selection,Clinical Review,27,208494,0
202604,Medicare,Coordination of Benefits,Initial Selection,Experimental,Final Selection,Clinical Review,61,394975,0
202603,Medicaid,Data Mining,Audit,Automated Review,Finding,No Finding,13,31967,0
202605,Medicare,Technical/Coding,Inscope,In Scope,Initial Selection,Manual,167,844018,0
202601,Medicaid,Clinical DRG,Final Selection,Clinical Review,Approval,Rejected,41,166829,0
202603,Medicaid,Data Mining,Final Selection,Coding Review,Approval,Approved,32,284544,0
202602,Medicaid,Technical/Coding,Final Selection,Coding Review,Approval,Approved,55,106535,0
202605,Commercial,Data Mining,Final Selection,Coding Review,Approval,Rejected,52,448968,0
202603,Commercial,Coordination of Benefits,Audit,Field Audit,Finding,No Finding,14,118650,0
202605,Commercial,Coordination of Benefits,Inscope,In Scope,Initial Selection,Experimental,81,627183,0
202604,Medicaid,Clinical DRG,Inscope,In Scope,Initial Selection,Manual,104,641368,0
202604,Medicaid,Clinical DRG,Initial Selection,Manual,Final Selection,Clinical Review,55,277750,0
202604,Medicaid,Clinical DRG,Initial Selection,Experimental,Final Selection,Clinical Review,28,113148,0
202601,Medicare,Coordination of Benefits,Final Selection,Clinical Review,Approval,Approved,20,41720,0
202605,Commercial,Clinical DRG,Inflow,Provider Referral,Inscope,In Scope,101,772549,0
202601,Medicaid,Coordination of Benefits,Final Selection,Coding Review,Approval,Approved,14,50162,0
202606,Medicaid,Coordination of Benefits,Initial Selection,Manual,Final Selection,Clinical Review,65,281580,0
202606,Commercial,Data Mining,Initial Selection,Manual,Final Selection,Clinical Review,21,190785,0
202602,Commercial,Technical/Coding,Final Selection,Coding Review,Approval,Pending,48,345552,0
202606,Medicare,Clinical DRG,Initial Selection,Query,Final Selection,Clinical Review,74,565064,0
202601,Medicare,Clinical DRG,Audit,Desk Audit,Finding,No Finding,40,310880,0
202606,Medicaid,Data Mining,Inflow,Provider Referral,Inscope,In Scope,202,1312394,0
202605,Commercial,Data Mining,Initial Selection,Manual,Final Selection,Clinical Review,15,107895,0
202603,Commercial,Technical/Coding,Audit,Field Audit,Finding,No Finding,16,78256,0
202604,Medicare,Coordination of Benefits,Audit,Field Audit,Finding,No Finding,23,210749,0
202601,Commercial,Data Mining,Approval,Approved,Audit,Field Audit,18,135036,0
202604,Commercial,Data Mining,Final Selection,Coding Review,Approval,Approved,14,103614,0
202605,Medicare,Coordination of Benefits,Audit,Desk Audit,Finding,No Finding,19,123842,0
202605,Medicaid,Clinical DRG,Approval,Approved,Audit,Desk Audit,16,117520,0
202602,Commercial,Technical/Coding,Inflow,Data Mining,Inscope,In Scope,69,390954,0
202604,Medicaid,Clinical DRG,Initial Selection,Query,Final Selection,Coding Review,74,265068,0
202605,Commercial,Data Mining,Inscope,In Scope,Initial Selection,Manual,24,108096,0
202601,Medicare,Clinical DRG,Approval,Approved,Audit,Desk Audit,29,161501,0
202603,Medicaid,Technical/Coding,Inscope,In Scope,Initial Selection,Manual,153,1173051,0
202605,Medicaid,Technical/Coding,Initial Selection,Query,Final Selection,Clinical Review,34,284886,0
202602,Medicare,Technical/Coding,Initial Selection,Experimental,Final Selection,Clinical Review,20,34720,0
202606,Commercial,Technical/Coding,Audit,Desk Audit,Finding,No Finding,25,172100,0
202602,Medicaid,Clinical DRG,Approval,Approved,Audit,Desk Audit,36,198864,0
202603,Medicare,Technical/Coding,Inflow,Data Mining,Inscope,Out of Scope,51,292740,0
202606,Medicare,Clinical DRG,Inscope,In Scope,Initial Selection,Query,69,261579,0
202604,Medicaid,Clinical DRG,Initial Selection,Manual,Final Selection,Coding Review,59,469345,0
202605,Medicaid,Technical/Coding,Audit,Desk Audit,Finding,No Finding,32,137120,0
202603,Commercial,Clinical DRG,Approval,Approved,Audit,Field Audit,46,372646,0
202601,Medicare,Data Mining,Initial Selection,Query,Final Selection,Coding Review,87,771429,0
202601,Medicaid,Data Mining,Initial Selection,Experimental,Final Selection,Clinical Review,50,164150,0
202601,Commercial,Technical/Coding,Initial Selection,Experimental,Final Selection,Coding Review,56,131656,0
202605,Commercial,Clinical DRG,Audit,Desk Audit,Finding,Documentation Error,30,63960,0
202603,Medicaid,Technical/Coding,Initial Selection,Manual,Final Selection,Coding Review,80,241360,0
202603,Medicare,Clinical DRG,Audit,Automated Review,Finding,Documentation Error,39,210405,0
202606,Medicare,Clinical DRG,Approval,Approved,Audit,Desk Audit,44,183700,0
202602,Medicaid,Technical/Coding,Initial Selection,Manual,Final Selection,Coding Review,34,255952,0
202604,Medicare,Technical/Coding,Inscope,In Scope,Initial Selection,Manual,160,723040,0
202603,Medicare,Clinical DRG,Inflow,Hotline,Inscope,In Scope,94,195708,0
202603,Medicaid,Clinical DRG,Final Selection,Coding Review,Approval,Approved,58,431172,0
202601,Medicare,Data Mining,Initial Selection,Experimental,Final Selection,Coding Review,70,552370,0
202603,Medicaid,Data Mining,Final Selection,Coding Review,Approval,Approved,56,229712,0
202603,Medicaid,Clinical DRG,Approval,Approved,Audit,Field Audit,12,33096,0
202604,Commercial,Coordination of Benefits,Initial Selection,Manual,Final Selection,Clinical Review,28,201768,0
202601,Commercial,Clinical DRG,Inflow,Random Sample,Inscope,Out of Scope,213,1646277,0
202604,Commercial,Data Mining,Audit,Automated Review,Finding,Overpayment,6,53598,12367
202606,Commercial,Technical/Coding,Inscope,In Scope,Initial Selection,Manual,148,386428,0
202604,Commercial,Technical/Coding,Final Selection,Clinical Review,Approval,Approved,11,74624,0
202604,Medicaid,Data Mining,Inscope,In Scope,Initial Selection,Experimental,112,893984,0
202604,Medicare,Clinical DRG,Approval,Approved,Audit,Field Audit,43,270599,0
202606,Medicare,Clinical DRG,Inflow,Hotline,Inscope,In Scope,77,540771,0
202606,Commercial,Coordination of Benefits,Final Selection,Clinical Review,Approval,Approved,36,242568,0
202604,Medicare,Technical/Coding,Inscope,In Scope,Initial Selection,Manual,160,1122240,0
202604,Medicaid,Coordination of Benefits,Approval,Approved,Audit,Automated Review,16,131120,0
202602,Commercial,Data Mining,Inflow,Data Mining,Inscope,In Scope,41,164738,0
202603,Medicare,Clinical DRG,Initial Selection,Experimental,Final Selection,Coding Review,100,686300,0
202601,Commercial,Technical/Coding,Audit,Automated Review,Finding,No Finding,40,188520,0
202601,Medicaid,Clinical DRG,Inscope,In Scope,Initial Selection,Manual,104,833560,0
202603,Medicaid,Data Mining,Initial Selection,Query,Final Selection,Coding Review,39,283647,0
202605,Medicaid,Clinical DRG,Audit,Automated Review,Finding,Overpayment,9,61182,11045
202606,Commercial,Coordination of Benefits,Final Selection,Coding Review,Approval,Pending,19,62187,0
202601,Medicare,Data Mining,Initial Selection,Experimental,Final Selection,Coding Review,49,401604,0
202602,Medicare,Data Mining,Approval,Approved,Audit,Automated Review,28,124516,0
202604,Commercial,Technical/Coding,Inflow,Data Mining,Inscope,In Scope,36,180468,0
202606,Medicare,Technical/Coding,Approval,Approved,Audit,Automated Review,12,97776,0
202606,Medicare,Data Mining,Inflow,Hotline,Inscope,In Scope,188,727372,0
202606,Medicaid,Clinical DRG,Approval,Approved,Audit,Desk Audit,7,23086,0
202603,Medicare,Coordination of Benefits,Approval,Approved,Audit,Automated Review,36,107280,0
202606,Commercial,Coordination of Benefits,Initial Selection,Manual,Final Selection,Clinical Review,59,153341,0
202603,Medicaid,Clinical DRG,Initial Selection,Manual,Final Selection,Clinical Review,21,130074,0
202602,Commercial,Coordination of Benefits,Inflow,Random Sample,Inscope,In Scope,152,313272,0
202605,Medicaid,Technical/Coding,Inscope,In Scope,Initial Selection,Query,167,1028553,0
202603,Commercial,Data Mining,Audit,Automated Review,Finding,No Finding,20,168740,0
202603,Medicaid,Technical/Coding,Approval,Approved,Audit,Desk Audit,43,399642,0
202606,Commercial,Technical/Coding,Inscope,In Scope,Initial Selection,Query,17,133059,0
202601,Commercial,Technical/Coding,Inscope,In Scope,Initial Selection,Manual,24,124272,0
202605,Commercial,Coordination of Benefits,Final Selection,Coding Review,Approval,Approved,51,258060,0
202604,Medicaid,Data Mining,Approval,Approved,Audit,Field Audit,25,97025,0
202603,Commercial,Technical/Coding,Final Selection,Coding Review,Approval,Approved,44,187704,0
202605,Medicaid,Coordination of Benefits,Inscope,In Scope,Initial Selection,Manual,113,366459,0
202601,Medicaid,Coordination of Benefits,Initial Selection,Experimental,Final Selection,Coding Review,31,201872,0
202606,Medicare,Data Mining,Initial Selection,Experimental,Final Selection,Coding Review,34,78608,0
202606,Medicare,Coordination of Benefits,Approval,Approved,Audit,Field Audit,14,71540,0
202604,Medicaid,Clinical DRG,Audit,Automated Review,Finding,Overpayment,36,240084,42879
202603,Medicaid,Technical/Coding,Initial Selection,Experimental,Final Selection,Clinical Review,77,323939,0
202601,Medicaid,Data Mining,Initial Selection,Manual,Final Selection,Clinical Review,42,249312,0
202605,Medicaid,Technical/Coding,Audit,Desk Audit,Finding,Documentation Error,6,37404,0
202602,Medicaid,Technical/Coding,Inflow,Provider Referral,Inscope,In Scope,74,625818,0
202601,Medicare,Coordination of Benefits,Approval,Approved,Audit,Field Audit,13,39169,0
202603,Medicare,Technical/Coding,Approval,Approved,Audit,Automated Review,58,446774,0
202602,Medicaid,Technical/Coding,Final Selection,Coding Review,Approval,Approved,10,62500,0
202606,Commercial,Coordination of Benefits,Final Selection,Clinical Review,Approval,Pending,50,339550,0
202605,Medicare,Coordination of Benefits,Inflow,Data Mining,Inscope,In Scope,99,607266,0
202601,Medicare,Coordination of Benefits,Inscope,In Scope,Initial Selection,Query,85,689265,0
202605,Medicaid,Data Mining,Audit,Field Audit,Finding,Overpayment,18,76914,10171
202604,Medicare,Coordination of Benefits,Inscope,In Scope,Initial Selection,Experimental,24,159312,0
202604,Medicaid,Coordination of Benefits,Audit,Field Audit,Finding,No Finding,9,50949,0
202602,Medicare,Coordination of Benefits,Audit,Desk Audit,Finding,No Finding,36,309024,0
202603,Commercial,Clinical DRG,Inflow,Data Mining,Inscope,In Scope,248,1105832,0
202604,Medicaid,Technical/Coding,Approval,Approved,Audit,Automated Review,15,34500,0
202603,Medicaid,Technical/Coding,Approval,Approved,Audit,Automated Review,43,243896,0
202604,Medicaid,Coordination of Benefits,Approval,Approved,Audit,Desk Audit,12,57168,0
202602,Medicaid,Coordination of Benefits,Inscope,In Scope,Initial Selection,Manual,114,660516,0
202603,Medicaid,Data Mining,Inflow,Random Sample,Inscope,In Scope,205,1725485,0
202601,Medicaid,Coordination of Benefits,Inflow,Provider Referral,Inscope,In Scope,34,181424,0
202604,Medicaid,Coordination of Benefits,Inflow,Data Mining,Inscope,In Scope,169,654199,0
202603,Medicare,Coordination of Benefits,Approval,Approved,Audit,Desk Audit,42,101682,0
202604,Medicaid,Technical/Coding,Approval,Approved,Audit,Field Audit,41,178555,0
202606,Commercial,Data Mining,Initial Selection,Query,Final Selection,Coding Review,34,160004,0
202603,Commercial,Clinical DRG,Final Selection,Clinical Review,Approval,Approved,29,218689,0
202605,Medicaid,Technical/Coding,Audit,Field Audit,Finding,Overpayment,40,205520,38516
202606,Medicaid,Clinical DRG,Initial Selection,Query,Final Selection,Coding Review,25,234700,0
202602,Commercial,Clinical DRG,Approval,Approved,Audit,Automated Review,8,44704,0
202604,Commercial,Technical/Coding,Initial Selection,Manual,Final Selection,Clinical Review,38,245594,0
202604,Medicaid,Clinical DRG,Inflow,Provider Referral,Inscope,In Scope,121,831391,0
202603,Medicaid,Data Mining,Inscope,In Scope,Initial Selection,Query,61,217709,0
202606,Medicare,Coordination of Benefits,Audit,Automated Review,Finding,No Finding,12,53832,0
202603,Medicaid,Coordination of Benefits,Final Selection,Coding Review,Approval,Approved,25,95350,0
202606,Commercial,Data Mining,Initial Selection,Manual,Final Selection,Clinical Review,32,280704,0
202606,Medicaid,Data Mining,Inscope,In Scope,Initial Selection,Manual,41,245754,0
202603,Medicaid,Coordination of Benefits,Approval,Approved,Audit,Automated Review,36,278712,0
202605,Medicaid,Data Mining,Audit,Automated Review,Finding,No Finding,24,109584,0
202605,Medicare,Data Mining,Final Selection,Clinical Review,Approval,Approved,46,365010,0
202603,Commercial,Clinical DRG,Inscope,In Scope,Initial Selection,Manual,60,460500,0
202606,Commercial,Coordination of Benefits,Final Selection,Clinical Review,Approval,Approved,31,75423,0
202603,Medicaid,Data Mining,Audit,Automated Review,Finding,Overpayment,35,197260,42191
202604,Commercial,Technical/Coding,Initial Selection,Manual,Final Selection,Clinical Review,67,282472,0
202605,Medicaid,Clinical DRG,Approval,Approved,Audit,Field Audit,23,107042,0
202606,Medicaid,Clinical DRG,Inflow,Random Sample,Inscope,In Scope,198,1654290,0
202604,Medicare,Clinical DRG,Inflow,Random Sample,Inscope,In Scope,255,473025,0
202606,Medicare,Clinical DRG,Final Selection,Clinical Review,Approval,Pending,49,308308,0
202606,Medicaid,Clinical DRG,Final Selection,Coding Review,Approval,Approved,20,186680,0
202605,Medicaid,Coordination of Benefits,Audit,Desk Audit,Finding,No Finding,31,89218,0
202601,Commercial,Coordination of Benefits,Approval,Approved,Audit,Field Audit,39,315237,0
202605,Medicaid,Data Mining,Final Selection,Clinical Review,Approval,Approved,18,145368,0
202604,Medicaid,Technical/Coding,Initial Selection,Experimental,Final Selection,Coding Review,70,414260,0
202605,Medicaid,Clinical DRG,Final Selection,Clinical Review,Approval,Approved,17,101558,0
202605,Medicare,Coordination of Benefits,Inflow,Data Mining,Inscope,In Scope,111,923409,0
202601,Medicare,Clinical DRG,Inflow,Hotline,Inscope,In Scope,230,1249820,0
202603,Medicare,Data Mining,Audit,Field Audit,Finding,Documentation Error,16,82240,0
202604,Commercial,Technical/Coding,Initial Selection,Query,Final Selection,Coding Review,69,431319,0
202604,Medicaid,Clinical DRG,Audit,Field Audit,Finding,No Finding,5,16025,0
202606,Commercial,Clinical DRG,Audit,Desk Audit,Finding,Documentation Error,37,277685,0
202602,Medicaid,Data Mining,Initial Selection,Experimental,Final Selection,Coding Review,38,317414,0
202601,Commercial,Technical/Coding,Initial Selection,Manual,Final Selection,Coding Review,64,320000,0
202602,Commercial,Data Mining,Approval,Approved,Audit,Field Audit,44,94996,0
202602,Commercial,Data Mining,Final Selection,Clinical Review,Approval,Approved,13,92378,0
202602,Medicare,Technical/Coding,Inflow,Hotline,Inscope,In Scope,78,330720,0
202602,Medicaid,Clinical DRG,Inflow,Random Sample,Inscope,In Scope,181,1131069,0
202602,Medicaid,Coordination of Benefits,Final Selection,Coding Review,Approval,Approved,20,135080,0
202606,Medicaid,Data Mining,Initial Selection,Experimental,Final Selection,Clinical Review,37,267251,0
202603,Medicaid,Coordination of Benefits,Inflow,Provider Referral,Inscope,In Scope,193,1530104,0
202606,Commercial,Coordination of Benefits,Inflow,Data Mining,Inscope,In Scope,113,354368,0
202605,Medicare,Coordination of Benefits,Inscope,In Scope,Initial Selection,Manual,167,1153636,0
202606,Commercial,Clinical DRG,Audit,Automated Review,Finding,Overpayment,45,422640,94863
202605,Medicaid,Clinical DRG,Approval,Approved,Audit,Automated Review,10,37310,0
202604,Commercial,Technical/Coding,Inscope,In Scope,Initial Selection,Experimental,63,442386,0
202605,Medicare,Technical/Coding,Inscope,In Scope,Initial Selection,Manual,33,295911,0
202601,Medicare,Technical/Coding,Final Selection,Clinical Review,Approval,Approved,39,66027,0
202602,Medicare,Data Mining,Final Selection,Coding Review,Approval,Approved,42,83076,0
202606,Commercial,Clinical DRG,Final Selection,Coding Review,Approval,Approved,46,162978,0
202604,Medicaid,Technical/Coding,Audit,Automated Review,Finding,No Finding,26,131274,0
202606,Medicaid,Clinical DRG,Audit,Field Audit,Finding,Overpayment,9,51183,5602
202603,Commercial,Data Mining,Approval,Approved,Audit,Field Audit,9,51336,0
202604,Commercial,Technical/Coding,Inflow,Data Mining,Inscope,Out of Scope,189,552825,0
202604,Medicaid,Coordination of Benefits,Final Selection,Coding Review,Approval,Approved,32,129440,0
202601,Commercial,Clinical DRG,Final Selection,Clinical Review,Approval,Approved,57,442662,0
202602,Commercial,Clinical DRG,Final Selection,Coding Review,Approval,Rejected,48,89808,0
202605,Commercial,Data Mining,Audit,Desk Audit,Finding,Overpayment,9,39186,9517
202601,Commercial,Data Mining,Audit,Desk Audit,Finding,Overpayment,6,45840,11582
202605,Commercial,Clinical DRG,Inscope,In Scope,Initial Selection,Experimental,46,291962,0
202604,Medicaid,Clinical DRG,Final Selection,Coding Review,Approval,Approved,32,292960,0
202602,Medicare,Technical/Coding,Audit,Field Audit,Finding,No Finding,47,411908,0
202603,Medicare,Data Mining,Inflow,Data Mining,Inscope,In Scope,143,898040,0
202606,Medicare,Data Mining,Initial Selection,Query,Final Selection,Coding Review,22,191048,0
202605,Medicare,Technical/Coding,Initial Selection,Experimental,Final Selection,Clinical Review,61,511119,0
202603,Medicare,Clinical DRG,Inflow,Random Sample,Inscope,In Scope,110,973830,0
202603,Medicare,Data Mining,Initial Selection,Query,Final Selection,Coding Review,44,277244,0
202602,Commercial,Coordination of Benefits,Inflow,Provider Referral,Inscope,Out of Scope,172,389924,0
202603,Medicare,Clinical DRG,Inscope,In Scope,Initial Selection,Manual,158,680348,0
202603,Commercial,Data Mining,Approval,Approved,Audit,Automated Review,21,172599,0
202605,Medicaid,Clinical DRG,Final Selection,Coding Review,Approval,Approved,44,322432,0
202601,Medicare,Clinical DRG,Initial Selection,Query,Final Selection,Coding Review,17,151589,0
202605,Medicaid,Clinical DRG,Inscope,In Scope,Initial Selection,Experimental,161,761369,0
202601,Medicaid,Clinical DRG,Final Selection,Coding Review,Approval,Approved,25,195800,0
202606,Commercial,Coordination of Benefits,Inscope,In Scope,Initial Selection,Query,97,360840,0
202601,Commercial,Data Mining,Final Selection,Coding Review,Approval,Approved,46,237728,0
202601,Medicare,Data Mining,Initial Selection,Manual,Final Selection,Clinical Review,70,595280,0
202606,Commercial,Data Mining,Audit,Automated Review,Finding,No Finding,13,110539,0
202601,Commercial,Data Mining,Inscope,In Scope,Initial Selection,Manual,44,165616,0
202605,Medicaid,Data Mining,Initial Selection,Query,Final Selection,Coding Review,28,243936,0
202603,Medicare,Clinical DRG,Initial Selection,Experimental,Final Selection,Clinical Review,70,604450,0
202601,Commercial,Coordination of Benefits,Audit,Field Audit,Finding,No Finding,11,93621,0
202601,Commercial,Clinical DRG,Initial Selection,Query,Final Selection,Clinical Review,40,340920,0
202603,Medicare,Data Mining,Inflow,Random Sample,Inscope,In Scope,187,1664113,0
202603,Commercial,Coordination of Benefits,Final Selection,Coding Review,Approval,Rejected,11,27280,0
202601,Medicaid,Data Mining,Final Selection,Coding Review,Approval,Rejected,29,115275,0
202606,Commercial,Coordination of Benefits,Final Selection,Coding Review,Approval,Approved,34,211820,0
202604,Medicare,Technical/Coding,Final Selection,Clinical Review,Approval,Approved,35,132930,0
202606,Medicare,Technical/Coding,Approval,Approved,Audit,Field Audit,23,217028,0
202606,Medicaid,Coordination of Benefits,Audit,Field Audit,Finding,Overpayment,20,94080,21140
202606,Commercial,Technical/Coding,Audit,Automated Review,Finding,Documentation Error,7,23723,0
202605,Medicare,Data Mining,Approval,Approved,Audit,Desk Audit,52,450476,0
202604,Medicaid,Data Mining,Final Selection,Coding Review,Approval,Approved,54,375786,0
202602,Commercial,Data Mining,Inscope,In Scope,Initial Selection,Manual,91,584857,0
202602,Commercial,Data Mining,Inflow,Provider Referral,Inscope,In Scope,120,938400,0
202602,Medicaid,Clinical DRG,Inscope,In Scope,Initial Selection,Manual,154,1246784,0
202601,Medicaid,Technical/Coding,Initial Selection,Manual,Final Selection,Clinical Review,25,180150,0
202602,Medicare,Technical/Coding,Inscope,In Scope,Initial Selection,Manual,103,183752,0
202604,Commercial,Clinical DRG,Final Selection,Coding Review,Approval,Approved,56,510328,0
202601,Medicaid,Coordination of Benefits,Audit,Desk Audit,Finding,Overpayment,20,120080,30739
202603,Medicare,Coordination of Benefits,Inflow,Data Mining,Inscope,In Scope,85,471835,0
202606,Medicare,Clinical DRG,Final Selection,Coding Review,Approval,Approved,82,504464,0
202603,Medicaid,Data Mining,Initial Selection,Manual,Final Selection,Clinical Review,54,365850,0
202605,Medicare,Coordination of Benefits,Inscope,In Scope,Initial Selection,Manual,73,657657,0
202602,Commercial,Clinical DRG,Initial Selection,Manual,Final Selection,Coding Review,46,360042,0
202603,Medicare,Coordination of Benefits,Initial Selection,Manual,Final Selection,Clinical Review,44,268840,0
202605,Commercial,Data Mining,Approval,Approved,Audit,Desk Audit,13,25272,0
202602,Commercial,Technical/Coding,Inscope,In Scope,Initial Selection,Manual,30,273360,0
202604,Medicare,Clinical DRG,Approval,Approved,Audit,Field Audit,37,338809,0
202602,Commercial,Technical/Coding,Approval,Approved,Audit,Field Audit,47,261555,0
202602,Commercial,Data Mining,Inscope,In Scope,Initial Selection,Manual,41,336159,0
202603,Commercial,Coordination of Benefits,Final Selection,Clinical Review,Approval,Approved,11,60302,0
202606,Commercial,Data Mining,Initial Selection,Query,Final Selection,Clinical Review,8,28160,0
202602,Medicare,Clinical DRG,Final Selection,Clinical Review,Approval,Approved,15,110205,0
202601,Medicare,Data Mining,Initial Selection,Query,Final Selection,Coding Review,23,213716,0
202601,Medicare,Technical/Coding,Audit,Automated Review,Finding,No Finding,5,11365,0
202606,Medicaid,Coordination of Benefits,Initial Selection,Query,Final Selection,Coding Review,12,58356,0
202603,Commercial,Data Mining,Approval,Approved,Audit,Field Audit,39,84162,0
202601,Medicaid,Data Mining,Final Selection,Clinical Review,Approval,Rejected,26,180076,0
202606,Medicare,Clinical DRG,Initial Selection,Manual,Final Selection,Clinical Review,87,546186,0
202604,Medicaid,Coordination of Benefits,Inscope,In Scope,Initial Selection,Manual,127,617474,0
202601,Medicaid,Coordination of Benefits,Initial Selection,Experimental,Final Selection,Coding Review,66,207570,0
202602,Medicare,Coordination of Benefits,Approval,Approved,Audit,Desk Audit,18,130356,0
202605,Medicare,Data Mining,Approval,Approved,Audit,Desk Audit,53,122960,0
202603,Medicaid,Data Mining,Approval,Approved,Audit,Desk Audit,25,139400,0
202601,Medicaid,Coordination of Benefits,Approval,Approved,Audit,Field Audit,26,43082,0
202601,Medicaid,Clinical DRG,Audit,Desk Audit,Finding,No Finding,30,197730,0
202604,Commercial,Technical/Coding,Inflow,Data Mining,Inscope,In Scope,165,440550,0
202601,Medicare,Technical/Coding,Approval,Approved,Audit,Desk Audit,21,154875,0
202602,Commercial,Data Mining,Inflow,Hotline,Inscope,In Scope,66,513216,0
202604,Commercial,Coordination of Benefits,Approval,Approved,Audit,Field Audit,9,39735,0
202605,Commercial,Coordination of Benefits,Initial Selection,Manual,Final Selection,Clinical Review,66,219648,0
202605,Commercial,Data Mining,Inflow,Hotline,Inscope,In Scope,25,225125,0
202604,Medicaid,Data Mining,Initial Selection,Experimental,Final Selection,Coding Review,71,673790,0
202603,Medicare,Coordination of Benefits,Approval,Approved,Audit,Automated Review,37,184075,0
202602,Medicaid,Technical/Coding,Initial Selection,Experimental,Final Selection,Clinical Review,56,198632,0
202606,Medicare,Technical/Coding,Initial Selection,Experimental,Final Selection,Coding Review,90,818550,0
202604,Commercial,Data Mining,Inscope,In Scope,Initial Selection,Query,90,497880,0
202602,Medicaid,Coordination of Benefits,Inscope,In Scope,Initial Selection,Manual,68,587792,0
202603,Commercial,Data Mining,Approval,Approved,Audit,Desk Audit,23,104972,0
202604,Medicare,Coordination of Benefits,Final Selection,Coding Review,Approval,Approved,41,356618,0
202606,Commercial,Clinical DRG,Inscope,In Scope,Initial Selection,Query,62,236406,0
202605,Commercial,Clinical DRG,Audit,Field Audit,Finding,Overpayment,27,171747,43422
202601,Commercial,Clinical DRG,Audit,Desk Audit,Finding,No Finding,5,32630,0
202601,Medicaid,Coordination of Benefits,Final Selection,Clinical Review,Approval,Approved,13,51467,0
202602,Medicaid,Data Mining,Audit,Automated Review,Finding,No Finding,9,41382,0
202603,Commercial,Technical/Coding,Inflow,Data Mining,Inscope,In Scope,171,596961,0
202601,Commercial,Clinical DRG,Audit,Field Audit,Finding,Documentation Error,35,72800,0
202601,Commercial,Coordination of Benefits,Inscope,In Scope,Initial Selection,Manual,120,303720,0
202604,Medicare,Technical/Coding,Final Selection,Coding Review,Approval,Rejected,28,157500,0
202603,Medicaid,Clinical DRG,Inflow,Provider Referral,Inscope,In Scope,62,565626,0
202605,Medicare,Technical/Coding,Initial Selection,Experimental,Final Selection,Coding Review,85,325975,0
202604,Medicaid,Technical/Coding,Inscope,In Scope,Initial Selection,Experimental,158,1090674,0
202603,Commercial,Data Mining,Audit,Field Audit,Finding,Documentation Error,23,185173,0
202604,Medicare,Coordination of Benefits,Inscope,In Scope,Initial Selection,Query,47,241251,0
202602,Commercial,Coordination of Benefits,Final Selection,Clinical Review,Approval,Approved,5,9745,0
202606,Medicare,Technical/Coding,Approval,Approved,Audit,Field Audit,53,360983,0
202601,Medicaid,Coordination of Benefits,Final Selection,Coding Review,Approval,Approved,54,371682,0
202603,Medicaid,Technical/Coding,Final Selection,Coding Review,Approval,Approved,57,420660,0
202603,Medicaid,Coordination of Benefits,Audit,Desk Audit,Finding,No Finding,14,42588,0
202606,Medicare,Clinical DRG,Final Selection,Coding Review,Approval,Approved,73,538594,0
202606,Medicare,Data Mining,Final Selection,Coding Review,Approval,Rejected,26,243100,0
202605,Medicare,Technical/Coding,Initial Selection,Manual,Final Selection,Coding Review,50,320600,0
202601,Medicaid,Coordination of Benefits,Inscope,In Scope,Initial Selection,Query,122,541680,0
202602,Commercial,Data Mining,Approval,Approved,Audit,Desk Audit,14,50848,0
202605,Medicare,Technical/Coding,Inscope,In Scope,Initial Selection,Experimental,71,274841,0
202603,Medicare,Technical/Coding,Inflow,Data Mining,Inscope,Out of Scope,156,645996,0
202601,Medicare,Technical/Coding,Initial Selection,Query,Final Selection,Coding Review,11,74679,0
202605,Commercial,Coordination of Benefits,Inscope,In Scope,Initial Selection,Manual,50,174250,0
202603,Medicare,Coordination of Benefits,Inflow,Random Sample,Inscope,In Scope,86,716294,0
202602,Medicaid,Clinical DRG,Inflow,Random Sample,Inscope,In Scope,130,1216670,0
202603,Medicaid,Data Mining,Inflow,Hotline,Inscope,In Scope,187,379236,0
202603,Medicare,Technical/Coding,Audit,Automated Review,Finding,No Finding,23,110883,0
202603,Medicare,Clinical DRG,Approval,Approved,Audit,Desk Audit,34,292774,0
202601,Medicare,Coordination of Benefits,Inscope,In Scope,Initial Selection,Experimental,157,915938,0
202601,Commercial,Clinical DRG,Inscope,In Scope,Initial Selection,Experimental,86,641646,0
202606,Medicare,Coordination of Benefits,Approval,Approved,Audit,Automated Review,9,59850,0
202606,Medicaid,Clinical DRG,Initial Selection,Experimental,Final Selection,Clinical Review,81,337932,0
202603,Medicaid,Clinical DRG,Final Selection,Coding Review,Approval,Rejected,20,189080,0
202605,Commercial,Technical/Coding,Initial Selection,Query,Final Selection,Clinical Review,78,625638,0
202604,Medicare,Data Mining,Inscope,In Scope,Initial Selection,Query,125,872875,0
202603,Commercial,Data Mining,Inscope,In Scope,Initial Selection,Manual,142,228052,0
202604,Medicaid,Clinical DRG,Initial Selection,Manual,Final Selection,Clinical Review,14,58450,0
202605,Commercial,Data Mining,Approval,Approved,Audit,Field Audit,25,161975,0
202604,Medicaid,Clinical DRG,Initial Selection,Manual,Final Selection,Coding Review,75,712425,0
202604,Medicare,Clinical DRG,Audit,Automated Review,Finding,Overpayment,8,17952,4726
202604,Commercial,Clinical DRG,Inflow,Data Mining,Inscope,In Scope,157,1320056,0
202605,Commercial,Clinical DRG,Approval,Approved,Audit,Desk Audit,53,473714,0
202604,Commercial,Clinical DRG,Final Selection,Clinical Review,Approval,Approved,15,74085,0
202605,Medicaid,Coordination of Benefits,Inflow,Hotline,Inscope,Out of Scope,149,294126,0
202603,Commercial,Clinical DRG,Audit,Automated Review,Finding,No Finding,24,187560,0
202605,Commercial,Technical/Coding,Final Selection,Coding Review,Approval,Approved,8,13584,0
202604,Medicare,Data Mining,Inscope,In Scope,Initial Selection,Query,128,322432,0
202606,Commercial,Coordination of Benefits,Final Selection,Clinical Review,Approval,Approved,31,103106,0
202603,Medicaid,Coordination of Benefits,Inflow,Random Sample,Inscope,In Scope,178,1341052,0
202606,Medicare,Technical/Coding,Inflow,Random Sample,Inscope,In Scope,185,1447995,0
202605,Commercial,Coordination of Benefits,Inflow,Hotline,Inscope,In Scope,78,513006,0
202605,Medicare,Data Mining,Final Selection,Clinical Review,Approval,Approved,42,157836,0
202605,Medicare,Data Mining,Final Selection,Coding Review,Approval,Approved,12,104556,0
202605,Medicaid,Data Mining,Inflow,Provider Referral,Inscope,In Scope,105,538755,0
202601,Medicaid,Coordination of Benefits,Final Selection,Clinical Review,Approval,Pending,20,183720,0
202601,Commercial,Clinical DRG,Audit,Automated Review,Finding,No Finding,33,304722,0
202602,Medicare,Clinical DRG,Inscope,In Scope,Initial Selection,Query,104,531440,0
202603,Medicare,Technical/Coding,Final Selection,Coding Review,Approval,Approved,27,47250,0
202606,Medicare,Clinical DRG,Final Selection,Coding Review,Approval,Approved,51,126786,0
202605,Medicare,Data Mining,Inflow,Hotline,Inscope,In Scope,159,1131285,0
202602,Medicare,Clinical DRG,Inscope,In Scope,Initial Selection,Query,55,517770,0
202603,Medicaid,Coordination of Benefits,Initial Selection,Manual,Final Selection,Coding Review,32,128736,0
202605,Medicare,Clinical DRG,Audit,Automated Review,Finding,No Finding,38,323190,0
202602,Commercial,Data Mining,Final Selection,Coding Review,Approval,Approved,36,198648,0
202602,Medicaid,Data Mining,Inflow,Random Sample,Inscope,In Scope,70,569730,0
202603,Medicare,Technical/Coding,Audit,Desk Audit,Finding,Overpayment,36,81036,11199
202603,Medicare,Coordination of Benefits,Approval,Approved,Audit,Automated Review,32,232480,0
202606,Medicaid,Clinical DRG,Final Selection,Coding Review,Approval,Approved,28,139580,0
202604,Medicare,Data Mining,Audit,Desk Audit,Finding,No Finding,30,196830,0
202604,Medicare,Technical/Coding,Initial Selection,Manual,Final Selection,Clinical Review,43,291368,0
202604,Medicare,Clinical DRG,Inscope,In Scope,Initial Selection,Manual,53,182214,0
202603,Medicare,Coordination of Benefits,Final Selection,Coding Review,Approval,Approved,13,40443,0
202603,Medicare,Coordination of Benefits,Approval,Approved,Audit,Automated Review,11,100771,0
202605,Commercial,Technical/Coding,Approval,Approved,Audit,Desk Audit,27,132219,0
202604,Medicare,Clinical DRG,Inscope,In Scope,Initial Selection,Query,138,816684,0
202605,Medicaid,Coordination of Benefits,Final Selection,Clinical Review,Approval,Approved,27,220050,0
202602,Medicaid,Clinical DRG,Initial Selection,Manual,Final Selection,Clinical Review,67,284415,0
202605,Medicaid,Coordination of Benefits,Initial Selection,Manual,Final Selection,Clinical Review,18,146646,0
202603,Commercial,Technical/Coding,Initial Selection,Experimental,Final Selection,Coding Review,41,129847,0
202606,Medicare,Technical/Coding,Final Selection,Clinical Review,Approval,Approved,32,147392,0
202601,Medicare,Clinical DRG,Inflow,Provider Referral,Inscope,In Scope,157,1124434,0
202604,Commercial,Clinical DRG,Initial Selection,Manual,Final Selection,Clinical Review,31,219604,0
202605,Medicaid,Clinical DRG,Final Selection,Clinical Review,Approval,Approved,42,387408,0
202601,Commercial,Clinical DRG,Inflow,Data Mining,Inscope,In Scope,128,1207552,0
202606,Commercial,Technical/Coding,Initial Selection,Experimental,Final Selection,Clinical Review,55,336765,0
202606,Medicare,Coordination of Benefits,Inflow,Provider Referral,Inscope,In Scope,44,171644,0
202601,Medicare,Clinical DRG,Approval,Approved,Audit,Desk Audit,47,319083,0
202601,Medicaid,Clinical DRG,Initial Selection,Manual,Final Selection,Coding Review,31,89342,0
202603,Commercial,Clinical DRG,Final Selection,Clinical Review,Approval,Approved,39,74685,0
202605,Medicaid,Data Mining,Inflow,Hotline,Inscope,In Scope,212,1906940,0
202604,Medicaid,Clinical DRG,Initial Selection,Experimental,Final Selection,Coding Review,53,313389,0
202602,Medicare,Clinical DRG,Inscope,In Scope,Initial Selection,Manual,214,962358,0
202604,Medicaid,Coordination of Benefits,Final Selection,Clinical Review,Approval,Pending,14,74886,0
202603,Commercial,Data Mining,Approval,Approved,Audit,Automated Review,27,203688,0
202603,Medicare,Technical/Coding,Inscope,In Scope,Initial Selection,Manual,154,1037806,0
202605,Commercial,Data Mining,Inflow,Data Mining,Inscope,In Scope,45,333000,0
202602,Medicaid,Coordination of Benefits,Inflow,Data Mining,Inscope,In Scope,108,1025136,0
202603,Medicare,Clinical DRG,Final Selection,Clinical Review,Approval,Approved,46,359628,0
202604,Medicaid,Technical/Coding,Inflow,Provider Referral,Inscope,In Scope,127,454279,0
202601,Commercial,Clinical DRG,Inflow,Provider Referral,Inscope,Out of Scope,189,931014,0
202606,Medicaid,Coordination of Benefits,Final Selection,Clinical Review,Approval,Approved,18,87210,0
202601,Medicaid,Coordination of Benefits,Inflow,Provider Referral,Inscope,In Scope,83,779121,0
202605,Medicaid,Data Mining,Approval,Approved,Audit,Automated Review,24,190728,0
202606,Commercial,Coordination of Benefits,Approval,Approved,Audit,Field Audit,25,42475,0
202606,Medicare,Data Mining,Inflow,Provider Referral,Inscope,Out of Scope,151,1228536,0
202604,Medicare,Clinical DRG,Final Selection,Coding Review,Approval,Pending,76,658008,0
202602,Commercial,Data Mining,Initial Selection,Experimental,Final Selection,Coding Review,53,170448,0
202602,Medicare,Data Mining,Approval,Approved,Audit,Desk Audit,10,52230,0
202601,Commercial,Data Mining,Inflow,Provider Referral,Inscope,In Scope,27,80838,0
202601,Medicaid,Coordination of Benefits,Initial Selection,Manual,Final Selection,Coding Review,66,298386,0
202603,Commercial,Data Mining,Final Selection,Coding Review,Approval,Approved,20,141040,0
202606,Commercial,Coordination of Benefits,Audit,Automated Review,Finding,No Finding,29,266278,0
202603,Medicaid,Technical/Coding,Inscope,In Scope,Initial Selection,Query,144,261648,0
202602,Commercial,Technical/Coding,Initial Selection,Manual,Final Selection,Coding Review,71,145763,0
202603,Commercial,Technical/Coding,Final Selection,Coding Review,Approval,Pending,20,149840,0
202604,Commercial,Clinical DRG,Audit,Automated Review,Finding,No Finding,45,240210,0
202602,Medicare,Data Mining,Inscope,In Scope,Initial Selection,Query,156,1416324,0
202602,Medicaid,Data Mining,Audit,Automated Review,Finding,Overpayment,12,97128,22266
202605,Medicaid,Data Mining,Initial Selection,Experimental,Final Selection,Clinical Review,57,162792,0
202604,Commercial,Data Mining,Approval,Approved,Audit,Field Audit,17,124865,0
202601,Medicare,Coordination of Benefits,Approval,Approved,Audit,Automated Review,47,260615,0
202605,Medicaid,Data Mining,Inflow,Random Sample,Inscope,In Scope,108,667548,0
202606,Medicare,Data Mining,Inscope,In Scope,Initial Selection,Query,44,113080,0
202606,Medicare,Data Mining,Inscope,In Scope,Initial Selection,Manual,157,1294779,0
202605,Commercial,Technical/Coding,Initial Selection,Query,Final Selection,Clinical Review,41,135669,0
202605,Commercial,Data Mining,Inflow,Provider Referral,Inscope,Out of Scope,171,1153737,0
202606,Medicaid,Coordination of Benefits,Final Selection,Clinical Review,Approval,Rejected,19,123671,0
202606,Medicare,Coordination of Benefits,Audit,Desk Audit,Finding,No Finding,42,101262,0
202606,Commercial,Data Mining,Final Selection,Clinical Review,Approval,Approved,13,85150,0
202606,Medicare,Coordination of Benefits,Inflow,Data Mining,Inscope,In Scope,37,61346,0
202601,Commercial,Clinical DRG,Inflow,Provider Referral,Inscope,In Scope,114,578436,0
202601,Medicaid,Clinical DRG,Approval,Approved,Audit,Desk Audit,22,177166,0
202603,Commercial,Clinical DRG,Inscope,In Scope,Initial Selection,Experimental,19,37696,0
202606,Commercial,Technical/Coding,Audit,Desk Audit,Finding,No Finding,17,119935,0
202604,Commercial,Clinical DRG,Audit,Automated Review,Finding,Documentation Error,39,324324,0
202605,Medicaid,Data Mining,Inscope,In Scope,Initial Selection,Query,53,116706,0
202601,Medicaid,Coordination of Benefits,Approval,Approved,Audit,Field Audit,26,243646,0
202606,Medicare,Data Mining,Initial Selection,Query,Final Selection,Coding Review,15,98445,0
202602,Medicare,Clinical DRG,Approval,Approved,Audit,Automated Review,8,39712,0
202602,Medicare,Data Mining,Initial Selection,Manual,Final Selection,Clinical Review,14,95578,0
202606,Commercial,Technical/Coding,Inflow,Data Mining,Inscope,In Scope,88,691944,0
202601,Commercial,Data Mining,Approval,Approved,Audit,Desk Audit,14,58730,0
202606,Commercial,Clinical DRG,Final Selection,Coding Review,Approval,Approved,7,59171,0
202602,Medicare,Technical/Coding,Approval,Approved,Audit,Field Audit,54,187272,0
202606,Medicare,Coordination of Benefits,Inscope,In Scope,Initial Selection,Experimental,132,1081608,0
202604,Medicaid,Clinical DRG,Inscope,In Scope,Initial Selection,Experimental,68,365636,0
202605,Medicaid,Coordination of Benefits,Inscope,In Scope,Initial Selection,Manual,110,549450,0
202603,Medicaid,Coordination of Benefits,Audit,Automated Review,Finding,No Finding,13,106145,0
202606,Commercial,Data Mining,Audit,Automated Review,Finding,No Finding,24,60600,0
202601,Medicare,Coordination of Benefits,Inscope,In Scope,Initial Selection,Manual,63,113337,0
202605,Commercial,Clinical DRG,Initial Selection,Experimental,Final Selection,Clinical Review,16,135808,0
202603,Medicaid,Coordination of Benefits,Approval,Approved,Audit,Automated Review,23,168406,0
202602,Medicaid,Data Mining,Approval,Approved,Audit,Desk Audit,23,145521,0
202601,Commercial,Technical/Coding,Inflow,Hotline,Inscope,Out of Scope,82,445506,0
202602,Medicare,Data Mining,Inscope,In Scope,Initial Selection,Manual,23,77556,0
202602,Medicare,Coordination of Benefits,Approval,Approved,Audit,Desk Audit,49,81046,0
202602,Commercial,Coordination of Benefits,Initial Selection,Experimental,Final Selection,Coding Review,46,432078,0
202604,Medicaid,Technical/Coding,Audit,Field Audit,Finding,Documentation Error,41,257439,0
202602,Commercial,Coordination of Benefits,Final Selection,Coding Review,Approval,Approved,9,55998,0
202606,Medicare,Coordination of Benefits,Audit,Field Audit,Finding,No Finding,8,17616,0
202601,Medicaid,Technical/Coding,Final Selection,Coding Review,Approval,Approved,56,331632,0
202604,Medicare,Coordination of Benefits,Final Selection,Coding Review,Approval,Rejected,13,31811,0
202602,Medicaid,Coordination of Benefits,Audit,Desk Audit,Finding,Overpayment,4,32496,2693
202601,Medicaid,Data Mining,Inscope,In Scope,Initial Selection,Query,102,747558,0
202602,Commercial,Technical/Coding,Audit,Field Audit,Finding,Documentation Error,29,79489,0
202605,Medicaid,Technical/Coding,Inscope,In Scope,Initial Selection,Manual,105,755370,0
202606,Commercial,Technical/Coding,Inflow,Data Mining,Inscope,In Scope,80,597360,0
202604,Medicaid,Coordination of Benefits,Approval,Approved,Audit,Desk Audit,4,21864,0
202602,Medicare,Clinical DRG,Approval,Approved,Audit,Automated Review,46,184736,0
202602,Commercial,Data Mining,Initial Selection,Experimental,Final Selection,Clinical Review,59,440671,0
202602,Medicaid,Data Mining,Inscope,In Scope,Initial Selection,Manual,43,288831,0
202606,Commercial,Coordination of Benefits,Initial Selection,Query,Final Selection,Clinical Review,56,98504,0
202601,Medicaid,Clinical DRG,Inflow,Provider Referral,Inscope,In Scope,221,1327105,0
202603,Commercial,Technical/Coding,Inscope,In Scope,Initial Selection,Experimental,54,391662,0
202601,Medicare,Technical/Coding,Final Selection,Clinical Review,Approval,Pending,18,47808,0
202602,Medicaid,Clinical DRG,Inscope,In Scope,Initial Selection,Manual,58,410930,0
202603,Commercial,Technical/Coding,Audit,Field Audit,Finding,Overpayment,24,103440,24967
202605,Medicare,Data Mining,Approval,Approved,Audit,Automated Review,39,71994,0
202605,Medicare,Data Mining,Audit,Field Audit,Finding,Overpayment,25,212075,55133
202604,Commercial,Data Mining,Approval,Approved,Audit,Automated Review,20,33500,0
202602,Medicare,Clinical DRG,Initial Selection,Query,Final Selection,Clinical Review,38,80788,0
202601,Medicaid,Clinical DRG,Final Selection,Coding Review,Approval,Approved,42,68670,0
202601,Commercial,Coordination of Benefits,Initial Selection,Experimental,Final Selection,Clinical Review,8,19336,0
202603,Commercial,Clinical DRG,Final Selection,Coding Review,Approval,Approved,49,457856,0
202604,Commercial,Technical/Coding,Approval,Approved,Audit,Field Audit,21,50085,0
202601,Medicaid,Clinical DRG,Initial Selection,Manual,Final Selection,Coding Review,86,424926,0
202605,Commercial,Data Mining,Inflow,Data Mining,Inscope,In Scope,211,618230,0
202606,Medicaid,Coordination of Benefits,Inscope,In Scope,Initial Selection,Query,35,245420,0
202605,Medicare,Coordination of Benefits,Approval,Approved,Audit,Automated Review,41,215045,0
202606,Medicaid,Technical/Coding,Initial Selection,Query,Final Selection,Coding Review,69,591330,0
202606,Medicaid,Data Mining,Final Selection,Clinical Review,Approval,Pending,53,462690,0
202606,Medicare,Coordination of Benefits,Inflow,Provider Referral,Inscope,In Scope,107,851613,0
202602,Medicaid,Coordination of Benefits,Approval,Approved,Audit,Automated Review,26,136448,0
202606,Commercial,Technical/Coding,Final Selection,Clinical Review,Approval,Approved,35,135205,0
202605,Commercial,Clinical DRG,Inscope,In Scope,Initial Selection,Manual,88,719136,0
202605,Commercial,Clinical DRG,Audit,Automated Review,Finding,No Finding,45,272340,0
202604,Medicare,Coordination of Benefits,Inscope,In Scope,Initial Selection,Query,57,262998,0
202606,Medicaid,Coordination of Benefits,Audit,Automated Review,Finding,No Finding,10,19700,0
202603,Commercial,Coordination of Benefits,Approval,Approved,Audit,Desk Audit,24,135888,0
202605,Commercial,Clinical DRG,Inflow,Data Mining,Inscope,In Scope,186,1512552,0
202605,Medicare,Clinical DRG,Audit,Field Audit,Finding,No Finding,33,164076,0
202602,Medicaid,Coordination of Benefits,Initial Selection,Experimental,Final Selection,Clinical Review,35,56140,0
202605,Commercial,Coordination of Benefits,Approval,Approved,Audit,Automated Review,6,48822,0
202601,Medicaid,Technical/Coding,Inscope,In Scope,Initial Selection,Query,55,258720,0
202606,Commercial,Data Mining,Inflow,Provider Referral,Inscope,Out of Scope,66,252780,0
202604,Medicaid,Clinical DRG,Inscope,In Scope,Initial Selection,Manual,120,468000,0
202604,Medicare,Clinical DRG,Audit,Desk Audit,Finding,No Finding,39,255450,0
202606,Medicaid,Technical/Coding,Final Selection,Clinical Review,Approval,Approved,29,211729,0
202604,Medicare,Technical/Coding,Inscope,In Scope,Initial Selection,Query,132,942744,0
202603,Medicare,Coordination of Benefits,Audit,Automated Review,Finding,Documentation Error,29,250879,0
202605,Commercial,Data Mining,Approval,Approved,Audit,Field Audit,42,156030,0
202602,Commercial,Data Mining,Final Selection,Clinical Review,Approval,Approved,40,66800,0
202606,Medicare,Data Mining,Inscope,In Scope,Initial Selection,Query,140,891800,0
202605,Commercial,Coordination of Benefits,Initial Selection,Query,Final Selection,Coding Review,52,364104,0
202603,Medicaid,Coordination of Benefits,Inflow,Provider Referral,Inscope,In Scope,146,1316628,0
202602,Commercial,Data Mining,Inscope,In Scope,Initial Selection,Query,71,279243,0
202606,Medicare,Coordination of Benefits,Final Selection,Coding Review,Approval,Pending,13,94211,0
202604,Medicare,Coordination of Benefits,Inscope,In Scope,Initial Selection,Query,110,364540,0
202605,Commercial,Coordination of Benefits,Audit,Automated Review,Finding,No Finding,24,184032,0
202601,Medicaid,Data Mining,Initial Selection,Experimental,Final Selection,Coding Review,43,247508,0
202602,Commercial,Data Mining,Initial Selection,Query,Final Selection,Coding Review,68,416364,0
202601,Medicaid,Data Mining,Approval,Approved,Audit,Automated Review,16,65776,0
202606,Medicare,Data Mining,Audit,Desk Audit,Finding,Overpayment,26,180492,38622
202606,Medicaid,Data Mining,Final Selection,Clinical Review,Approval,Rejected,49,333984,0
202602,Medicaid,Clinical DRG,Audit,Automated Review,Finding,Overpayment,30,179370,22166
202605,Medicare,Technical/Coding,Inscope,In Scope,Initial Selection,Query,129,546186,0
202603,Medicare,Technical/Coding,Inscope,In Scope,Initial Selection,Query,151,662135,0
202602,Commercial,Coordination of Benefits,Audit,Desk Audit,Finding,No Finding,11,25432,0
202602,Commercial,Data Mining,Initial Selection,Manual,Final Selection,Clinical Review,25,104200,0
202606,Commercial,Coordination of Benefits,Inflow,Hotline,Inscope,In Scope,51,191250,0
202605,Commercial,Clinical DRG,Inscope,In Scope,Initial Selection,Experimental,66,250404,0
202604,Medicaid,Clinical DRG,Initial Selection,Query,Final Selection,Coding Review,40,354360,0
202601,Commercial,Technical/Coding,Audit,Field Audit,Finding,No Finding,19,138548,0
202604,Medicare,Technical/Coding,Inflow,Provider Referral,Inscope,In Scope,170,622200,0
202601,Medicare,Data Mining,Initial Selection,Query,Final Selection,Coding Review,82,373264,0
202605,Medicaid,Data Mining,Final Selection,Clinical Review,Approval,Approved,12,73356,0
202605,Medicare,Clinical DRG,Audit,Desk Audit,Finding,No Finding,49,381759,0
202601,Medicaid,Coordination of Benefits,Inflow,Random Sample,Inscope,In Scope,43,387946,0
202602,Medicare,Technical/Coding,Approval,Approved,Audit,Field Audit,48,87168,0
202603,Medicaid,Coordination of Benefits,Initial Selection,Query,Final Selection,Coding Review,33,119922,0
202606,Medicare,Coordination of Benefits,Initial Selection,Query,Final Selection,Clinical Review,37,235172,0
202603,Medicare,Technical/Coding,Final Selection,Clinical Review,Approval,Approved,42,69468,0
202604,Medicaid,Data Mining,Approval,Approved,Audit,Automated Review,16,56016,0
202606,Medicare,Data Mining,Final Selection,Clinical Review,Approval,Approved,51,107355,0
202603,Commercial,Data Mining,Inflow,Provider Referral,Inscope,In Scope,178,1366506,0
202602,Medicaid,Data Mining,Audit,Automated Review,Finding,Documentation Error,39,107796,0
202604,Commercial,Clinical DRG,Inscope,In Scope,Initial Selection,Manual,128,670464,0
202603,Medicaid,Clinical DRG,Final Selection,Clinical Review,Approval,Approved,53,100912,0
202604,Commercial,Data Mining,Inflow,Provider Referral,Inscope,Out of Scope,174,432042,0
202602,Medicare,Clinical DRG,Inscope,In Scope,Initial Selection,Manual,167,312457,0
202604,Medicaid,Data Mining,Inscope,In Scope,Initial Selection,Manual,140,308700,0
202605,Commercial,Technical/Coding,Audit,Desk Audit,Finding,No Finding,40,139760,0
202605,Commercial,Clinical DRG,Audit,Automated Review,Finding,Overpayment,23,184345,38668
202602,Medicare,Clinical DRG,Initial Selection,Manual,Final Selection,Clinical Review,20,58140,0
202602,Medicaid,Clinical DRG,Inflow,Data Mining,Inscope,Out of Scope,171,600210,0
202606,Medicaid,Data Mining,Audit,Field Audit,Finding,Overpayment,37,75591,10817
202605,Commercial,Coordination of Benefits,Final Selection,Coding Review,Approval,Rejected,36,332892,0
202602,Medicare,Data Mining,Inscope,In Scope,Initial Selection,Manual,150,877050,0
202606,Commercial,Clinical DRG,Inflow,Data Mining,Inscope,In Scope,181,1110073,0
202601,Medicaid,Coordination of Benefits,Final Selection,Coding Review,Approval,Approved,39,165906,0
202602,Commercial,Coordination of Benefits,Final Selection,Coding Review,Approval,Approved,37,185555,0
202606,Medicare,Data Mining,Initial Selection,Query,Final Selection,Clinical Review,67,248235,0
202603,Medicare,Coordination of Benefits,Final Selection,Clinical Review,Approval,Approved,38,277096,0
202603,Medicaid,Data Mining,Approval,Approved,Audit,Desk Audit,5,41195,0
202606,Commercial,Coordination of Benefits,Final Selection,Coding Review,Approval,Approved,31,246512,0
202601,Medicaid,Clinical DRG,Inscope,In Scope,Initial Selection,Experimental,50,303500,0
202603,Medicare,Data Mining,Approval,Approved,Audit,Automated Review,13,75387,0
202602,Medicaid,Clinical DRG,Audit,Automated Review,Finding,No Finding,17,43843,0
202604,Medicare,Clinical DRG,Initial Selection,Manual,Final Selection,Coding Review,19,130853,0
202605,Medicaid,Clinical DRG,Initial Selection,Query,Final Selection,Coding Review,47,284162,0
202605,Medicare,Technical/Coding,Inflow,Random Sample,Inscope,In Scope,170,1483420,0
202605,Medicaid,Clinical DRG,Inscope,In Scope,Initial Selection,Query,58,519216,0
202601,Medicare,Coordination of Benefits,Inscope,In Scope,Initial Selection,Manual,85,604095,0
202606,Medicaid,Clinical DRG,Final Selection,Clinical Review,Approval,Approved,53,121953,0
202605,Commercial,Coordination of Benefits,Approval,Approved,Audit,Field Audit,4,36904,0
202606,Medicare,Data Mining,Inflow,Random Sample,Inscope,In Scope,54,248724,0
202602,Medicare,Data Mining,Final Selection,Clinical Review,Approval,Approved,11,60060,0
202603,Medicare,Coordination of Benefits,Inscope,In Scope,Initial Selection,Query,117,742131,0
202603,Commercial,Data Mining,Approval,Approved,Audit,Desk Audit,12,82908,0
202603,Medicaid,Clinical DRG,Audit,Desk Audit,Finding,No Finding,8,18800,0
202601,Commercial,Clinical DRG,Inflow,Random Sample,Inscope,In Scope,55,311630,0
202605,Commercial,Coordination of Benefits,Inflow,Data Mining,Inscope,In Scope,29,81693,0
202603,Commercial,Coordination of Benefits,Approval,Approved,Audit,Desk Audit,39,359580,0
202606,Medicare,Technical/Coding,Inflow,Provider Referral,Inscope,In Scope,231,695310,0
202605,Medicaid,Coordination of Benefits,Approval,Approved,Audit,Desk Audit,26,185250,0
202606,Commercial,Coordination of Benefits,Audit,Desk Audit,Finding,Documentation Error,19,80408,0
202605,Commercial,Data Mining,Audit,Field Audit,Finding,No Finding,34,100912,0
202603,Medicare,Data Mining,Audit,Automated Review,Finding,No Finding,42,322476,0
202603,Commercial,Technical/Coding,Inflow,Hotline,Inscope,In Scope,93,234825,0
202603,Commercial,Technical/Coding,Final Selection,Coding Review,Approval,Approved,59,474714,0
202606,Medicaid,Clinical DRG,Inscope,In Scope,Initial Selection,Query,178,1178004,0
202602,Medicaid,Data Mining,Final Selection,Coding Review,Approval,Approved,13,99983,0
202606,Medicaid,Clinical DRG,Approval,Approved,Audit,Desk Audit,53,123172,0
202604,Medicaid,Clinical DRG,Initial Selection,Experimental,Final Selection,Clinical Review,78,374556,0
202605,Commercial,Clinical DRG,Initial Selection,Query,Final Selection,Coding Review,11,64053,0
202601,Medicare,Coordination of Benefits,Approval,Approved,Audit,Desk Audit,46,90574,0
202606,Medicaid,Data Mining,Initial Selection,Query,Final Selection,Clinical Review,52,346112,0
202605,Commercial,Data Mining,Inscope,In Scope,Initial Selection,Manual,139,499566,0
202603,Medicare,Data Mining,Audit,Automated Review,Finding,Overpayment,10,23410,5110
202601,Commercial,Coordination of Benefits,Audit,Desk Audit,Finding,Documentation Error,12,59532,0
202606,Medicaid,Coordination of Benefits,Approval,Approved,Audit,Automated Review,8,28704,0
202603,Commercial,Data Mining,Inflow,Data Mining,Inscope,In Scope,170,904060,0
202606,Commercial,Technical/Coding,Audit,Field Audit,Finding,No Finding,27,45036,0
202601,Medicare,Technical/Coding,Audit,Field Audit,Finding,No Finding,23,152881,0
202604,Commercial,Technical/Coding,Inflow,Hotline,Inscope,Out of Scope,96,583488,0
202602,Commercial,Data Mining,Approval,Approved,Audit,Field Audit,11,23386,0
202603,Medicaid,Coordination of Benefits,Approval,Approved,Audit,Desk Audit,22,36080,0
202603,Medicare,Technical/Coding,Final Selection,Clinical Review,Approval,Approved,52,474604,0
202603,Commercial,Data Mining,Inscope,In Scope,Initial Selection,Manual,28,149856,0
202602,Medicaid,Coordination of Benefits,Approval,Approved,Audit,Automated Review,21,171318,0
202602,Commercial,Technical/Coding,Final Selection,Coding Review,Approval,Rejected,62,316510,0
202605,Commercial,Data Mining,Approval,Approved,Audit,Automated Review,21,84021,0
202603,Medicaid,Coordination of Benefits,Final Selection,Coding Review,Approval,Pending,19,73606,0
202601,Medicare,Technical/Coding,Audit,Automated Review,Finding,Documentation Error,16,80112,0
202601,Commercial,Coordination of Benefits,Approval,Approved,Audit,Desk Audit,25,108150,0
202606,Medicare,Technical/Coding,Initial Selection,Query,Final Selection,Coding Review,62,405356,0
202601,Medicare,Technical/Coding,Initial Selection,Experimental,Final Selection,Clinical Review,39,215280,0
202605,Medicare,Data Mining,Audit,Automated Review,Finding,No Finding,10,91450,0
202601,Medicaid,Data Mining,Approval,Approved,Audit,Desk Audit,11,80784,0
202602,Medicare,Data Mining,Inflow,Random Sample,Inscope,In Scope,95,555465,0
202601,Medicaid,Technical/Coding,Inflow,Random Sample,Inscope,In Scope,206,549814,0
202604,Commercial,Coordination of Benefits,Inscope,In Scope,Initial Selection,Manual,139,723356,0
202606,Medicare,Data Mining,Inflow,Random Sample,Inscope,In Scope,70,274960,0
202603,Medicaid,Coordination of Benefits,Final Selection,Clinical Review,Approval,Rejected,52,426712,0
202601,Medicare,Clinical DRG,Inscope,In Scope,Initial Selection,Query,66,407022,0
202604,Commercial,Clinical DRG,Final Selection,Coding Review,Approval,Approved,57,503025,0
202603,Medicaid,Coordination of Benefits,Approval,Approved,Audit,Desk Audit,21,108087,0
202603,Commercial,Coordination of Benefits,Inflow,Provider Referral,Inscope,In Scope,134,961450,0
202605,Medicare,Coordination of Benefits,Inscope,In Scope,Initial Selection,Experimental,137,806382,0
202606,Commercial,Data Mining,Final Selection,Clinical Review,Approval,Rejected,25,210825,0
202605,Medicaid,Data Mining,Approval,Approved,Audit,Desk Audit,31,275745,0
202602,Commercial,Coordination of Benefits,Final Selection,Clinical Review,Approval,Approved,7,25102,0
202601,Commercial,Technical/Coding,Audit,Desk Audit,Finding,No Finding,28,172200,0
202604,Medicare,Technical/Coding,Inscope,In Scope,Initial Selection,Experimental,66,574596,0
202604,Medicaid,Data Mining,Initial Selection,Manual,Final Selection,Coding Review,67,370912,0
202605,Medicaid,Technical/Coding,Final Selection,Coding Review,Approval,Approved,16,94960,0
202604,Commercial,Data Mining,Inflow,Data Mining,Inscope,In Scope,136,1234472,0
202604,Medicaid,Technical/Coding,Initial Selection,Query,Final Selection,Coding Review,73,121107,0
202604,Medicare,Technical/Coding,Inscope,In Scope,Initial Selection,Query,95,784890,0
202606,Commercial,Coordination of Benefits,Final Selection,Clinical Review,Approval,Approved,29,87609,0
202602,Commercial,Technical/Coding,Final Selection,Coding Review,Approval,Approved,57,108243,0
202601,Medicaid,Coordination of Benefits,Inscope,In Scope,Initial Selection,Query,124,791616,0
202604,Medicare,Clinical DRG,Inscope,In Scope,Initial Selection,Manual,173,1225186,0
202602,Medicare,Coordination of Benefits,Final Selection,Clinical Review,Approval,Approved,17,137020,0
202603,Medicare,Technical/Coding,Initial Selection,Query,Final Selection,Clinical Review,51,299319,0
202605,Commercial,Technical/Coding,Approval,Approved,Audit,Automated Review,30,207540,0
202601,Medicaid,Clinical DRG,Inflow,Random Sample,Inscope,In Scope,184,1104368,0
202601,Medicaid,Data Mining,Audit,Field Audit,Finding,No Finding,31,166470,0
202602,Commercial,Data Mining,Initial Selection,Query,Final Selection,Coding Review,30,284880,0
202603,Commercial,Coordination of Benefits,Audit,Automated Review,Finding,No Finding,31,107539,0
202602,Medicare,Technical/Coding,Approval,Approved,Audit,Automated Review,17,66657,0
202605,Commercial,Coordination of Benefits,Initial Selection,Experimental,Final Selection,Clinical Review,55,285175,0
202601,Medicare,Data Mining,Inscope,In Scope,Initial Selection,Query,71,660300,0
202603,Commercial,Coordination of Benefits,Inscope,In Scope,Initial Selection,Manual,86,428194,0
202601,Commercial,Coordination of Benefits,Inscope,In Scope,Initial Selection,Manual,121,240306,0
202602,Medicare,Clinical DRG,Audit,Desk Audit,Finding,No Finding,35,199010,0
202601,Medicaid,Technical/Coding,Approval,Approved,Audit,Desk Audit,29,176987,0
202605,Medicare,Coordination of Benefits,Approval,Approved,Audit,Desk Audit,42,72996,0
202601,Medicaid,Technical/Coding,Inscope,In Scope,Initial Selection,Manual,167,537573,0
202603,Medicaid,Data Mining,Inflow,Data Mining,Inscope,In Scope,129,725238,0
202602,Commercial,Data Mining,Inflow,Hotline,Inscope,Out of Scope,104,684424,0
202604,Commercial,Coordination of Benefits,Final Selection,Coding Review,Approval,Approved,33,144870,0
202605,Medicaid,Coordination of Benefits,Initial Selection,Manual,Final Selection,Coding Review,30,268320,0
202606,Medicare,Data Mining,Inscope,In Scope,Initial Selection,Query,78,453180,0
202603,Medicaid,Clinical DRG,Approval,Approved,Audit,Field Audit,16,115984,0
202603,Medicare,Coordination of Benefits,Inscope,In Scope,Initial Selection,Experimental,139,1103243,0
202605,Commercial,Technical/Coding,Inflow,Random Sample,Inscope,In Scope,47,411579,0
202601,Commercial,Technical/Coding,Inflow,Hotline,Inscope,Out of Scope,115,646875,0
202603,Commercial,Coordination of Benefits,Initial Selection,Manual,Final Selection,Clinical Review,21,40530,0
202606,Medicare,Data Mining,Audit,Field Audit,Finding,No Finding,17,91698,0
202602,Medicare,Technical/Coding,Initial Selection,Manual,Final Selection,Clinical Review,84,383712,0
202606,Medicare,Technical/Coding,Audit,Desk Audit,Finding,No Finding,45,176850,0
202603,Medicare,Technical/Coding,Approval,Approved,Audit,Automated Review,35,122955,0
202603,Commercial,Clinical DRG,Approval,Approved,Audit,Desk Audit,53,395857,0
202601,Commercial,Clinical DRG,Initial Selection,Experimental,Final Selection,Coding Review,24,107904,0
202604,Commercial,Coordination of Benefits,Approval,Approved,Audit,Field Audit,17,156026,0
202604,Commercial,Coordination of Benefits,Inflow,Data Mining,Inscope,In Scope,155,548390,0
202602,Medicaid,Coordination of Benefits,Final Selection,Clinical Review,Approval,Approved,40,92480,0
202601,Medicare,Coordination of Benefits,Audit,Automated Review,Finding,Documentation Error,16,130592,0
202605,Commercial,Coordination of Benefits,Final Selection,Clinical Review,Approval,Approved,38,299592,0
202606,Commercial,Data Mining,Audit,Desk Audit,Finding,Documentation Error,21,127659,0
202604,Medicare,Technical/Coding,Final Selection,Clinical Review,Approval,Approved,18,45900,0
202601,Medicare,Clinical DRG,Inscope,In Scope,Initial Selection,Experimental,191,624379,0
202605,Medicare,Technical/Coding,Inflow,Provider Referral,Inscope,In Scope,121,749111,0
202601,Medicare,Clinical DRG,Approval,Approved,Audit,Field Audit,56,278656,0
202603,Medicaid,Technical/Coding,Inscope,In Scope,Initial Selection,Experimental,37,264106,0
202605,Commercial,Clinical DRG,Approval,Approved,Audit,Desk Audit,18,57132,0
202603,Medicaid,Technical/Coding,Inflow,Random Sample,Inscope,Out of Scope,84,657552,0
202604,Commercial,Data Mining,Final Selection,Clinical Review,Approval,Pending,49,431592,0
202606,Medicare,Data Mining,Inflow,Provider Referral,Inscope,Out of Scope,86,624188,0
202605,Commercial,Clinical DRG,Approval,Approved,Audit,Automated Review,53,415944,0
202604,Medicaid,Clinical DRG,Initial Selection,Manual,Final Selection,Clinical Review,78,256386,0
202602,Medicare,Technical/Coding,Initial Selection,Query,Final Selection,Coding Review,53,96831,0
202604,Medicare,Coordination of Benefits,Approval,Approved,Audit,Automated Review,24,49800,0
202606,Medicaid,Data Mining,Initial Selection,Experimental,Final Selection,Clinical Review,64,553088,0
202606,Medicaid,Technical/Coding,Inscope,In Scope,Initial Selection,Experimental,158,1218812,0
202602,Medicare,Data Mining,Inflow,Data Mining,Inscope,In Scope,203,1162581,0
202606,Medicare,Clinical DRG,Audit,Automated Review,Finding,No Finding,51,104499,0
202603,Commercial,Data Mining,Inflow,Data Mining,Inscope,In Scope,151,998563,0
202604,Medicare,Clinical DRG,Final Selection,Coding Review,Approval,Rejected,10,17110,0
202603,Commercial,Coordination of Benefits,Final Selection,Coding Review,Approval,Approved,39,140829,0
202606,Medicare,Technical/Coding,Inscope,In Scope,Initial Selection,Manual,127,315595,0
202606,Commercial,Coordination of Benefits,Approval,Approved,Audit,Automated Review,30,169740,0
202601,Medicaid,Clinical DRG,Approval,Approved,Audit,Desk Audit,17,57307,0
202603,Medicare,Clinical DRG,Final Selection,Coding Review,Approval,Rejected,77,432817,0
202603,Medicaid,Technical/Coding,Approval,Approved,Audit,Desk Audit,24,156312,0
202606,Medicare,Data Mining,Inscope,In Scope,Initial Selection,Query,83,753806,0
202605,Commercial,Technical/Coding,Audit,Field Audit,Finding,No Finding,19,145996,0
202603,Medicaid,Coordination of Benefits,Inflow,Data Mining,Inscope,In Scope,45,401625,0
202605,Medicaid,Clinical DRG,Inscope,In Scope,Initial Selection,Query,53,422675,0
202602,Medicaid,Data Mining,Approval,Approved,Audit,Field Audit,30,96030,0
202604,Commercial,Technical/Coding,Inscope,In Scope,Initial Selection,Query,22,81708,0
202606,Medicare,Data Mining,Initial Selection,Query,Final Selection,Clinical Review,38,189430,0
202604,Medicaid,Data Mining,Audit,Field Audit,Finding,Documentation Error,15,36060,0
202604,Medicare,Data Mining,Inflow,Data Mining,Inscope,In Scope,89,219385,0
202604,Medicaid,Coordination of Benefits,Inscope,In Scope,Initial Selection,Query,20,51960,0
202603,Medicaid,Coordination of Benefits,Inflow,Provider Referral,Inscope,In Scope,188,715528,0
202603,Medicare,Coordination of Benefits,Final Selection,Clinical Review,Approval,Approved,54,224208,0
202606,Medicare,Data Mining,Inflow,Provider Referral,Inscope,In Scope,131,336408,0
202601,Medicaid,Data Mining,Inflow,Data Mining,Inscope,Out of Scope,40,93240,0
202605,Commercial,Technical/Coding,Final Selection,Clinical Review,Approval,Rejected,29,127107,0
202606,Commercial,Coordination of Benefits,Final Selection,Coding Review,Approval,Rejected,15,115110,0
202604,Commercial,Technical/Coding,Final Selection,Coding Review,Approval,Pending,58,494566,0
202602,Medicaid,Data Mining,Inflow,Hotline,Inscope,In Scope,69,274344,0
202606,Medicaid,Coordination of Benefits,Initial Selection,Query,Final Selection,Coding Review,33,235158,0
202604,Medicaid,Clinical DRG,Inflow,Data Mining,Inscope,Out of Scope,51,120309,0
202605,Medicaid,Technical/Coding,Inscope,In Scope,Initial Selection,Query,58,341098,0
202604,Commercial,Data Mining,Initial Selection,Experimental,Final Selection,Clinical Review,15,104070,0
202606,Medicaid,Technical/Coding,Final Selection,Clinical Review,Approval,Approved,52,418028,0
202601,Commercial,Coordination of Benefits,Audit,Automated Review,Finding,No Finding,33,211068,0
202602,Medicaid,Clinical DRG,Audit,Automated Review,Finding,No Finding,25,179850,0
202603,Medicare,Clinical DRG,Inflow,Data Mining,Inscope,In Scope,260,2100020,0
202603,Medicare,Technical/Coding,Initial Selection,Experimental,Final Selection,Coding Review,67,256476,0
202602,Commercial,Data Mining,Final Selection,Clinical Review,Approval,Approved,31,93434,0
202604,Commercial,Coordination of Benefits,Audit,Automated Review,Finding,No Finding,30,78480,0
202603,Medicare,Coordination of Benefits,Initial Selection,Query,Final Selection,Coding Review,41,209264,0
202605,Medicaid,Coordination of Benefits,Inscope,In Scope,Initial Selection,Experimental,131,957217,0
202604,Commercial,Coordination of Benefits,Final Selection,Clinical Review,Approval,Approved,14,79800,0
202601,Medicare,Clinical DRG,Final Selection,Clinical Review,Approval,Approved,48,157248,0
202603,Medicaid,Data Mining,Approval,Approved,Audit,Field Audit,21,134232,0
202602,Medicare,Coordination of Benefits,Audit,Desk Audit,Finding,No Finding,36,120348,0
202605,Medicare,Technical/Coding,Final Selection,Coding Review,Approval,Rejected,49,321636,0
202604,Commercial,Clinical DRG,Audit,Automated Review,Finding,Documentation Error,7,16387,0
202604,Medicare,Data Mining,Approval,Approved,Audit,Desk Audit,48,321744,0
202603,Commercial,Coordination of Benefits,Final Selection,Coding Review,Approval,Pending,46,351854,0
202602,Medicare,Coordination of Benefits,Approval,Approved,Audit,Field Audit,10,73240,0
202603,Medicare,Technical/Coding,Initial Selection,Experimental,Final Selection,Clinical Review,25,201200,0
202605,Medicare,Technical/Coding,Final Selection,Clinical Review,Approval,Approved,73,398945,0
202606,Medicaid,Data Mining,Audit,Field Audit,Finding,No Finding,27,70767,0
202606,Medicare,Clinical DRG,Inscope,In Scope,Initial Selection,Experimental,112,430416,0
202606,Medicaid,Data Mining,Inflow,Provider Referral,Inscope,In Scope,154,410256,0
202606,Commercial,Clinical DRG,Approval,Approved,Audit,Automated Review,45,400095,0
202605,Commercial,Coordination of Benefits,Inflow,Provider Referral,Inscope,In Scope,139,359871,0
202601,Medicaid,Clinical DRG,Inflow,Hotline,Inscope,Out of Scope,99,364815,0
202604,Commercial,Clinical DRG,Inflow,Data Mining,Inscope,In Scope,181,967807,0
202603,Medicaid,Technical/Coding,Audit,Field Audit,Finding,Documentation Error,27,90261,0
202606,Commercial,Coordination of Benefits,Audit,Desk Audit,Finding,No Finding,30,212430,0
202604,Medicaid,Data Mining,Final Selection,Clinical Review,Approval,Approved,41,253831,0
202601,Commercial,Technical/Coding,Initial Selection,Manual,Final Selection,Clinical Review,16,46144,0
202601,Commercial,Clinical DRG,Approval,Approved,Audit,Automated Review,29,161153,0
202605,Commercial,Clinical DRG,Approval,Approved,Audit,Field Audit,30,226890,0
202601,Medicare,Data Mining,Initial Selection,Experimental,Final Selection,Coding Review,60,201660,0
202605,Commercial,Coordination of Benefits,Final Selection,Clinical Review,Approval,Approved,27,210843,0
202606,Commercial,Technical/Coding,Inflow,Provider Referral,Inscope,Out of Scope,70,503580,0
202606,Medicaid,Clinical DRG,Audit,Automated Review,Finding,No Finding,5,26305,0
202601,Medicare,Data Mining,Approval,Approved,Audit,Field Audit,36,279288,0
202606,Medicaid,Data Mining,Approval,Approved,Audit,Desk Audit,30,244740,0
202606,Medicare,Technical/Coding,Initial Selection,Experimental,Final Selection,Clinical Review,25,177700,0
202606,Commercial,Data Mining,Final Selection,Coding Review,Approval,Approved,30,277500,0
202606,Medicare,Data Mining,Initial Selection,Manual,Final Selection,Coding Review,83,327518,0
202606,Medicaid,Coordination of Benefits,Final Selection,Coding Review,Approval,Approved,30,163710,0
202604,Medicaid,Coordination of Benefits,Inflow,Data Mining,Inscope,In Scope,117,748800,0
202603,Medicaid,Data Mining,Approval,Approved,Audit,Desk Audit,46,88780,0
202602,Medicaid,Coordination of Benefits,Inscope,In Scope,Initial Selection,Manual,82,251740,0
202604,Commercial,Technical/Coding,Inflow,Data Mining,Inscope,In Scope,207,990702,0
202606,Medicaid,Coordination of Benefits,Inscope,In Scope,Initial Selection,Experimental,49,175322,0
202601,Commercial,Clinical DRG,Final Selection,Coding Review,Approval,Approved,9,68400,0
202604,Medicare,Coordination of Benefits,Inflow,Random Sample,Inscope,In Scope,61,421022,0
202602,Medicaid,Data Mining,Final Selection,Coding Review,Approval,Approved,14,61684,0
202606,Commercial,Technical/Coding,Final Selection,Clinical Review,Approval,Approved,59,267506,0
202602,Medicaid,Data Mining,Approval,Approved,Audit,Desk Audit,30,154770,0
202602,Medicare,Coordination of Benefits,Inscope,In Scope,Initial Selection,Query,81,592191,0
202604,Medicare,Technical/Coding,Final Selection,Clinical Review,Approval,Rejected,75,645225,0
202602,Medicaid,Technical/Coding,Inscope,In Scope,Initial Selection,Query,56,136360,0
202601,Medicare,Technical/Coding,Audit,Field Audit,Finding,No Finding,44,322300,0
202606,Medicare,Clinical DRG,Approval,Approved,Audit,Desk Audit,22,80432,0
202601,Medicare,Data Mining,Inflow,Hotline,Inscope,In Scope,90,797850,0
202602,Commercial,Clinical DRG,Audit,Automated Review,Finding,No Finding,44,255860,0
202602,Commercial,Coordination of Benefits,Initial Selection,Query,Final Selection,Coding Review,12,31764,0
202603,Commercial,Data Mining,Approval,Approved,Audit,Desk Audit,15,78045,0
202601,Commercial,Coordination of Benefits,Audit,Automated Review,Finding,Overpayment,19,119320,25265
202605,Medicare,Data Mining,Initial Selection,Query,Final Selection,Coding Review,42,172872,0
202603,Commercial,Technical/Coding,Inflow,Hotline,Inscope,In Scope,196,1179528,0
202602,Medicaid,Technical/Coding,Final Selection,Coding Review,Approval,Approved,20,148860,0
202602,Commercial,Data Mining,Inscope,In Scope,Initial Selection,Query,74,492248,0
202602,Medicaid,Technical/Coding,Approval,Approved,Audit,Field Audit,37,70707,0
202602,Commercial,Data Mining,Approval,Approved,Audit,Automated Review,38,270028,0
202605,Medicare,Technical/Coding,Inflow,Hotline,Inscope,In Scope,78,185172,0
202605,Commercial,Coordination of Benefits,Approval,Approved,Audit,Automated Review,40,182880,0
202601,Commercial,Clinical DRG,Inscope,In Scope,Initial Selection,Manual,103,531274,0
202606,Commercial,Data Mining,Audit,Automated Review,Finding,No Finding,20,137860,0
202604,Medicare,Coordination of Benefits,Final Selection,Coding Review,Approval,Approved,26,218114,0
202605,Commercial,Data Mining,Inscope,In Scope,Initial Selection,Query,73,549836,0
202605,Medicare,Clinical DRG,Inscope,In Scope,Initial Selection,Manual,57,491112,0
202604,Medicaid,Technical/Coding,Inscope,In Scope,Initial Selection,Manual,122,954040,0
202604,Medicare,Data Mining,Initial Selection,Manual,Final Selection,Clinical Review,47,162902,0
202605,Commercial,Coordination of Benefits,Approval,Approved,Audit,Automated Review,17,28203,0
202602,Commercial,Coordination of Benefits,Initial Selection,Experimental,Final Selection,Clinical Review,32,165344,0
202606,Commercial,Coordination of Benefits,Inscope,In Scope,Initial Selection,Query,90,505620,0
202602,Medicare,Clinical DRG,Inscope,In Scope,Initial Selection,Manual,57,434967,0
202604,Medicare,Data Mining,Audit,Field Audit,Finding,Overpayment,41,121934,18312
202604,Commercial,Data Mining,Inscope,In Scope,Initial Selection,Manual,134,438850,0
202603,Commercial,Data Mining,Initial Selection,Experimental,Final Selection,Clinical Review,12,61080,0
202606,Medicaid,Clinical DRG,Inflow,Provider Referral,Inscope,In Scope,29,118204,0
202605,Commercial,Data Mining,Final Selection,Clinical Review,Approval,Approved,18,155430,0
202606,Medicare,Data Mining,Initial Selection,Query,Final Selection,Coding Review,50,396800,0
202605,Commercial,Technical/Coding,Audit,Field Audit,Finding,No Finding,31,141794,0
202606,Medicaid,Clinical DRG,Final Selection,Coding Review,Approval,Rejected,67,555095,0
202605,Commercial,Clinical DRG,Approval,Approved,Audit,Field Audit,30,119910,0
202606,Commercial,Coordination of Benefits,Audit,Automated Review,Finding,Overpayment,14,62538,14399
202602,Commercial,Coordination of Benefits,Final Selection,Coding Review,Approval,Pending,52,211016,0
202603,Medicaid,Technical/Coding,Audit,Desk Audit,Finding,No Finding,40,243920,0
202601,Commercial,Coordination of Benefits,Inscope,In Scope,Initial Selection,Query,72,372744,0
202603,Medicare,Technical/Coding,Final Selection,Coding Review,Approval,Approved,43,100663,0
202605,Commercial,Technical/Coding,Final Selection,Coding Review,Approval,Approved,23,103638,0
202601,Commercial,Data Mining,Approval,Approved,Audit,Field Audit,29,56028,0
202604,Medicare,Coordination of Benefits,Inflow,Data Mining,Inscope,In Scope,152,1314648,0
202605,Commercial,Data Mining,Initial Selection,Query,Final Selection,Coding Review,56,165424,0
202603,Medicare,Coordination of Benefits,Inscope,In Scope,Initial Selection,Manual,90,582570,0
202603,Medicare,Clinical DRG,Inscope,In Scope,Initial Selection,Query,114,212382,0
202602,Commercial,Data Mining,Inflow,Provider Referral,Inscope,In Scope,31,102796,0
202603,Medicaid,Data Mining,Approval,Approved,Audit,Desk Audit,5,45055,0
202603,Commercial,Clinical DRG,Inscope,In Scope,Initial Selection,Manual,104,401648,0
202604,Medicaid,Clinical DRG,Audit,Automated Review,Finding,Documentation Error,26,58864,0
202602,Medicare,Clinical DRG,Initial Selection,Manual,Final Selection,Coding Review,37,279535,0
202605,Commercial,Data Mining,Audit,Field Audit,Finding,Documentation Error,26,209560,0
202604,Commercial,Clinical DRG,Audit,Automated Review,Finding,Documentation Error,6,11682,0
202603,Medicare,Coordination of Benefits,Approval,Approved,Audit,Desk Audit,26,69498,0
202605,Medicaid,Data Mining,Inflow,Provider Referral,Inscope,In Scope,143,596310,0
202603,Commercial,Clinical DRG,Inflow,Data Mining,Inscope,In Scope,239,2055400,0
202604,Medicare,Clinical DRG,Inflow,Provider Referral,Inscope,In Scope,128,1054720,0
202603,Medicaid,Clinical DRG,Approval,Approved,Audit,Automated Review,40,81920,0
202604,Commercial,Clinical DRG,Approval,Approved,Audit,Field Audit,51,323238,0
202601,Medicare,Data Mining,Audit,Automated Review,Finding,No Finding,22,95744,0
202601,Commercial,Clinical DRG,Audit,Automated Review,Finding,No Finding,15,126390,0
202605,Medicaid,Data Mining,Inflow,Random Sample,Inscope,In Scope,139,309831,0
202604,Medicare,Clinical DRG,Audit,Field Audit,Finding,No Finding,14,90916,0
202602,Commercial,Technical/Coding,Approval,Approved,Audit,Desk Audit,43,104490,0
202605,Medicaid,Clinical DRG,Inscope,In Scope,Initial Selection,Manual,47,103776,0
202602,Medicaid,Coordination of Benefits,Inscope,In Scope,Initial Selection,Manual,135,1109970,0
202603,Medicare,Clinical DRG,Inscope,In Scope,Initial Selection,Experimental,39,361296,0
202604,Medicaid,Coordination of Benefits,Approval,Approved,Audit,Desk Audit,38,200526,0
202603,Commercial,Clinical DRG,Final Selection,Coding Review,Approval,Approved,57,519897,0
202602,Medicaid,Technical/Coding,Audit,Desk Audit,Finding,No Finding,7,33467,0
202605,Medicaid,Clinical DRG,Final Selection,Coding Review,Approval,Approved,14,41664,0
202601,Medicare,Data Mining,Inflow,Provider Referral,Inscope,In Scope,60,423900,0
202606,Medicare,Technical/Coding,Audit,Automated Review,Finding,No Finding,17,54434,0
202601,Medicare,Coordination of Benefits,Initial Selection,Experimental,Final Selection,Coding Review,51,402849,0
202604,Commercial,Technical/Coding,Inflow,Random Sample,Inscope,In Scope,78,198276,0
202603,Commercial,Coordination of Benefits,Approval,Approved,Audit,Field Audit,35,200760,0
202606,Commercial,Clinical DRG,Inflow,Random Sample,Inscope,In Scope,180,1412640,0
202604,Commercial,Clinical DRG,Initial Selection,Query,Final Selection,Clinical Review,23,53567,0
202601,Medicare,Clinical DRG,Inscope,In Scope,Initial Selection,Manual,51,250767,0
202603,Medicare,Clinical DRG,Initial Selection,Query,Final Selection,Coding Review,101,498334,0
202601,Commercial,Clinical DRG,Audit,Automated Review,Finding,No Finding,9,33318,0
202601,Commercial,Technical/Coding,Initial Selection,Query,Final Selection,Coding Review,30,116910,0
202605,Medicaid,Clinical DRG,Final Selection,Clinical Review,Approval,Approved,69,590640,0
202606,Medicaid,Clinical DRG,Final Selection,Clinical Review,Approval,Approved,42,157416,0
202603,Medicaid,Data Mining,Approval,Approved,Audit,Field Audit,38,230850,0
202603,Commercial,Clinical DRG,Final Selection,Coding Review,Approval,Approved,27,60480,0
202603,Medicare,Clinical DRG,Initial Selection,Experimental,Final Selection,Clinical Review,83,434007,0
202604,Medicare,Coordination of Benefits,Inscope,In Scope,Initial Selection,Query,153,734247,0
202605,Medicare,Coordination of Benefits,Inscope,In Scope,Initial Selection,Manual,69,390402,0
202602,Commercial,Data Mining,Inflow,Random Sample,Inscope,Out of Scope,173,1286082,0
202604,Commercial,Coordination of Benefits,Approval,Approved,Audit,Desk Audit,40,379200,0
202606,Medicaid,Technical/Coding,Approval,Approved,Audit,Automated Review,10,25900,0
202604,Medicaid,Technical/Coding,Audit,Automated Review,Finding,No Finding,4,31564,0
202602,Medicaid,Technical/Coding,Initial Selection,Query,Final Selection,Coding Review,60,546960,0
202606,Commercial,Data Mining,Final Selection,Clinical Review,Approval,Approved,28,131600,0
202602,Medicaid,Data Mining,Audit,Field Audit,Finding,Overpayment,6,53676,8200
202604,Medicare,Technical/Coding,Inflow,Data Mining,Inscope,In Scope,111,340548,0
